Timestamp,Motion_Type,Current_Pose,Target_Pose,Motor_Positions,Limit_State
2025-10-20 10:57:03,2,"[-0.000666666601318866, -45.0, 4.16666662205285e-06]",[0. 5. 0.],"[45.0, -0.003000000026077032, -0.0010000000474974513]","[2, 2]"
2025-10-20 10:57:04,Motion_Completed,"[-0.000666666601318866, -40.03099822998047, 4.16666662205285e-06]","[40.0, -0.0030000000260770325, -0.0010000000474974515]","[40.03099822998047, -0.003000000026077032, -0.0010000000474974513]","[2, 2]"
2025-10-20 10:57:04,Motion_Completed,"[-0.000666666601318866, -39.999000549316406, 4.16666662205285e-06]","[40.0, -0.0030000000260770325, -0.0010000000474974515]","[39.999000549316406, -0.003000000026077032, -0.0010000000474974513]","[2, 2]"
2025-10-20 10:57:04,Motion_Completed,"[-0.000666666601318866, -39.9900016784668, 4.16666662205285e-06]","[40.0, -0.0030000000260770325, -0.0010000000474974515]","[39.9900016784668, -0.003000000026077032, -0.0010000000474974513]","[2, 2]"
2025-10-20 10:57:04,Motion_Completed,"[-0.000666666601318866, -39.98899841308594, 4.16666662205285e-06]","[40.0, -0.0030000000260770325, -0.0010000000474974515]","[39.98899841308594, -0.003000000026077032, -0.0010000000474974513]","[2, 2]"
2025-10-20 10:57:04,Motion_Completed,"[-0.000666666601318866, -39.98899841308594, 4.16666662205285e-06]","[40.0, -0.0030000000260770325, -0.0010000000474974515]","[39.98899841308594, -0.003000000026077032, -0.0010000000474974513]","[2, 2]"
2025-10-20 10:57:04,Motion_Completed,"[-0.000666666601318866, -39.98899841308594, 4.16666662205285e-06]","[40.0, -0.0030000000260770325, -0.0010000000474974515]","[39.98899841308594, -0.003000000026077032, -0.0010000000474974513]","[2, 2]"
2025-10-20 10:57:04,Motion_Completed,"[-0.000666666601318866, -39.98899841308594, 4.16666662205285e-06]","[40.0, -0.0030000000260770325, -0.0010000000474974515]","[39.98899841308594, -0.003000000026077032, -0.0010000000474974513]","[2, 2]"
2025-10-20 10:57:04,Motion_Completed,"[-0.000666666601318866, -39.98899841308594, 4.16666662205285e-06]","[40.0, -0.0030000000260770325, -0.0010000000474974515]","[39.98899841308594, -0.003000000026077032, -0.0010000000474974513]","[2, 2]"
2025-10-20 10:57:04,Motion_Completed,"[-0.000666666601318866, -39.98899841308594, 4.16666662205285e-06]","[40.0, -0.0030000000260770325, -0.0010000000474974515]","[39.98899841308594, -0.003000000026077032, -0.0010000000474974513]","[2, 2]"
2025-10-20 10:57:05,Motion_Completed,"[-0.000666666601318866, -39.9900016784668, 4.16666662205285e-06]","[40.0, -0.0030000000260770325, -0.0010000000474974515]","[39.9900016784668, -0.003000000026077032, -0.0010000000474974513]","[2, 2]"
2025-10-20 10:57:05,Motion_Completed,"[-0.000666666601318866, -39.9900016784668, 4.16666662205285e-06]","[40.0, -0.0030000000260770325, -0.0010000000474974515]","[39.9900016784668, -0.003000000026077032, -0.0010000000474974513]","[2, 2]"
2025-10-20 10:57:05,Motion_Completed,"[-0.000666666601318866, -39.9900016784668, 4.16666662205285e-06]","[40.0, -0.0030000000260770325, -0.0010000000474974515]","[39.9900016784668, -0.003000000026077032, -0.0010000000474974513]","[2, 2]"
2025-10-20 10:57:05,Motion_Completed,"[-0.000666666601318866, -39.9900016784668, 4.16666662205285e-06]","[40.0, -0.0030000000260770325, -0.0010000000474974515]","[39.9900016784668, -0.003000000026077032, -0.0010000000474974513]","[2, 2]"
2025-10-20 10:57:05,Motion_Completed,"[-0.000666666601318866, -39.9900016784668, 4.16666662205285e-06]","[40.0, -0.0030000000260770325, -0.0010000000474974515]","[39.9900016784668, -0.003000000026077032, -0.0010000000474974513]","[2, 2]"
2025-10-20 10:57:05,Motion_Completed,"[-0.000666666601318866, -39.9900016784668, 4.16666662205285e-06]","[40.0, -0.0030000000260770325, -0.0010000000474974515]","[39.9900016784668, -0.003000000026077032, -0.0010000000474974513]","[2, 2]"
2025-10-20 10:57:05,Motion_Completed,"[-0.000666666601318866, -39.9900016784668, 4.16666662205285e-06]","[40.0, -0.0030000000260770325, -0.0010000000474974515]","[39.9900016784668, -0.003000000026077032, -0.0010000000474974513]","[2, 2]"
2025-10-20 10:57:05,Motion_Completed,"[-0.000666666601318866, -39.99100112915039, 4.16666662205285e-06]","[40.0, -0.0030000000260770325, -0.0010000000474974515]","[39.99100112915039, -0.003000000026077032, -0.0010000000474974513]","[2, 2]"
2025-10-20 10:57:05,Motion_Completed,"[-0.000666666601318866, -39.99100112915039, 4.16666662205285e-06]","[40.0, -0.0030000000260770325, -0.0010000000474974515]","[39.99100112915039, -0.003000000026077032, -0.0010000000474974513]","[2, 2]"
2025-10-20 10:57:05,Motion_Completed,"[-0.000666666601318866, -39.99100112915039, 4.16666662205285e-06]","[40.0, -0.0030000000260770325, -0.0010000000474974515]","[39.99100112915039, -0.003000000026077032, -0.0010000000474974513]","[2, 2]"
2025-10-20 10:57:05,Motion_Completed,"[-0.000666666601318866, -39.99100112915039, 4.16666662205285e-06]","[40.0, -0.0030000000260770325, -0.0010000000474974515]","[39.99100112915039, -0.003000000026077032, -0.0010000000474974513]","[2, 2]"
2025-10-20 10:57:05,Motion_Completed,"[-0.000666666601318866, -39.992000579833984, 4.16666662205285e-06]","[40.0, -0.0030000000260770325, -0.0010000000474974515]","[39.992000579833984, -0.003000000026077032, -0.0010000000474974513]","[2, 2]"
2025-10-20 10:57:05,Motion_Completed,"[-0.000666666601318866, -39.992000579833984, 4.16666662205285e-06]","[40.0, -0.0030000000260770325, -0.0010000000474974515]","[39.992000579833984, -0.003000000026077032, -0.0010000000474974513]","[2, 2]"
2025-10-20 10:57:05,Motion_Completed,"[-0.000666666601318866, -39.992000579833984, 4.16666662205285e-06]","[40.0, -0.0030000000260770325, -0.0010000000474974515]","[39.992000579833984, -0.003000000026077032, -0.0010000000474974513]","[2, 2]"
2025-10-20 10:57:05,Motion_Completed,"[-0.000666666601318866, -39.99300003051758, 4.16666662205285e-06]","[40.0, -0.0030000000260770325, -0.0010000000474974515]","[39.99300003051758, -0.003000000026077032, -0.0010000000474974513]","[2, 2]"
2025-10-20 10:57:05,Motion_Completed,"[-0.000666666601318866, -39.99300003051758, 4.16666662205285e-06]","[40.0, -0.0030000000260770325, -0.0010000000474974515]","[39.99300003051758, -0.003000000026077032, -0.0010000000474974513]","[2, 2]"
2025-10-20 10:57:05,Motion_Completed,"[-0.000666666601318866, -39.99300003051758, 4.16666662205285e-06]","[40.0, -0.0030000000260770325, -0.0010000000474974515]","[39.99300003051758, -0.003000000026077032, -0.0010000000474974513]","[2, 2]"
2025-10-20 10:57:05,Motion_Completed,"[-0.000666666601318866, -39.99399948120117, 4.16666662205285e-06]","[40.0, -0.0030000000260770325, -0.0010000000474974515]","[39.99399948120117, -0.003000000026077032, -0.0010000000474974513]","[2, 2]"
2025-10-20 10:57:05,Motion_Completed,"[-0.000666666601318866, -39.99399948120117, 4.16666662205285e-06]","[40.0, -0.0030000000260770325, -0.0010000000474974515]","[39.99399948120117, -0.003000000026077032, -0.0010000000474974513]","[2, 2]"
2025-10-20 10:57:05,Motion_Completed,"[-0.000666666601318866, -39.99399948120117, 4.16666662205285e-06]","[40.0, -0.0030000000260770325, -0.0010000000474974515]","[39.99399948120117, -0.003000000026077032, -0.0010000000474974513]","[2, 2]"
2025-10-20 10:57:05,Motion_Completed,"[-0.000666666601318866, -39.994998931884766, 4.16666662205285e-06]","[40.0, -0.0030000000260770325, -0.0010000000474974515]","[39.994998931884766, -0.003000000026077032, -0.0010000000474974513]","[2, 2]"
2025-10-20 10:57:05,Motion_Completed,"[-0.000666666601318866, -39.994998931884766, 4.16666662205285e-06]","[40.0, -0.0030000000260770325, -0.0010000000474974515]","[39.994998931884766, -0.003000000026077032, -0.0010000000474974513]","[2, 2]"
2025-10-20 10:57:05,Motion_Completed,"[-0.000666666601318866, -39.994998931884766, 4.16666662205285e-06]","[40.0, -0.0030000000260770325, -0.0010000000474974515]","[39.994998931884766, -0.003000000026077032, -0.0010000000474974513]","[2, 2]"
2025-10-20 10:57:05,Motion_Completed,"[-0.000666666601318866, -39.99599838256836, 4.16666662205285e-06]","[40.0, -0.0030000000260770325, -0.0010000000474974515]","[39.99599838256836, -0.003000000026077032, -0.0010000000474974513]","[2, 2]"
2025-10-20 10:57:05,Motion_Completed,"[-0.000666666601318866, -39.99599838256836, 4.16666662205285e-06]","[40.0, -0.0030000000260770325, -0.0010000000474974515]","[39.99599838256836, -0.003000000026077032, -0.0010000000474974513]","[2, 2]"
2025-10-20 10:57:06,Motion_Completed,"[-0.000666666601318866, -39.99599838256836, 4.16666662205285e-06]","[40.0, -0.0030000000260770325, -0.0010000000474974515]","[39.99599838256836, -0.003000000026077032, -0.0010000000474974513]","[2, 2]"
2025-10-20 10:57:06,Motion_Completed,"[-0.000666666601318866, -39.99700164794922, 4.16666662205285e-06]","[40.0, -0.0030000000260770325, -0.0010000000474974515]","[39.99700164794922, -0.003000000026077032, -0.0010000000474974513]","[2, 2]"
2025-10-20 10:57:06,Motion_Completed,"[-0.000666666601318866, -39.99700164794922, 4.16666662205285e-06]","[40.0, -0.0030000000260770325, -0.0010000000474974515]","[39.99700164794922, -0.003000000026077032, -0.0010000000474974513]","[2, 2]"
2025-10-20 10:57:06,Motion_Completed,"[-0.000666666601318866, -39.99700164794922, 4.16666662205285e-06]","[40.0, -0.0030000000260770325, -0.0010000000474974515]","[39.99700164794922, -0.003000000026077032, -0.0010000000474974513]","[2, 2]"
2025-10-20 10:57:06,Motion_Completed,"[-0.000666666601318866, -39.99800109863281, 4.16666662205285e-06]","[40.0, -0.0030000000260770325, -0.0010000000474974515]","[39.99800109863281, -0.003000000026077032, -0.0010000000474974513]","[2, 2]"
2025-10-20 10:57:06,Motion_Completed,"[-0.000666666601318866, -39.99800109863281, 4.16666662205285e-06]","[40.0, -0.0030000000260770325, -0.0010000000474974515]","[39.99800109863281, -0.003000000026077032, -0.0010000000474974513]","[2, 2]"
2025-10-20 10:57:06,Motion_Completed,"[-0.000666666601318866, -39.999000549316406, 4.16666662205285e-06]","[40.0, -0.0030000000260770325, -0.0010000000474974515]","[39.999000549316406, -0.003000000026077032, -0.0010000000474974513]","[2, 2]"
2025-10-20 10:57:06,Motion_Completed,"[-0.000666666601318866, -39.999000549316406, 4.16666662205285e-06]","[40.0, -0.0030000000260770325, -0.0010000000474974515]","[39.999000549316406, -0.003000000026077032, -0.0010000000474974513]","[2, 2]"
2025-10-20 10:57:06,Motion_Completed,"[-0.000666666601318866, -39.999000549316406, 4.16666662205285e-06]","[40.0, -0.0030000000260770325, -0.0010000000474974515]","[39.999000549316406, -0.003000000026077032, -0.0010000000474974513]","[2, 2]"
2025-10-20 10:57:06,Motion_Completed,"[-0.000666666601318866, -40.0, 4.16666662205285e-06]","[40.0, -0.0030000000260770325, -0.0010000000474974515]","[40.0, -0.003000000026077032, -0.0010000000474974513]","[2, 2]"
2025-10-20 10:57:06,Motion_Completed,"[-0.000666666601318866, -40.0, 4.16666662205285e-06]","[40.0, -0.0030000000260770325, -0.0010000000474974515]","[40.0, -0.003000000026077032, -0.0010000000474974513]","[2, 2]"
2025-10-20 10:57:06,Motion_Completed,"[-0.000666666601318866, -40.0, 4.16666662205285e-06]","[40.0, -0.0030000000260770325, -0.0010000000474974515]","[40.0, -0.003000000026077032, -0.0010000000474974513]","[2, 2]"
2025-10-20 10:57:06,2,"[-0.000666666601318866, -40.0, 4.16666662205285e-06]",[ 0. -5.  0.],"[40.0, -0.003000000026077032, -0.0010000000474974513]","[2, 2]"
2025-10-20 10:57:07,Motion_Completed,"[-0.000666666601318866, -44.974998474121094, 4.16666662205285e-06]","[45.0, -0.0030000000260770325, -0.0010000000474974515]","[44.974998474121094, -0.003000000026077032, -0.0010000000474974513]","[2, 2]"
2025-10-20 10:57:07,Motion_Completed,"[-0.000666666601318866, -44.99599838256836, 4.16666662205285e-06]","[45.0, -0.0030000000260770325, -0.0010000000474974515]","[44.99599838256836, -0.003000000026077032, -0.0010000000474974513]","[2, 2]"
2025-10-20 10:57:07,Motion_Completed,"[-0.000666666601318866, -45.0, 4.16666662205285e-06]","[45.0, -0.0030000000260770325, -0.0010000000474974515]","[45.0, -0.003000000026077032, -0.0010000000474974513]","[2, 2]"
2025-10-20 10:57:07,Motion_Completed,"[-0.000666666601318866, -45.000999450683594, 4.16666662205285e-06]","[45.0, -0.0030000000260770325, -0.0010000000474974515]","[45.000999450683594, -0.003000000026077032, -0.0010000000474974513]","[2, 2]"
2025-10-20 10:57:07,Motion_Completed,"[-0.000666666601318866, -45.00199890136719, 4.16666662205285e-06]","[45.0, -0.0030000000260770325, -0.0010000000474974515]","[45.00199890136719, -0.003000000026077032, -0.0010000000474974513]","[2, 2]"
2025-10-20 10:57:07,Motion_Completed,"[-0.000666666601318866, -45.00199890136719, 4.16666662205285e-06]","[45.0, -0.0030000000260770325, -0.0010000000474974515]","[45.00199890136719, -0.003000000026077032, -0.0010000000474974513]","[2, 2]"
2025-10-20 10:57:07,Motion_Completed,"[-0.000666666601318866, -45.00299835205078, 4.16666662205285e-06]","[45.0, -0.0030000000260770325, -0.0010000000474974515]","[45.00299835205078, -0.003000000026077032, -0.0010000000474974513]","[2, 2]"
2025-10-20 10:57:07,Motion_Completed,"[-0.000666666601318866, -45.00299835205078, 4.16666662205285e-06]","[45.0, -0.0030000000260770325, -0.0010000000474974515]","[45.00299835205078, -0.003000000026077032, -0.0010000000474974513]","[2, 2]"
2025-10-20 10:57:07,Motion_Completed,"[-0.000666666601318866, -45.00299835205078, 4.16666662205285e-06]","[45.0, -0.0030000000260770325, -0.0010000000474974515]","[45.00299835205078, -0.003000000026077032, -0.0010000000474974513]","[2, 2]"
2025-10-20 10:57:07,Motion_Completed,"[-0.000666666601318866, -45.00299835205078, 4.16666662205285e-06]","[45.0, -0.0030000000260770325, -0.0010000000474974515]","[45.00299835205078, -0.003000000026077032, -0.0010000000474974513]","[2, 2]"
2025-10-20 10:57:07,Motion_Completed,"[-0.000666666601318866, -45.00299835205078, 4.16666662205285e-06]","[45.0, -0.0030000000260770325, -0.0010000000474974515]","[45.00299835205078, -0.003000000026077032, -0.0010000000474974513]","[2, 2]"
2025-10-20 10:57:07,Motion_Completed,"[-0.000666666601318866, -45.00299835205078, 4.16666662205285e-06]","[45.0, -0.0030000000260770325, -0.0010000000474974515]","[45.00299835205078, -0.003000000026077032, -0.0010000000474974513]","[2, 2]"
2025-10-20 10:57:08,Motion_Completed,"[-0.000666666601318866, -45.00299835205078, 4.16666662205285e-06]","[45.0, -0.0030000000260770325, -0.0010000000474974515]","[45.00299835205078, -0.003000000026077032, -0.0010000000474974513]","[2, 2]"
2025-10-20 10:57:08,Motion_Completed,"[-0.000666666601318866, -45.00299835205078, 4.16666662205285e-06]","[45.0, -0.0030000000260770325, -0.0010000000474974515]","[45.00299835205078, -0.003000000026077032, -0.0010000000474974513]","[2, 2]"
2025-10-20 10:57:08,Motion_Completed,"[-0.000666666601318866, -45.00299835205078, 4.16666662205285e-06]","[45.0, -0.0030000000260770325, -0.0010000000474974515]","[45.00299835205078, -0.003000000026077032, -0.0010000000474974513]","[2, 2]"
2025-10-20 10:57:08,Motion_Completed,"[-0.000666666601318866, -45.00299835205078, 4.16666662205285e-06]","[45.0, -0.0030000000260770325, -0.0010000000474974515]","[45.00299835205078, -0.003000000026077032, -0.0010000000474974513]","[2, 2]"
2025-10-20 10:57:08,Motion_Completed,"[-0.000666666601318866, -45.00299835205078, 4.16666662205285e-06]","[45.0, -0.0030000000260770325, -0.0010000000474974515]","[45.00299835205078, -0.003000000026077032, -0.0010000000474974513]","[2, 2]"
2025-10-20 10:57:08,Motion_Completed,"[-0.000666666601318866, -45.00299835205078, 4.16666662205285e-06]","[45.0, -0.0030000000260770325, -0.0010000000474974515]","[45.00299835205078, -0.003000000026077032, -0.0010000000474974513]","[2, 2]"
2025-10-20 10:57:08,Motion_Completed,"[-0.000666666601318866, -45.00299835205078, 4.16666662205285e-06]","[45.0, -0.0030000000260770325, -0.0010000000474974515]","[45.00299835205078, -0.003000000026077032, -0.0010000000474974513]","[2, 2]"
2025-10-20 10:57:08,Motion_Completed,"[-0.000666666601318866, -45.00299835205078, 4.16666662205285e-06]","[45.0, -0.0030000000260770325, -0.0010000000474974515]","[45.00299835205078, -0.003000000026077032, -0.0010000000474974513]","[2, 2]"
2025-10-20 10:57:08,Motion_Completed,"[-0.000666666601318866, -45.00299835205078, 4.16666662205285e-06]","[45.0, -0.0030000000260770325, -0.0010000000474974515]","[45.00299835205078, -0.003000000026077032, -0.0010000000474974513]","[2, 2]"
2025-10-20 10:57:08,Motion_Completed,"[-0.000666666601318866, -45.00299835205078, 4.16666662205285e-06]","[45.0, -0.0030000000260770325, -0.0010000000474974515]","[45.00299835205078, -0.003000000026077032, -0.0010000000474974513]","[2, 2]"
2025-10-20 10:57:08,Motion_Completed,"[-0.000666666601318866, -45.00199890136719, 4.16666662205285e-06]","[45.0, -0.0030000000260770325, -0.0010000000474974515]","[45.00199890136719, -0.003000000026077032, -0.0010000000474974513]","[2, 2]"
2025-10-20 10:57:08,Motion_Completed,"[-0.000666666601318866, -45.00199890136719, 4.16666662205285e-06]","[45.0, -0.0030000000260770325, -0.0010000000474974515]","[45.00199890136719, -0.003000000026077032, -0.0010000000474974513]","[2, 2]"
2025-10-20 10:57:08,Motion_Completed,"[-0.000666666601318866, -45.00199890136719, 4.16666662205285e-06]","[45.0, -0.0030000000260770325, -0.0010000000474974515]","[45.00199890136719, -0.003000000026077032, -0.0010000000474974513]","[2, 2]"
2025-10-20 10:57:08,Motion_Completed,"[-0.000666666601318866, -45.00199890136719, 4.16666662205285e-06]","[45.0, -0.0030000000260770325, -0.0010000000474974515]","[45.00199890136719, -0.003000000026077032, -0.0010000000474974513]","[2, 2]"
2025-10-20 10:57:08,Motion_Completed,"[-0.000666666601318866, -45.00199890136719, 4.16666662205285e-06]","[45.0, -0.0030000000260770325, -0.0010000000474974515]","[45.00199890136719, -0.003000000026077032, -0.0010000000474974513]","[2, 2]"
2025-10-20 10:57:08,Motion_Completed,"[-0.000666666601318866, -45.00199890136719, 4.16666662205285e-06]","[45.0, -0.0030000000260770325, -0.0010000000474974515]","[45.00199890136719, -0.003000000026077032, -0.0010000000474974513]","[2, 2]"
2025-10-20 10:57:08,Motion_Completed,"[-0.000666666601318866, -45.00199890136719, 4.16666662205285e-06]","[45.0, -0.0030000000260770325, -0.0010000000474974515]","[45.00199890136719, -0.003000000026077032, -0.0010000000474974513]","[2, 2]"
2025-10-20 10:57:08,Motion_Completed,"[-0.000666666601318866, -45.00199890136719, 4.16666662205285e-06]","[45.0, -0.0030000000260770325, -0.0010000000474974515]","[45.00199890136719, -0.003000000026077032, -0.0010000000474974513]","[2, 2]"
2025-10-20 10:57:08,Motion_Completed,"[-0.000666666601318866, -45.00199890136719, 4.16666662205285e-06]","[45.0, -0.0030000000260770325, -0.0010000000474974515]","[45.00199890136719, -0.003000000026077032, -0.0010000000474974513]","[2, 2]"
2025-10-20 10:57:08,Motion_Completed,"[-0.000666666601318866, -45.00199890136719, 4.16666662205285e-06]","[45.0, -0.0030000000260770325, -0.0010000000474974515]","[45.00199890136719, -0.003000000026077032, -0.0010000000474974513]","[2, 2]"
2025-10-20 10:57:08,Motion_Completed,"[-0.000666666601318866, -45.00199890136719, 4.16666662205285e-06]","[45.0, -0.0030000000260770325, -0.0010000000474974515]","[45.00199890136719, -0.003000000026077032, -0.0010000000474974513]","[2, 2]"
2025-10-20 10:57:08,Motion_Completed,"[-0.000666666601318866, -45.00199890136719, 4.16666662205285e-06]","[45.0, -0.0030000000260770325, -0.0010000000474974515]","[45.00199890136719, -0.003000000026077032, -0.0010000000474974513]","[2, 2]"
2025-10-20 10:57:08,Motion_Completed,"[-0.000666666601318866, -45.00199890136719, 4.16666662205285e-06]","[45.0, -0.0030000000260770325, -0.0010000000474974515]","[45.00199890136719, -0.003000000026077032, -0.0010000000474974513]","[2, 2]"
2025-10-20 10:57:08,Motion_Completed,"[-0.000666666601318866, -45.00199890136719, 4.16666662205285e-06]","[45.0, -0.0030000000260770325, -0.0010000000474974515]","[45.00199890136719, -0.003000000026077032, -0.0010000000474974513]","[2, 2]"
2025-10-20 10:57:08,Motion_Completed,"[-0.000666666601318866, -45.00199890136719, 4.16666662205285e-06]","[45.0, -0.0030000000260770325, -0.0010000000474974515]","[45.00199890136719, -0.003000000026077032, -0.0010000000474974513]","[2, 2]"
2025-10-20 10:57:09,Motion_Completed,"[-0.000666666601318866, -45.00199890136719, 4.16666662205285e-06]","[45.0, -0.0030000000260770325, -0.0010000000474974515]","[45.00199890136719, -0.003000000026077032, -0.0010000000474974513]","[2, 2]"
2025-10-20 10:57:09,Motion_Completed,"[-0.000666666601318866, -45.00199890136719, 4.16666662205285e-06]","[45.0, -0.0030000000260770325, -0.0010000000474974515]","[45.00199890136719, -0.003000000026077032, -0.0010000000474974513]","[2, 2]"
2025-10-20 10:57:09,Motion_Completed,"[-0.000666666601318866, -45.00199890136719, 4.16666662205285e-06]","[45.0, -0.0030000000260770325, -0.0010000000474974515]","[45.00199890136719, -0.003000000026077032, -0.0010000000474974513]","[2, 2]"
2025-10-20 10:57:09,Motion_Completed,"[-0.000666666601318866, -45.00199890136719, 4.16666662205285e-06]","[45.0, -0.0030000000260770325, -0.0010000000474974515]","[45.00199890136719, -0.003000000026077032, -0.0010000000474974513]","[2, 2]"
2025-10-20 10:57:09,Motion_Completed,"[-0.000666666601318866, -45.00199890136719, 4.16666662205285e-06]","[45.0, -0.0030000000260770325, -0.0010000000474974515]","[45.00199890136719, -0.003000000026077032, -0.0010000000474974513]","[2, 2]"
2025-10-20 10:57:09,Motion_Completed,"[-0.000666666601318866, -45.00199890136719, 4.16666662205285e-06]","[45.0, -0.0030000000260770325, -0.0010000000474974515]","[45.00199890136719, -0.003000000026077032, -0.0010000000474974513]","[2, 2]"
2025-10-20 10:57:09,Motion_Completed,"[-0.000666666601318866, -45.00199890136719, 4.16666662205285e-06]","[45.0, -0.0030000000260770325, -0.0010000000474974515]","[45.00199890136719, -0.003000000026077032, -0.0010000000474974513]","[2, 2]"
2025-10-20 10:57:09,Motion_Completed,"[-0.000666666601318866, -45.00199890136719, 4.16666662205285e-06]","[45.0, -0.0030000000260770325, -0.0010000000474974515]","[45.00199890136719, -0.003000000026077032, -0.0010000000474974513]","[2, 2]"
2025-10-20 10:57:09,Motion_Completed,"[-0.000666666601318866, -45.00199890136719, 4.16666662205285e-06]","[45.0, -0.0030000000260770325, -0.0010000000474974515]","[45.00199890136719, -0.003000000026077032, -0.0010000000474974513]","[2, 2]"
2025-10-20 10:57:09,Motion_Completed,"[-0.000666666601318866, -45.00199890136719, 4.16666662205285e-06]","[45.0, -0.0030000000260770325, -0.0010000000474974515]","[45.00199890136719, -0.003000000026077032, -0.0010000000474974513]","[2, 2]"
2025-10-20 10:57:09,Motion_Completed,"[-0.000666666601318866, -45.00199890136719, 4.16666662205285e-06]","[45.0, -0.0030000000260770325, -0.0010000000474974515]","[45.00199890136719, -0.003000000026077032, -0.0010000000474974513]","[2, 2]"
2025-10-20 10:57:09,Motion_Completed,"[-0.000666666601318866, -45.00199890136719, 4.16666662205285e-06]","[45.0, -0.0030000000260770325, -0.0010000000474974515]","[45.00199890136719, -0.003000000026077032, -0.0010000000474974513]","[2, 2]"
2025-10-20 10:57:09,Motion_Completed,"[-0.000666666601318866, -45.00199890136719, 4.16666662205285e-06]","[45.0, -0.0030000000260770325, -0.0010000000474974515]","[45.00199890136719, -0.003000000026077032, -0.0010000000474974513]","[2, 2]"
2025-10-20 10:57:09,Motion_Completed,"[-0.000666666601318866, -45.00199890136719, 4.16666662205285e-06]","[45.0, -0.0030000000260770325, -0.0010000000474974515]","[45.00199890136719, -0.003000000026077032, -0.0010000000474974513]","[2, 2]"
2025-10-20 10:57:09,Motion_Completed,"[-0.000666666601318866, -45.00199890136719, 4.16666662205285e-06]","[45.0, -0.0030000000260770325, -0.0010000000474974515]","[45.00199890136719, -0.003000000026077032, -0.0010000000474974513]","[2, 2]"
2025-10-20 10:57:09,Motion_Completed,"[-0.000666666601318866, -45.00199890136719, 4.16666662205285e-06]","[45.0, -0.0030000000260770325, -0.0010000000474974515]","[45.00199890136719, -0.003000000026077032, -0.0010000000474974513]","[2, 2]"
2025-10-20 10:57:09,Motion_Completed,"[-0.000666666601318866, -45.00199890136719, 4.16666662205285e-06]","[45.0, -0.0030000000260770325, -0.0010000000474974515]","[45.00199890136719, -0.003000000026077032, -0.0010000000474974513]","[2, 2]"
2025-10-20 10:57:09,Motion_Completed,"[-0.000666666601318866, -45.00199890136719, 4.16666662205285e-06]","[45.0, -0.0030000000260770325, -0.0010000000474974515]","[45.00199890136719, -0.003000000026077032, -0.0010000000474974513]","[2, 2]"
2025-10-20 10:57:09,Motion_Completed,"[-0.000666666601318866, -45.00199890136719, 4.16666662205285e-06]","[45.0, -0.0030000000260770325, -0.0010000000474974515]","[45.00199890136719, -0.003000000026077032, -0.0010000000474974513]","[2, 2]"
2025-10-20 10:57:09,Motion_Completed,"[-0.000666666601318866, -45.00199890136719, 4.16666662205285e-06]","[45.0, -0.0030000000260770325, -0.0010000000474974515]","[45.00199890136719, -0.003000000026077032, -0.0010000000474974513]","[2, 2]"
2025-10-20 10:57:09,Motion_Completed,"[-0.000666666601318866, -45.00199890136719, 4.16666662205285e-06]","[45.0, -0.0030000000260770325, -0.0010000000474974515]","[45.00199890136719, -0.003000000026077032, -0.0010000000474974513]","[2, 2]"
2025-10-20 10:57:09,Motion_Completed,"[-0.000666666601318866, -45.000999450683594, 4.16666662205285e-06]","[45.0, -0.0030000000260770325, -0.0010000000474974515]","[45.000999450683594, -0.003000000026077032, -0.0010000000474974513]","[2, 2]"
2025-10-20 10:57:09,Motion_Completed,"[-0.000666666601318866, -45.000999450683594, 4.16666662205285e-06]","[45.0, -0.0030000000260770325, -0.0010000000474974515]","[45.000999450683594, -0.003000000026077032, -0.0010000000474974513]","[2, 2]"
2025-10-20 10:57:09,Motion_Completed,"[-0.000666666601318866, -45.000999450683594, 4.16666662205285e-06]","[45.0, -0.0030000000260770325, -0.0010000000474974515]","[45.000999450683594, -0.003000000026077032, -0.0010000000474974513]","[2, 2]"
2025-10-20 10:57:09,Motion_Completed,"[-0.000666666601318866, -45.000999450683594, 4.16666662205285e-06]","[45.0, -0.0030000000260770325, -0.0010000000474974515]","[45.000999450683594, -0.003000000026077032, -0.0010000000474974513]","[2, 2]"
2025-10-20 10:57:10,Motion_Completed,"[-0.000666666601318866, -45.000999450683594, 4.16666662205285e-06]","[45.0, -0.0030000000260770325, -0.0010000000474974515]","[45.000999450683594, -0.003000000026077032, -0.0010000000474974513]","[2, 2]"
2025-10-20 10:57:10,Motion_Completed,"[-0.000666666601318866, -45.000999450683594, 4.16666662205285e-06]","[45.0, -0.0030000000260770325, -0.0010000000474974515]","[45.000999450683594, -0.003000000026077032, -0.0010000000474974513]","[2, 2]"
2025-10-20 10:57:10,Motion_Completed,"[-0.000666666601318866, -45.000999450683594, 4.16666662205285e-06]","[45.0, -0.0030000000260770325, -0.0010000000474974515]","[45.000999450683594, -0.003000000026077032, -0.0010000000474974513]","[2, 2]"
2025-10-20 10:57:10,Motion_Completed,"[-0.000666666601318866, -45.000999450683594, 4.16666662205285e-06]","[45.0, -0.0030000000260770325, -0.0010000000474974515]","[45.000999450683594, -0.003000000026077032, -0.0010000000474974513]","[2, 2]"
2025-10-20 10:57:10,Motion_Completed,"[-0.000666666601318866, -45.000999450683594, 4.16666662205285e-06]","[45.0, -0.0030000000260770325, -0.0010000000474974515]","[45.000999450683594, -0.003000000026077032, -0.0010000000474974513]","[2, 2]"
2025-10-20 10:57:10,Motion_Completed,"[-0.000666666601318866, -45.000999450683594, 4.16666662205285e-06]","[45.0, -0.0030000000260770325, -0.0010000000474974515]","[45.000999450683594, -0.003000000026077032, -0.0010000000474974513]","[2, 2]"
2025-10-20 10:57:10,Motion_Completed,"[-0.000666666601318866, -45.000999450683594, 4.16666662205285e-06]","[45.0, -0.0030000000260770325, -0.0010000000474974515]","[45.000999450683594, -0.003000000026077032, -0.0010000000474974513]","[2, 2]"
2025-10-20 10:57:10,Motion_Completed,"[-0.000666666601318866, -45.000999450683594, 4.16666662205285e-06]","[45.0, -0.0030000000260770325, -0.0010000000474974515]","[45.000999450683594, -0.003000000026077032, -0.0010000000474974513]","[2, 2]"
2025-10-20 10:57:10,Motion_Completed,"[-0.000666666601318866, -45.000999450683594, 4.16666662205285e-06]","[45.0, -0.0030000000260770325, -0.0010000000474974515]","[45.000999450683594, -0.003000000026077032, -0.0010000000474974513]","[2, 2]"
2025-10-20 10:57:10,Motion_Completed,"[-0.000666666601318866, -45.000999450683594, 4.16666662205285e-06]","[45.0, -0.0030000000260770325, -0.0010000000474974515]","[45.000999450683594, -0.003000000026077032, -0.0010000000474974513]","[2, 2]"
2025-10-20 10:57:10,Motion_Completed,"[-0.000666666601318866, -45.000999450683594, 4.16666662205285e-06]","[45.0, -0.0030000000260770325, -0.0010000000474974515]","[45.000999450683594, -0.003000000026077032, -0.0010000000474974513]","[2, 2]"
2025-10-20 10:57:10,Motion_Completed,"[-0.000666666601318866, -45.000999450683594, 4.16666662205285e-06]","[45.0, -0.0030000000260770325, -0.0010000000474974515]","[45.000999450683594, -0.003000000026077032, -0.0010000000474974513]","[2, 2]"
2025-10-20 10:57:10,Motion_Completed,"[-0.000666666601318866, -45.000999450683594, 4.16666662205285e-06]","[45.0, -0.0030000000260770325, -0.0010000000474974515]","[45.000999450683594, -0.003000000026077032, -0.0010000000474974513]","[2, 2]"
2025-10-20 10:57:10,Motion_Completed,"[-0.000666666601318866, -45.000999450683594, 4.16666662205285e-06]","[45.0, -0.0030000000260770325, -0.0010000000474974515]","[45.000999450683594, -0.003000000026077032, -0.0010000000474974513]","[2, 2]"
2025-10-20 10:57:10,Motion_Completed,"[-0.000666666601318866, -45.000999450683594, 4.16666662205285e-06]","[45.0, -0.0030000000260770325, -0.0010000000474974515]","[45.000999450683594, -0.003000000026077032, -0.0010000000474974513]","[2, 2]"
2025-10-20 10:57:10,Motion_Completed,"[-0.000666666601318866, -45.000999450683594, 4.16666662205285e-06]","[45.0, -0.0030000000260770325, -0.0010000000474974515]","[45.000999450683594, -0.003000000026077032, -0.0010000000474974513]","[2, 2]"
2025-10-20 10:57:10,Motion_Completed,"[-0.000666666601318866, -45.000999450683594, 4.16666662205285e-06]","[45.0, -0.0030000000260770325, -0.0010000000474974515]","[45.000999450683594, -0.003000000026077032, -0.0010000000474974513]","[2, 2]"
2025-10-20 10:57:10,Motion_Completed,"[-0.000666666601318866, -45.000999450683594, 4.16666662205285e-06]","[45.0, -0.0030000000260770325, -0.0010000000474974515]","[45.000999450683594, -0.003000000026077032, -0.0010000000474974513]","[2, 2]"
2025-10-20 10:57:10,Motion_Completed,"[-0.000666666601318866, -45.000999450683594, 4.16666662205285e-06]","[45.0, -0.0030000000260770325, -0.0010000000474974515]","[45.000999450683594, -0.003000000026077032, -0.0010000000474974513]","[2, 2]"
2025-10-20 10:57:10,Motion_Completed,"[-0.000666666601318866, -45.000999450683594, 4.16666662205285e-06]","[45.0, -0.0030000000260770325, -0.0010000000474974515]","[45.000999450683594, -0.003000000026077032, -0.0010000000474974513]","[2, 2]"
2025-10-20 10:57:10,Motion_Completed,"[-0.000666666601318866, -45.000999450683594, 4.16666662205285e-06]","[45.0, -0.0030000000260770325, -0.0010000000474974515]","[45.000999450683594, -0.003000000026077032, -0.0010000000474974513]","[2, 2]"
2025-10-20 10:57:10,Motion_Completed,"[-0.000666666601318866, -45.000999450683594, 4.16666662205285e-06]","[45.0, -0.0030000000260770325, -0.0010000000474974515]","[45.000999450683594, -0.003000000026077032, -0.0010000000474974513]","[2, 2]"
2025-10-20 10:57:10,Motion_Completed,"[-0.000666666601318866, -45.000999450683594, 4.16666662205285e-06]","[45.0, -0.0030000000260770325, -0.0010000000474974515]","[45.000999450683594, -0.003000000026077032, -0.0010000000474974513]","[2, 2]"
2025-10-20 10:57:10,Motion_Completed,"[-0.000666666601318866, -45.000999450683594, 4.16666662205285e-06]","[45.0, -0.0030000000260770325, -0.0010000000474974515]","[45.000999450683594, -0.003000000026077032, -0.0010000000474974513]","[2, 2]"
2025-10-20 10:57:10,Motion_Completed,"[-0.000666666601318866, -45.000999450683594, 4.16666662205285e-06]","[45.0, -0.0030000000260770325, -0.0010000000474974515]","[45.000999450683594, -0.003000000026077032, -0.0010000000474974513]","[2, 2]"
2025-10-20 10:57:11,Motion_Completed,"[-0.000666666601318866, -45.000999450683594, 4.16666662205285e-06]","[45.0, -0.0030000000260770325, -0.0010000000474974515]","[45.000999450683594, -0.003000000026077032, -0.0010000000474974513]","[2, 2]"
2025-10-20 10:57:11,Motion_Completed,"[-0.000666666601318866, -45.000999450683594, 4.16666662205285e-06]","[45.0, -0.0030000000260770325, -0.0010000000474974515]","[45.000999450683594, -0.003000000026077032, -0.0010000000474974513]","[2, 2]"
2025-10-20 10:57:11,Motion_Completed,"[-0.000666666601318866, -45.000999450683594, 4.16666662205285e-06]","[45.0, -0.0030000000260770325, -0.0010000000474974515]","[45.000999450683594, -0.003000000026077032, -0.0010000000474974513]","[2, 2]"
2025-10-20 10:57:11,Motion_Completed,"[-0.000666666601318866, -45.000999450683594, 4.16666662205285e-06]","[45.0, -0.0030000000260770325, -0.0010000000474974515]","[45.000999450683594, -0.003000000026077032, -0.0010000000474974513]","[2, 2]"
2025-10-20 10:57:11,Motion_Completed,"[-0.000666666601318866, -45.000999450683594, 4.16666662205285e-06]","[45.0, -0.0030000000260770325, -0.0010000000474974515]","[45.000999450683594, -0.003000000026077032, -0.0010000000474974513]","[2, 2]"
2025-10-20 10:57:11,Motion_Completed,"[-0.000666666601318866, -45.000999450683594, 4.16666662205285e-06]","[45.0, -0.0030000000260770325, -0.0010000000474974515]","[45.000999450683594, -0.003000000026077032, -0.0010000000474974513]","[2, 2]"
2025-10-20 10:57:11,Motion_Completed,"[-0.000666666601318866, -45.000999450683594, 4.16666662205285e-06]","[45.0, -0.0030000000260770325, -0.0010000000474974515]","[45.000999450683594, -0.003000000026077032, -0.0010000000474974513]","[2, 2]"
2025-10-20 10:57:11,Motion_Completed,"[-0.000666666601318866, -45.000999450683594, 4.16666662205285e-06]","[45.0, -0.0030000000260770325, -0.0010000000474974515]","[45.000999450683594, -0.003000000026077032, -0.0010000000474974513]","[2, 2]"
2025-10-20 10:57:11,Motion_Completed,"[-0.000666666601318866, -45.000999450683594, 4.16666662205285e-06]","[45.0, -0.0030000000260770325, -0.0010000000474974515]","[45.000999450683594, -0.003000000026077032, -0.0010000000474974513]","[2, 2]"
2025-10-20 10:57:11,Motion_Completed,"[-0.000666666601318866, -45.000999450683594, 4.16666662205285e-06]","[45.0, -0.0030000000260770325, -0.0010000000474974515]","[45.000999450683594, -0.003000000026077032, -0.0010000000474974513]","[2, 2]"
2025-10-20 10:57:11,Motion_Completed,"[-0.000666666601318866, -45.000999450683594, 4.16666662205285e-06]","[45.0, -0.0030000000260770325, -0.0010000000474974515]","[45.000999450683594, -0.003000000026077032, -0.0010000000474974513]","[2, 2]"
2025-10-20 10:57:11,Motion_Completed,"[-0.000666666601318866, -45.000999450683594, 4.16666662205285e-06]","[45.0, -0.0030000000260770325, -0.0010000000474974515]","[45.000999450683594, -0.003000000026077032, -0.0010000000474974513]","[2, 2]"
2025-10-20 10:57:11,Motion_Completed,"[-0.000666666601318866, -45.000999450683594, 4.16666662205285e-06]","[45.0, -0.0030000000260770325, -0.0010000000474974515]","[45.000999450683594, -0.003000000026077032, -0.0010000000474974513]","[2, 2]"
2025-10-20 10:57:11,Motion_Completed,"[-0.000666666601318866, -45.000999450683594, 4.16666662205285e-06]","[45.0, -0.0030000000260770325, -0.0010000000474974515]","[45.000999450683594, -0.003000000026077032, -0.0010000000474974513]","[2, 2]"
2025-10-20 10:57:11,Motion_Completed,"[-0.000666666601318866, -45.000999450683594, 4.16666662205285e-06]","[45.0, -0.0030000000260770325, -0.0010000000474974515]","[45.000999450683594, -0.003000000026077032, -0.0010000000474974513]","[2, 2]"
2025-10-20 10:57:11,Motion_Completed,"[-0.000666666601318866, -45.000999450683594, 4.16666662205285e-06]","[45.0, -0.0030000000260770325, -0.0010000000474974515]","[45.000999450683594, -0.003000000026077032, -0.0010000000474974513]","[2, 2]"
2025-10-20 10:57:11,Motion_Completed,"[-0.000666666601318866, -45.000999450683594, 4.16666662205285e-06]","[45.0, -0.0030000000260770325, -0.0010000000474974515]","[45.000999450683594, -0.003000000026077032, -0.0010000000474974513]","[2, 2]"
2025-10-20 10:57:11,Motion_Completed,"[-0.000666666601318866, -45.000999450683594, 4.16666662205285e-06]","[45.0, -0.0030000000260770325, -0.0010000000474974515]","[45.000999450683594, -0.003000000026077032, -0.0010000000474974513]","[2, 2]"
2025-10-20 10:57:11,Motion_Completed,"[-0.000666666601318866, -45.000999450683594, 4.16666662205285e-06]","[45.0, -0.0030000000260770325, -0.0010000000474974515]","[45.000999450683594, -0.003000000026077032, -0.0010000000474974513]","[2, 2]"
2025-10-20 10:57:11,Motion_Completed,"[-0.000666666601318866, -45.000999450683594, 4.16666662205285e-06]","[45.0, -0.0030000000260770325, -0.0010000000474974515]","[45.000999450683594, -0.003000000026077032, -0.0010000000474974513]","[2, 2]"
2025-10-20 10:57:11,Motion_Completed,"[-0.000666666601318866, -45.000999450683594, 4.16666662205285e-06]","[45.0, -0.0030000000260770325, -0.0010000000474974515]","[45.000999450683594, -0.003000000026077032, -0.0010000000474974513]","[2, 2]"
2025-10-20 10:57:11,Motion_Completed,"[-0.000666666601318866, -45.000999450683594, 4.16666662205285e-06]","[45.0, -0.0030000000260770325, -0.0010000000474974515]","[45.000999450683594, -0.003000000026077032, -0.0010000000474974513]","[2, 2]"
2025-10-20 10:57:11,Motion_Completed,"[-0.000666666601318866, -45.000999450683594, 4.16666662205285e-06]","[45.0, -0.0030000000260770325, -0.0010000000474974515]","[45.000999450683594, -0.003000000026077032, -0.0010000000474974513]","[2, 2]"
2025-10-20 10:57:11,Motion_Completed,"[-0.000666666601318866, -45.000999450683594, 4.16666662205285e-06]","[45.0, -0.0030000000260770325, -0.0010000000474974515]","[45.000999450683594, -0.003000000026077032, -0.0010000000474974513]","[2, 2]"
2025-10-20 10:57:11,Motion_Completed,"[-0.000666666601318866, -45.0, 4.16666662205285e-06]","[45.0, -0.0030000000260770325, -0.0010000000474974515]","[45.0, -0.003000000026077032, -0.0010000000474974513]","[2, 2]"
2025-10-20 10:57:12,Motion_Completed,"[-0.000666666601318866, -45.0, 4.16666662205285e-06]","[45.0, -0.0030000000260770325, -0.0010000000474974515]","[45.0, -0.003000000026077032, -0.0010000000474974513]","[2, 2]"
2025-10-20 10:57:12,Motion_Completed,"[-0.000666666601318866, -45.0, 4.16666662205285e-06]","[45.0, -0.0030000000260770325, -0.0010000000474974515]","[45.0, -0.003000000026077032, -0.0010000000474974513]","[2, 2]"
2025-10-20 10:57:12,Motion_Completed,"[-0.000666666601318866, -45.0, 4.16666662205285e-06]","[45.0, -0.0030000000260770325, -0.0010000000474974515]","[45.0, -0.003000000026077032, -0.0010000000474974513]","[2, 2]"
2025-10-20 10:57:12,Motion_Completed,"[-0.000666666601318866, -45.0, 4.16666662205285e-06]","[45.0, -0.0030000000260770325, -0.0010000000474974515]","[45.0, -0.003000000026077032, -0.0010000000474974513]","[2, 2]"
2025-10-20 10:57:12,Motion_Completed,"[-0.000666666601318866, -45.0, 4.16666662205285e-06]","[45.0, -0.0030000000260770325, -0.0010000000474974515]","[45.0, -0.003000000026077032, -0.0010000000474974513]","[2, 2]"
2025-10-20 10:57:12,Motion_Completed,"[-0.000666666601318866, -45.0, 4.16666662205285e-06]","[45.0, -0.0030000000260770325, -0.0010000000474974515]","[45.0, -0.003000000026077032, -0.0010000000474974513]","[2, 2]"
2025-10-20 10:57:12,Motion_Completed,"[-0.000666666601318866, -45.0, 4.16666662205285e-06]","[45.0, -0.0030000000260770325, -0.0010000000474974515]","[45.0, -0.003000000026077032, -0.0010000000474974513]","[2, 2]"
2025-10-20 10:57:12,Motion_Completed,"[-0.000666666601318866, -45.0, 4.16666662205285e-06]","[45.0, -0.0030000000260770325, -0.0010000000474974515]","[45.0, -0.003000000026077032, -0.0010000000474974513]","[2, 2]"
2025-10-20 10:57:12,Motion_Completed,"[-0.000666666601318866, -45.0, 4.16666662205285e-06]","[45.0, -0.0030000000260770325, -0.0010000000474974515]","[45.0, -0.003000000026077032, -0.0010000000474974513]","[2, 2]"
2025-10-20 10:57:12,Motion_Completed,"[-0.000666666601318866, -45.0, 4.16666662205285e-06]","[45.0, -0.0030000000260770325, -0.0010000000474974515]","[45.0, -0.003000000026077032, -0.0010000000474974513]","[2, 2]"
2025-10-20 10:57:12,Motion_Completed,"[-0.000666666601318866, -45.0, 4.16666662205285e-06]","[45.0, -0.0030000000260770325, -0.0010000000474974515]","[45.0, -0.003000000026077032, -0.0010000000474974513]","[2, 2]"
2025-10-20 10:57:12,Motion_Completed,"[-0.000666666601318866, -45.0, 4.16666662205285e-06]","[45.0, -0.0030000000260770325, -0.0010000000474974515]","[45.0, -0.003000000026077032, -0.0010000000474974513]","[2, 2]"
2025-10-20 10:57:12,Motion_Completed,"[-0.000666666601318866, -45.0, 4.16666662205285e-06]","[45.0, -0.0030000000260770325, -0.0010000000474974515]","[45.0, -0.003000000026077032, -0.0010000000474974513]","[2, 2]"
2025-10-20 10:57:12,Motion_Completed,"[-0.000666666601318866, -45.0, 4.16666662205285e-06]","[45.0, -0.0030000000260770325, -0.0010000000474974515]","[45.0, -0.003000000026077032, -0.0010000000474974513]","[2, 2]"
2025-10-20 10:57:12,Motion_Completed,"[-0.000666666601318866, -45.0, 4.16666662205285e-06]","[45.0, -0.0030000000260770325, -0.0010000000474974515]","[45.0, -0.003000000026077032, -0.0010000000474974513]","[2, 2]"
2025-10-20 10:57:12,Motion_Completed,"[-0.000666666601318866, -45.0, 4.16666662205285e-06]","[45.0, -0.0030000000260770325, -0.0010000000474974515]","[45.0, -0.003000000026077032, -0.0010000000474974513]","[2, 2]"
2025-10-20 10:57:12,Motion_Completed,"[-0.000666666601318866, -45.0, 4.16666662205285e-06]","[45.0, -0.0030000000260770325, -0.0010000000474974515]","[45.0, -0.003000000026077032, -0.0010000000474974513]","[2, 2]"
2025-10-20 10:57:12,Motion_Completed,"[-0.000666666601318866, -45.0, 4.16666662205285e-06]","[45.0, -0.0030000000260770325, -0.0010000000474974515]","[45.0, -0.003000000026077032, -0.0010000000474974513]","[2, 2]"
2025-10-20 10:57:12,Motion_Completed,"[-0.000666666601318866, -45.0, 4.16666662205285e-06]","[45.0, -0.0030000000260770325, -0.0010000000474974515]","[45.0, -0.003000000026077032, -0.0010000000474974513]","[2, 2]"
2025-10-20 10:57:12,Motion_Completed,"[-0.000666666601318866, -45.0, 4.16666662205285e-06]","[45.0, -0.0030000000260770325, -0.0010000000474974515]","[45.0, -0.003000000026077032, -0.0010000000474974513]","[2, 2]"
2025-10-20 10:57:12,Motion_Completed,"[-0.000666666601318866, -45.0, 4.16666662205285e-06]","[45.0, -0.0030000000260770325, -0.0010000000474974515]","[45.0, -0.003000000026077032, -0.0010000000474974513]","[2, 2]"
2025-10-20 10:57:12,Motion_Completed,"[-0.000666666601318866, -45.0, 4.16666662205285e-06]","[45.0, -0.0030000000260770325, -0.0010000000474974515]","[45.0, -0.003000000026077032, -0.0010000000474974513]","[2, 2]"
2025-10-20 10:57:12,Motion_Completed,"[-0.000666666601318866, -45.0, 4.16666662205285e-06]","[45.0, -0.0030000000260770325, -0.0010000000474974515]","[45.0, -0.003000000026077032, -0.0010000000474974513]","[2, 2]"
2025-10-20 10:57:12,Motion_Completed,"[-0.000666666601318866, -45.0, 4.16666662205285e-06]","[45.0, -0.0030000000260770325, -0.0010000000474974515]","[45.0, -0.003000000026077032, -0.0010000000474974513]","[2, 2]"
2025-10-20 10:57:12,Motion_Completed,"[-0.000666666601318866, -45.0, 4.16666662205285e-06]","[45.0, -0.0030000000260770325, -0.0010000000474974515]","[45.0, -0.003000000026077032, -0.0010000000474974513]","[2, 2]"
2025-10-20 10:57:13,Motion_Completed,"[-0.000666666601318866, -45.0, 4.16666662205285e-06]","[45.0, -0.0030000000260770325, -0.0010000000474974515]","[45.0, -0.003000000026077032, -0.0010000000474974513]","[2, 2]"
2025-10-20 10:57:13,Motion_Completed,"[-0.000666666601318866, -45.0, 4.16666662205285e-06]","[45.0, -0.0030000000260770325, -0.0010000000474974515]","[45.0, -0.003000000026077032, -0.0010000000474974513]","[2, 2]"
2025-10-20 10:57:13,Motion_Completed,"[-0.000666666601318866, -45.0, 4.16666662205285e-06]","[45.0, -0.0030000000260770325, -0.0010000000474974515]","[45.0, -0.003000000026077032, -0.0010000000474974513]","[2, 2]"
2025-10-20 10:57:13,Motion_Completed,"[-0.000666666601318866, -45.0, 4.16666662205285e-06]","[45.0, -0.0030000000260770325, -0.0010000000474974515]","[45.0, -0.003000000026077032, -0.0010000000474974513]","[2, 2]"
2025-10-20 10:57:13,Motion_Completed,"[-0.000666666601318866, -45.0, 4.16666662205285e-06]","[45.0, -0.0030000000260770325, -0.0010000000474974515]","[45.0, -0.003000000026077032, -0.0010000000474974513]","[2, 2]"
2025-10-20 10:57:13,Motion_Completed,"[-0.000666666601318866, -45.0, 4.16666662205285e-06]","[45.0, -0.0030000000260770325, -0.0010000000474974515]","[45.0, -0.003000000026077032, -0.0010000000474974513]","[2, 2]"
2025-10-20 10:57:13,Motion_Completed,"[-0.000666666601318866, -45.0, 4.16666662205285e-06]","[45.0, -0.0030000000260770325, -0.0010000000474974515]","[45.0, -0.003000000026077032, -0.0010000000474974513]","[2, 2]"
2025-10-20 10:57:13,Motion_Completed,"[-0.000666666601318866, -45.0, 4.16666662205285e-06]","[45.0, -0.0030000000260770325, -0.0010000000474974515]","[45.0, -0.003000000026077032, -0.0010000000474974513]","[2, 2]"
2025-10-20 10:57:13,Motion_Completed,"[-0.000666666601318866, -45.0, 4.16666662205285e-06]","[45.0, -0.0030000000260770325, -0.0010000000474974515]","[45.0, -0.003000000026077032, -0.0010000000474974513]","[2, 2]"
2025-10-20 10:57:13,Motion_Completed,"[-0.000666666601318866, -45.0, 4.16666662205285e-06]","[45.0, -0.0030000000260770325, -0.0010000000474974515]","[45.0, -0.003000000026077032, -0.0010000000474974513]","[2, 2]"
2025-10-20 10:57:13,Motion_Completed,"[-0.000666666601318866, -45.0, 4.16666662205285e-06]","[45.0, -0.0030000000260770325, -0.0010000000474974515]","[45.0, -0.003000000026077032, -0.0010000000474974513]","[2, 2]"
2025-10-20 10:57:13,Motion_Completed,"[-0.000666666601318866, -45.0, 4.16666662205285e-06]","[45.0, -0.0030000000260770325, -0.0010000000474974515]","[45.0, -0.003000000026077032, -0.0010000000474974513]","[2, 2]"
2025-10-20 10:57:13,Motion_Completed,"[-0.000666666601318866, -45.0, 4.16666662205285e-06]","[45.0, -0.0030000000260770325, -0.0010000000474974515]","[45.0, -0.003000000026077032, -0.0010000000474974513]","[2, 2]"
2025-10-20 10:57:13,Motion_Completed,"[-0.000666666601318866, -45.0, 4.16666662205285e-06]","[45.0, -0.0030000000260770325, -0.0010000000474974515]","[45.0, -0.003000000026077032, -0.0010000000474974513]","[2, 2]"
2025-10-20 10:57:13,Motion_Completed,"[-0.000666666601318866, -45.0, 4.16666662205285e-06]","[45.0, -0.0030000000260770325, -0.0010000000474974515]","[45.0, -0.003000000026077032, -0.0010000000474974513]","[2, 2]"
2025-10-20 10:57:13,Motion_Completed,"[-0.000666666601318866, -45.0, 4.16666662205285e-06]","[45.0, -0.0030000000260770325, -0.0010000000474974515]","[45.0, -0.003000000026077032, -0.0010000000474974513]","[2, 2]"
2025-10-20 10:57:13,Motion_Completed,"[-0.000666666601318866, -45.0, 4.16666662205285e-06]","[45.0, -0.0030000000260770325, -0.0010000000474974515]","[45.0, -0.003000000026077032, -0.0010000000474974513]","[2, 2]"
2025-10-20 10:57:13,Motion_Completed,"[-0.000666666601318866, -45.0, 4.16666662205285e-06]","[45.0, -0.0030000000260770325, -0.0010000000474974515]","[45.0, -0.003000000026077032, -0.0010000000474974513]","[2, 2]"
2025-10-20 10:57:13,Motion_Completed,"[-0.000666666601318866, -45.0, 4.16666662205285e-06]","[45.0, -0.0030000000260770325, -0.0010000000474974515]","[45.0, -0.003000000026077032, -0.0010000000474974513]","[2, 2]"
2025-10-20 10:57:13,Motion_Completed,"[-0.000666666601318866, -45.0, 4.16666662205285e-06]","[45.0, -0.0030000000260770325, -0.0010000000474974515]","[45.0, -0.003000000026077032, -0.0010000000474974513]","[2, 2]"
2025-10-20 10:57:13,Motion_Completed,"[-0.000666666601318866, -45.0, 4.16666662205285e-06]","[45.0, -0.0030000000260770325, -0.0010000000474974515]","[45.0, -0.003000000026077032, -0.0010000000474974513]","[2, 2]"
2025-10-20 10:57:13,Motion_Completed,"[-0.000666666601318866, -45.0, 4.16666662205285e-06]","[45.0, -0.0030000000260770325, -0.0010000000474974515]","[45.0, -0.003000000026077032, -0.0010000000474974513]","[2, 2]"
2025-10-20 10:57:13,Motion_Completed,"[-0.000666666601318866, -45.0, 4.16666662205285e-06]","[45.0, -0.0030000000260770325, -0.0010000000474974515]","[45.0, -0.003000000026077032, -0.0010000000474974513]","[2, 2]"
2025-10-20 10:57:13,Motion_Completed,"[-0.000666666601318866, -45.0, 4.16666662205285e-06]","[45.0, -0.0030000000260770325, -0.0010000000474974515]","[45.0, -0.003000000026077032, -0.0010000000474974513]","[2, 2]"
2025-10-20 10:57:13,Motion_Completed,"[-0.000666666601318866, -45.0, 4.16666662205285e-06]","[45.0, -0.0030000000260770325, -0.0010000000474974515]","[45.0, -0.003000000026077032, -0.0010000000474974513]","[2, 2]"
2025-10-20 10:57:14,Motion_Completed,"[-0.000666666601318866, -45.0, 4.16666662205285e-06]","[45.0, -0.0030000000260770325, -0.0010000000474974515]","[45.0, -0.003000000026077032, -0.0010000000474974513]","[2, 2]"
2025-10-20 10:57:14,Motion_Completed,"[-0.000666666601318866, -45.0, 4.16666662205285e-06]","[45.0, -0.0030000000260770325, -0.0010000000474974515]","[45.0, -0.003000000026077032, -0.0010000000474974513]","[2, 2]"
2025-10-20 10:57:14,Motion_Completed,"[-0.000666666601318866, -45.0, 4.16666662205285e-06]","[45.0, -0.0030000000260770325, -0.0010000000474974515]","[45.0, -0.003000000026077032, -0.0010000000474974513]","[2, 2]"
2025-10-20 10:57:14,Motion_Completed,"[-0.000666666601318866, -45.0, 4.16666662205285e-06]","[45.0, -0.0030000000260770325, -0.0010000000474974515]","[45.0, -0.003000000026077032, -0.0010000000474974513]","[2, 2]"
2025-10-20 10:57:14,Motion_Completed,"[-0.000666666601318866, -45.0, 4.16666662205285e-06]","[45.0, -0.0030000000260770325, -0.0010000000474974515]","[45.0, -0.003000000026077032, -0.0010000000474974513]","[2, 2]"
2025-10-20 10:57:14,Motion_Completed,"[-0.000666666601318866, -45.0, 4.16666662205285e-06]","[45.0, -0.0030000000260770325, -0.0010000000474974515]","[45.0, -0.003000000026077032, -0.0010000000474974513]","[2, 2]"
2025-10-20 10:57:14,Motion_Completed,"[-0.000666666601318866, -45.0, 4.16666662205285e-06]","[45.0, -0.0030000000260770325, -0.0010000000474974515]","[45.0, -0.003000000026077032, -0.0010000000474974513]","[2, 2]"
2025-10-20 10:57:14,Motion_Completed,"[-0.000666666601318866, -45.0, 4.16666662205285e-06]","[45.0, -0.0030000000260770325, -0.0010000000474974515]","[45.0, -0.003000000026077032, -0.0010000000474974513]","[2, 2]"
2025-10-20 10:57:14,Motion_Completed,"[-0.000666666601318866, -45.0, 4.16666662205285e-06]","[45.0, -0.0030000000260770325, -0.0010000000474974515]","[45.0, -0.003000000026077032, -0.0010000000474974513]","[2, 2]"
2025-10-20 10:57:14,Motion_Completed,"[-0.000666666601318866, -45.0, 4.16666662205285e-06]","[45.0, -0.0030000000260770325, -0.0010000000474974515]","[45.0, -0.003000000026077032, -0.0010000000474974513]","[2, 2]"
2025-10-20 10:57:14,Motion_Completed,"[-0.000666666601318866, -45.0, 4.16666662205285e-06]","[45.0, -0.0030000000260770325, -0.0010000000474974515]","[45.0, -0.003000000026077032, -0.0010000000474974513]","[2, 2]"
2025-10-20 10:57:14,Motion_Completed,"[-0.000666666601318866, -45.0, 4.16666662205285e-06]","[45.0, -0.0030000000260770325, -0.0010000000474974515]","[45.0, -0.003000000026077032, -0.0010000000474974513]","[2, 2]"
2025-10-20 10:57:14,Motion_Completed,"[-0.000666666601318866, -45.0, 4.16666662205285e-06]","[45.0, -0.0030000000260770325, -0.0010000000474974515]","[45.0, -0.003000000026077032, -0.0010000000474974513]","[2, 2]"
2025-10-20 10:57:14,Motion_Completed,"[-0.000666666601318866, -45.0, 4.16666662205285e-06]","[45.0, -0.0030000000260770325, -0.0010000000474974515]","[45.0, -0.003000000026077032, -0.0010000000474974513]","[2, 2]"
2025-10-20 10:57:14,Motion_Completed,"[-0.000666666601318866, -45.0, 4.16666662205285e-06]","[45.0, -0.0030000000260770325, -0.0010000000474974515]","[45.0, -0.003000000026077032, -0.0010000000474974513]","[2, 2]"
2025-10-20 10:57:14,Motion_Completed,"[-0.000666666601318866, -45.0, 4.16666662205285e-06]","[45.0, -0.0030000000260770325, -0.0010000000474974515]","[45.0, -0.003000000026077032, -0.0010000000474974513]","[2, 2]"
2025-10-20 10:57:14,Motion_Completed,"[-0.000666666601318866, -45.0, 4.16666662205285e-06]","[45.0, -0.0030000000260770325, -0.0010000000474974515]","[45.0, -0.003000000026077032, -0.0010000000474974513]","[2, 2]"
2025-10-20 10:57:14,Motion_Completed,"[-0.000666666601318866, -45.0, 4.16666662205285e-06]","[45.0, -0.0030000000260770325, -0.0010000000474974515]","[45.0, -0.003000000026077032, -0.0010000000474974513]","[2, 2]"
2025-10-20 10:57:14,Motion_Completed,"[-0.000666666601318866, -45.0, 4.16666662205285e-06]","[45.0, -0.0030000000260770325, -0.0010000000474974515]","[45.0, -0.003000000026077032, -0.0010000000474974513]","[2, 2]"
2025-10-20 10:57:14,Motion_Completed,"[-0.000666666601318866, -45.0, 4.16666662205285e-06]","[45.0, -0.0030000000260770325, -0.0010000000474974515]","[45.0, -0.003000000026077032, -0.0010000000474974513]","[2, 2]"
2025-10-20 10:57:14,Motion_Completed,"[-0.000666666601318866, -45.0, 4.16666662205285e-06]","[45.0, -0.0030000000260770325, -0.0010000000474974515]","[45.0, -0.003000000026077032, -0.0010000000474974513]","[2, 2]"
2025-10-20 10:57:14,Motion_Completed,"[-0.000666666601318866, -45.0, 4.16666662205285e-06]","[45.0, -0.0030000000260770325, -0.0010000000474974515]","[45.0, -0.003000000026077032, -0.0010000000474974513]","[2, 2]"
2025-10-20 10:57:14,Motion_Completed,"[-0.000666666601318866, -45.0, 4.16666662205285e-06]","[45.0, -0.0030000000260770325, -0.0010000000474974515]","[45.0, -0.003000000026077032, -0.0010000000474974513]","[2, 2]"
2025-10-20 10:57:14,Motion_Completed,"[-0.000666666601318866, -45.0, 4.16666662205285e-06]","[45.0, -0.0030000000260770325, -0.0010000000474974515]","[45.0, -0.003000000026077032, -0.0010000000474974513]","[2, 2]"
2025-10-20 10:57:14,Motion_Completed,"[-0.000666666601318866, -45.0, 4.16666662205285e-06]","[45.0, -0.0030000000260770325, -0.0010000000474974515]","[45.0, -0.003000000026077032, -0.0010000000474974513]","[2, 2]"
2025-10-20 10:57:15,Motion_Completed,"[-0.000666666601318866, -45.0, 4.16666662205285e-06]","[45.0, -0.0030000000260770325, -0.0010000000474974515]","[45.0, -0.003000000026077032, -0.0010000000474974513]","[2, 2]"
2025-10-20 10:57:15,Motion_Completed,"[-0.000666666601318866, -45.0, 4.16666662205285e-06]","[45.0, -0.0030000000260770325, -0.0010000000474974515]","[45.0, -0.003000000026077032, -0.0010000000474974513]","[2, 2]"
2025-10-20 10:57:15,Motion_Completed,"[-0.000666666601318866, -45.0, 4.16666662205285e-06]","[45.0, -0.0030000000260770325, -0.0010000000474974515]","[45.0, -0.003000000026077032, -0.0010000000474974513]","[2, 2]"
2025-10-20 10:57:15,Motion_Completed,"[-0.000666666601318866, -45.0, 4.16666662205285e-06]","[45.0, -0.0030000000260770325, -0.0010000000474974515]","[45.0, -0.003000000026077032, -0.0010000000474974513]","[2, 2]"
2025-10-20 10:57:15,Motion_Completed,"[-0.000666666601318866, -45.0, 4.16666662205285e-06]","[45.0, -0.0030000000260770325, -0.0010000000474974515]","[45.0, -0.003000000026077032, -0.0010000000474974513]","[2, 2]"
2025-10-20 10:57:15,Motion_Completed,"[-0.000666666601318866, -45.0, 4.16666662205285e-06]","[45.0, -0.0030000000260770325, -0.0010000000474974515]","[45.0, -0.003000000026077032, -0.0010000000474974513]","[2, 2]"
2025-10-20 10:57:15,Motion_Completed,"[-0.000666666601318866, -45.0, 4.16666662205285e-06]","[45.0, -0.0030000000260770325, -0.0010000000474974515]","[45.0, -0.003000000026077032, -0.0010000000474974513]","[2, 2]"
2025-10-20 10:57:15,Motion_Completed,"[-0.000666666601318866, -45.0, 4.16666662205285e-06]","[45.0, -0.0030000000260770325, -0.0010000000474974515]","[45.0, -0.003000000026077032, -0.0010000000474974513]","[2, 2]"
2025-10-20 10:57:15,Motion_Completed,"[-0.000666666601318866, -45.0, 4.16666662205285e-06]","[45.0, -0.0030000000260770325, -0.0010000000474974515]","[45.0, -0.003000000026077032, -0.0010000000474974513]","[2, 2]"
2025-10-20 10:57:15,Motion_Completed,"[-0.000666666601318866, -45.0, 4.16666662205285e-06]","[45.0, -0.0030000000260770325, -0.0010000000474974515]","[45.0, -0.003000000026077032, -0.0010000000474974513]","[2, 2]"
2025-10-20 10:57:15,Motion_Completed,"[-0.000666666601318866, -45.0, 4.16666662205285e-06]","[45.0, -0.0030000000260770325, -0.0010000000474974515]","[45.0, -0.003000000026077032, -0.0010000000474974513]","[2, 2]"
2025-10-20 10:57:15,Motion_Completed,"[-0.000666666601318866, -45.0, 4.16666662205285e-06]","[45.0, -0.0030000000260770325, -0.0010000000474974515]","[45.0, -0.003000000026077032, -0.0010000000474974513]","[2, 2]"
2025-10-20 10:57:15,Motion_Completed,"[-0.000666666601318866, -45.0, 4.16666662205285e-06]","[45.0, -0.0030000000260770325, -0.0010000000474974515]","[45.0, -0.003000000026077032, -0.0010000000474974513]","[2, 2]"
2025-10-20 10:57:15,Motion_Completed,"[-0.000666666601318866, -45.0, 4.16666662205285e-06]","[45.0, -0.0030000000260770325, -0.0010000000474974515]","[45.0, -0.003000000026077032, -0.0010000000474974513]","[2, 2]"
2025-10-20 10:57:15,Motion_Completed,"[-0.000666666601318866, -45.0, 4.16666662205285e-06]","[45.0, -0.0030000000260770325, -0.0010000000474974515]","[45.0, -0.003000000026077032, -0.0010000000474974513]","[2, 2]"
2025-10-20 10:57:15,Motion_Completed,"[-0.000666666601318866, -45.0, 4.16666662205285e-06]","[45.0, -0.0030000000260770325, -0.0010000000474974515]","[45.0, -0.003000000026077032, -0.0010000000474974513]","[2, 2]"
2025-10-20 10:57:15,Motion_Completed,"[-0.000666666601318866, -45.0, 4.16666662205285e-06]","[45.0, -0.0030000000260770325, -0.0010000000474974515]","[45.0, -0.003000000026077032, -0.0010000000474974513]","[2, 2]"
2025-10-20 10:57:15,Motion_Completed,"[-0.000666666601318866, -45.0, 4.16666662205285e-06]","[45.0, -0.0030000000260770325, -0.0010000000474974515]","[45.0, -0.003000000026077032, -0.0010000000474974513]","[2, 2]"
2025-10-20 10:57:15,Motion_Completed,"[-0.000666666601318866, -45.0, 4.16666662205285e-06]","[45.0, -0.0030000000260770325, -0.0010000000474974515]","[45.0, -0.003000000026077032, -0.0010000000474974513]","[2, 2]"
2025-10-20 10:57:15,Motion_Completed,"[-0.000666666601318866, -45.0, 4.16666662205285e-06]","[45.0, -0.0030000000260770325, -0.0010000000474974515]","[45.0, -0.003000000026077032, -0.0010000000474974513]","[2, 2]"
2025-10-20 10:57:15,Motion_Completed,"[-0.000666666601318866, -45.0, 4.16666662205285e-06]","[45.0, -0.0030000000260770325, -0.0010000000474974515]","[45.0, -0.003000000026077032, -0.0010000000474974513]","[2, 2]"
2025-10-20 10:57:15,Motion_Completed,"[-0.000666666601318866, -45.0, 4.16666662205285e-06]","[45.0, -0.0030000000260770325, -0.0010000000474974515]","[45.0, -0.003000000026077032, -0.0010000000474974513]","[2, 2]"
2025-10-20 10:57:15,Motion_Completed,"[-0.000666666601318866, -45.0, 4.16666662205285e-06]","[45.0, -0.0030000000260770325, -0.0010000000474974515]","[45.0, -0.003000000026077032, -0.0010000000474974513]","[2, 2]"
2025-10-20 10:57:15,Motion_Completed,"[-0.000666666601318866, -45.0, 4.16666662205285e-06]","[45.0, -0.0030000000260770325, -0.0010000000474974515]","[45.0, -0.003000000026077032, -0.0010000000474974513]","[2, 2]"
2025-10-20 10:57:15,Motion_Completed,"[-0.000666666601318866, -45.0, 4.16666662205285e-06]","[45.0, -0.0030000000260770325, -0.0010000000474974515]","[45.0, -0.003000000026077032, -0.0010000000474974513]","[2, 2]"
2025-10-20 10:57:16,Motion_Completed,"[-0.000666666601318866, -45.0, 4.16666662205285e-06]","[45.0, -0.0030000000260770325, -0.0010000000474974515]","[45.0, -0.003000000026077032, -0.0010000000474974513]","[2, 2]"
2025-10-20 10:57:16,Motion_Completed,"[-0.000666666601318866, -45.0, 4.16666662205285e-06]","[45.0, -0.0030000000260770325, -0.0010000000474974515]","[45.0, -0.003000000026077032, -0.0010000000474974513]","[2, 2]"
2025-10-20 10:57:16,Motion_Completed,"[-0.000666666601318866, -45.0, 4.16666662205285e-06]","[45.0, -0.0030000000260770325, -0.0010000000474974515]","[45.0, -0.003000000026077032, -0.0010000000474974513]","[2, 2]"
2025-10-20 10:57:16,Motion_Completed,"[-0.000666666601318866, -45.0, 4.16666662205285e-06]","[45.0, -0.0030000000260770325, -0.0010000000474974515]","[45.0, -0.003000000026077032, -0.0010000000474974513]","[2, 2]"
2025-10-20 10:57:16,Motion_Completed,"[-0.000666666601318866, -45.0, 4.16666662205285e-06]","[45.0, -0.0030000000260770325, -0.0010000000474974515]","[45.0, -0.003000000026077032, -0.0010000000474974513]","[2, 2]"
2025-10-20 10:57:16,Motion_Completed,"[-0.000666666601318866, -45.0, 4.16666662205285e-06]","[45.0, -0.0030000000260770325, -0.0010000000474974515]","[45.0, -0.003000000026077032, -0.0010000000474974513]","[2, 2]"
2025-10-20 10:57:16,Motion_Completed,"[-0.000666666601318866, -45.0, 4.16666662205285e-06]","[45.0, -0.0030000000260770325, -0.0010000000474974515]","[45.0, -0.003000000026077032, -0.0010000000474974513]","[2, 2]"
2025-10-20 10:57:16,Motion_Completed,"[-0.000666666601318866, -45.0, 4.16666662205285e-06]","[45.0, -0.0030000000260770325, -0.0010000000474974515]","[45.0, -0.003000000026077032, -0.0010000000474974513]","[2, 2]"
2025-10-20 10:57:16,Motion_Completed,"[-0.000666666601318866, -45.0, 4.16666662205285e-06]","[45.0, -0.0030000000260770325, -0.0010000000474974515]","[45.0, -0.003000000026077032, -0.0010000000474974513]","[2, 2]"
2025-10-20 10:57:16,Motion_Completed,"[-0.000666666601318866, -45.0, 4.16666662205285e-06]","[45.0, -0.0030000000260770325, -0.0010000000474974515]","[45.0, -0.003000000026077032, -0.0010000000474974513]","[2, 2]"
2025-10-20 10:57:16,Motion_Completed,"[-0.000666666601318866, -45.0, 4.16666662205285e-06]","[45.0, -0.0030000000260770325, -0.0010000000474974515]","[45.0, -0.003000000026077032, -0.0010000000474974513]","[2, 2]"
2025-10-20 10:57:16,Motion_Completed,"[-0.000666666601318866, -45.0, 4.16666662205285e-06]","[45.0, -0.0030000000260770325, -0.0010000000474974515]","[45.0, -0.003000000026077032, -0.0010000000474974513]","[2, 2]"
2025-10-20 10:57:16,Motion_Completed,"[-0.000666666601318866, -45.0, 4.16666662205285e-06]","[45.0, -0.0030000000260770325, -0.0010000000474974515]","[45.0, -0.003000000026077032, -0.0010000000474974513]","[2, 2]"
2025-10-20 10:57:16,Motion_Completed,"[-0.000666666601318866, -45.0, 4.16666662205285e-06]","[45.0, -0.0030000000260770325, -0.0010000000474974515]","[45.0, -0.003000000026077032, -0.0010000000474974513]","[2, 2]"
2025-10-20 10:57:16,Motion_Completed,"[-0.000666666601318866, -45.0, 4.16666662205285e-06]","[45.0, -0.0030000000260770325, -0.0010000000474974515]","[45.0, -0.003000000026077032, -0.0010000000474974513]","[2, 2]"
2025-10-20 10:57:16,Motion_Completed,"[-0.000666666601318866, -45.0, 4.16666662205285e-06]","[45.0, -0.0030000000260770325, -0.0010000000474974515]","[45.0, -0.003000000026077032, -0.0010000000474974513]","[2, 2]"
2025-10-20 10:57:16,Motion_Completed,"[-0.000666666601318866, -45.0, 4.16666662205285e-06]","[45.0, -0.0030000000260770325, -0.0010000000474974515]","[45.0, -0.003000000026077032, -0.0010000000474974513]","[2, 2]"
2025-10-20 10:57:16,Motion_Completed,"[-0.000666666601318866, -45.0, 4.16666662205285e-06]","[45.0, -0.0030000000260770325, -0.0010000000474974515]","[45.0, -0.003000000026077032, -0.0010000000474974513]","[2, 2]"
2025-10-20 10:57:16,Motion_Completed,"[-0.000666666601318866, -45.0, 4.16666662205285e-06]","[45.0, -0.0030000000260770325, -0.0010000000474974515]","[45.0, -0.003000000026077032, -0.0010000000474974513]","[2, 2]"
2025-10-20 10:57:16,Motion_Completed,"[-0.000666666601318866, -45.0, 4.16666662205285e-06]","[45.0, -0.0030000000260770325, -0.0010000000474974515]","[45.0, -0.003000000026077032, -0.0010000000474974513]","[2, 2]"
2025-10-20 10:57:16,Motion_Completed,"[-0.000666666601318866, -45.0, 4.16666662205285e-06]","[45.0, -0.0030000000260770325, -0.0010000000474974515]","[45.0, -0.003000000026077032, -0.0010000000474974513]","[2, 2]"
2025-10-20 10:57:16,Motion_Completed,"[-0.000666666601318866, -45.0, 4.16666662205285e-06]","[45.0, -0.0030000000260770325, -0.0010000000474974515]","[45.0, -0.003000000026077032, -0.0010000000474974513]","[2, 2]"
2025-10-20 10:57:16,Motion_Completed,"[-0.000666666601318866, -45.0, 4.16666662205285e-06]","[45.0, -0.0030000000260770325, -0.0010000000474974515]","[45.0, -0.003000000026077032, -0.0010000000474974513]","[2, 2]"
2025-10-20 10:57:16,Motion_Completed,"[-0.000666666601318866, -45.0, 4.16666662205285e-06]","[45.0, -0.0030000000260770325, -0.0010000000474974515]","[45.0, -0.003000000026077032, -0.0010000000474974513]","[2, 2]"
2025-10-20 10:57:16,Motion_Completed,"[-0.000666666601318866, -45.0, 4.16666662205285e-06]","[45.0, -0.0030000000260770325, -0.0010000000474974515]","[45.0, -0.003000000026077032, -0.0010000000474974513]","[2, 2]"
2025-10-20 10:57:17,Motion_Completed,"[-0.000666666601318866, -45.0, 4.16666662205285e-06]","[45.0, -0.0030000000260770325, -0.0010000000474974515]","[45.0, -0.003000000026077032, -0.0010000000474974513]","[2, 2]"
2025-10-20 10:57:17,Motion_Completed,"[-0.000666666601318866, -45.0, 4.16666662205285e-06]","[45.0, -0.0030000000260770325, -0.0010000000474974515]","[45.0, -0.003000000026077032, -0.0010000000474974513]","[2, 2]"
2025-10-20 10:57:17,Motion_Completed,"[-0.000666666601318866, -45.0, 4.16666662205285e-06]","[45.0, -0.0030000000260770325, -0.0010000000474974515]","[45.0, -0.003000000026077032, -0.0010000000474974513]","[2, 2]"
2025-10-20 10:57:17,Motion_Completed,"[-0.000666666601318866, -45.0, 4.16666662205285e-06]","[45.0, -0.0030000000260770325, -0.0010000000474974515]","[45.0, -0.003000000026077032, -0.0010000000474974513]","[2, 2]"
2025-10-20 10:57:17,Motion_Completed,"[-0.000666666601318866, -45.0, 4.16666662205285e-06]","[45.0, -0.0030000000260770325, -0.0010000000474974515]","[45.0, -0.003000000026077032, -0.0010000000474974513]","[2, 2]"
2025-10-20 10:57:17,Motion_Completed,"[-0.000666666601318866, -45.0, 4.16666662205285e-06]","[45.0, -0.0030000000260770325, -0.0010000000474974515]","[45.0, -0.003000000026077032, -0.0010000000474974513]","[2, 2]"
2025-10-20 10:57:17,Motion_Completed,"[-0.000666666601318866, -45.0, 4.16666662205285e-06]","[45.0, -0.0030000000260770325, -0.0010000000474974515]","[45.0, -0.003000000026077032, -0.0010000000474974513]","[2, 2]"
2025-10-20 10:57:17,Motion_Completed,"[-0.000666666601318866, -45.0, 4.16666662205285e-06]","[45.0, -0.0030000000260770325, -0.0010000000474974515]","[45.0, -0.003000000026077032, -0.0010000000474974513]","[2, 2]"
2025-10-20 10:57:17,Motion_Completed,"[-0.000666666601318866, -45.0, 4.16666662205285e-06]","[45.0, -0.0030000000260770325, -0.0010000000474974515]","[45.0, -0.003000000026077032, -0.0010000000474974513]","[2, 2]"
2025-10-20 10:57:17,Motion_Completed,"[-0.000666666601318866, -45.0, 4.16666662205285e-06]","[45.0, -0.0030000000260770325, -0.0010000000474974515]","[45.0, -0.003000000026077032, -0.0010000000474974513]","[2, 2]"
2025-10-20 10:57:17,Motion_Completed,"[-0.000666666601318866, -45.0, 4.16666662205285e-06]","[45.0, -0.0030000000260770325, -0.0010000000474974515]","[45.0, -0.003000000026077032, -0.0010000000474974513]","[2, 2]"
2025-10-20 10:57:17,Motion_Completed,"[-0.000666666601318866, -45.0, 4.16666662205285e-06]","[45.0, -0.0030000000260770325, -0.0010000000474974515]","[45.0, -0.003000000026077032, -0.0010000000474974513]","[2, 2]"
2025-10-20 10:57:17,Motion_Completed,"[-0.000666666601318866, -45.0, 4.16666662205285e-06]","[45.0, -0.0030000000260770325, -0.0010000000474974515]","[45.0, -0.003000000026077032, -0.0010000000474974513]","[2, 2]"
2025-10-20 10:57:17,Motion_Completed,"[-0.000666666601318866, -45.0, 4.16666662205285e-06]","[45.0, -0.0030000000260770325, -0.0010000000474974515]","[45.0, -0.003000000026077032, -0.0010000000474974513]","[2, 2]"
2025-10-20 10:57:17,Motion_Completed,"[-0.000666666601318866, -45.0, 4.16666662205285e-06]","[45.0, -0.0030000000260770325, -0.0010000000474974515]","[45.0, -0.003000000026077032, -0.0010000000474974513]","[2, 2]"
2025-10-20 10:57:17,Motion_Completed,"[-0.000666666601318866, -45.0, 4.16666662205285e-06]","[45.0, -0.0030000000260770325, -0.0010000000474974515]","[45.0, -0.003000000026077032, -0.0010000000474974513]","[2, 2]"
2025-10-20 10:57:17,Motion_Completed,"[-0.000666666601318866, -45.0, 4.16666662205285e-06]","[45.0, -0.0030000000260770325, -0.0010000000474974515]","[45.0, -0.003000000026077032, -0.0010000000474974513]","[2, 2]"
2025-10-20 10:57:17,Motion_Completed,"[-0.000666666601318866, -45.0, 4.16666662205285e-06]","[45.0, -0.0030000000260770325, -0.0010000000474974515]","[45.0, -0.003000000026077032, -0.0010000000474974513]","[2, 2]"
2025-10-20 10:57:17,Motion_Completed,"[-0.000666666601318866, -45.0, 4.16666662205285e-06]","[45.0, -0.0030000000260770325, -0.0010000000474974515]","[45.0, -0.003000000026077032, -0.0010000000474974513]","[2, 2]"
2025-10-20 10:57:17,Motion_Completed,"[-0.000666666601318866, -45.0, 4.16666662205285e-06]","[45.0, -0.0030000000260770325, -0.0010000000474974515]","[45.0, -0.003000000026077032, -0.0010000000474974513]","[2, 2]"
2025-10-20 10:57:17,Motion_Completed,"[-0.000666666601318866, -45.0, 4.16666662205285e-06]","[45.0, -0.0030000000260770325, -0.0010000000474974515]","[45.0, -0.003000000026077032, -0.0010000000474974513]","[2, 2]"
2025-10-20 10:57:17,Motion_Completed,"[-0.000666666601318866, -45.0, 4.16666662205285e-06]","[45.0, -0.0030000000260770325, -0.0010000000474974515]","[45.0, -0.003000000026077032, -0.0010000000474974513]","[2, 2]"
2025-10-20 10:57:17,Motion_Completed,"[-0.000666666601318866, -45.0, 4.16666662205285e-06]","[45.0, -0.0030000000260770325, -0.0010000000474974515]","[45.0, -0.003000000026077032, -0.0010000000474974513]","[2, 2]"
2025-10-20 10:57:17,Motion_Completed,"[-0.000666666601318866, -45.0, 4.16666662205285e-06]","[45.0, -0.0030000000260770325, -0.0010000000474974515]","[45.0, -0.003000000026077032, -0.0010000000474974513]","[2, 2]"
2025-10-20 10:57:17,Motion_Completed,"[-0.000666666601318866, -45.0, 4.16666662205285e-06]","[45.0, -0.0030000000260770325, -0.0010000000474974515]","[45.0, -0.003000000026077032, -0.0010000000474974513]","[2, 2]"
2025-10-20 10:57:18,Motion_Completed,"[-0.000666666601318866, -45.0, 4.16666662205285e-06]","[45.0, -0.0030000000260770325, -0.0010000000474974515]","[45.0, -0.003000000026077032, -0.0010000000474974513]","[2, 2]"
2025-10-20 10:57:18,Motion_Completed,"[-0.000666666601318866, -45.0, 4.16666662205285e-06]","[45.0, -0.0030000000260770325, -0.0010000000474974515]","[45.0, -0.003000000026077032, -0.0010000000474974513]","[2, 2]"
2025-10-20 10:57:18,Motion_Completed,"[-0.000666666601318866, -45.0, 4.16666662205285e-06]","[45.0, -0.0030000000260770325, -0.0010000000474974515]","[45.0, -0.003000000026077032, -0.0010000000474974513]","[2, 2]"
2025-10-20 10:57:18,Motion_Completed,"[-0.000666666601318866, -45.0, 4.16666662205285e-06]","[45.0, -0.0030000000260770325, -0.0010000000474974515]","[45.0, -0.003000000026077032, -0.0010000000474974513]","[2, 2]"
2025-10-20 10:57:18,Motion_Completed,"[-0.000666666601318866, -45.0, 4.16666662205285e-06]","[45.0, -0.0030000000260770325, -0.0010000000474974515]","[45.0, -0.003000000026077032, -0.0010000000474974513]","[2, 2]"
2025-10-20 10:57:18,Motion_Completed,"[-0.000666666601318866, -45.0, 4.16666662205285e-06]","[45.0, -0.0030000000260770325, -0.0010000000474974515]","[45.0, -0.003000000026077032, -0.0010000000474974513]","[2, 2]"
2025-10-20 10:57:18,Motion_Completed,"[-0.000666666601318866, -45.0, 4.16666662205285e-06]","[45.0, -0.0030000000260770325, -0.0010000000474974515]","[45.0, -0.003000000026077032, -0.0010000000474974513]","[2, 2]"
2025-10-20 10:57:18,Motion_Completed,"[-0.000666666601318866, -45.0, 4.16666662205285e-06]","[45.0, -0.0030000000260770325, -0.0010000000474974515]","[45.0, -0.003000000026077032, -0.0010000000474974513]","[2, 2]"
2025-10-20 10:57:18,Motion_Completed,"[-0.000666666601318866, -45.0, 4.16666662205285e-06]","[45.0, -0.0030000000260770325, -0.0010000000474974515]","[45.0, -0.003000000026077032, -0.0010000000474974513]","[2, 2]"
2025-10-20 10:57:18,Motion_Completed,"[-0.000666666601318866, -45.0, 4.16666662205285e-06]","[45.0, -0.0030000000260770325, -0.0010000000474974515]","[45.0, -0.003000000026077032, -0.0010000000474974513]","[2, 2]"
2025-10-20 10:57:18,Motion_Completed,"[-0.000666666601318866, -45.0, 4.16666662205285e-06]","[45.0, -0.0030000000260770325, -0.0010000000474974515]","[45.0, -0.003000000026077032, -0.0010000000474974513]","[2, 2]"
2025-10-20 10:57:18,Motion_Completed,"[-0.000666666601318866, -45.0, 4.16666662205285e-06]","[45.0, -0.0030000000260770325, -0.0010000000474974515]","[45.0, -0.003000000026077032, -0.0010000000474974513]","[2, 2]"
2025-10-20 10:57:18,Motion_Completed,"[-0.000666666601318866, -45.0, 4.16666662205285e-06]","[45.0, -0.0030000000260770325, -0.0010000000474974515]","[45.0, -0.003000000026077032, -0.0010000000474974513]","[2, 2]"
2025-10-20 10:57:18,Motion_Completed,"[-0.000666666601318866, -45.0, 4.16666662205285e-06]","[45.0, -0.0030000000260770325, -0.0010000000474974515]","[45.0, -0.003000000026077032, -0.0010000000474974513]","[2, 2]"
2025-10-20 10:57:18,Motion_Completed,"[-0.000666666601318866, -45.0, 4.16666662205285e-06]","[45.0, -0.0030000000260770325, -0.0010000000474974515]","[45.0, -0.003000000026077032, -0.0010000000474974513]","[2, 2]"
2025-10-20 10:57:18,Motion_Completed,"[-0.000666666601318866, -45.0, 4.16666662205285e-06]","[45.0, -0.0030000000260770325, -0.0010000000474974515]","[45.0, -0.003000000026077032, -0.0010000000474974513]","[2, 2]"
2025-10-20 10:57:18,Motion_Completed,"[-0.000666666601318866, -45.0, 4.16666662205285e-06]","[45.0, -0.0030000000260770325, -0.0010000000474974515]","[45.0, -0.003000000026077032, -0.0010000000474974513]","[2, 2]"
2025-10-20 10:57:18,Motion_Completed,"[-0.000666666601318866, -45.0, 4.16666662205285e-06]","[45.0, -0.0030000000260770325, -0.0010000000474974515]","[45.0, -0.003000000026077032, -0.0010000000474974513]","[2, 2]"
2025-10-20 10:57:18,Motion_Completed,"[-0.000666666601318866, -45.0, 4.16666662205285e-06]","[45.0, -0.0030000000260770325, -0.0010000000474974515]","[45.0, -0.003000000026077032, -0.0010000000474974513]","[2, 2]"
2025-10-20 10:57:18,Motion_Completed,"[-0.000666666601318866, -45.0, 4.16666662205285e-06]","[45.0, -0.0030000000260770325, -0.0010000000474974515]","[45.0, -0.003000000026077032, -0.0010000000474974513]","[2, 2]"
2025-10-20 10:57:18,Motion_Completed,"[-0.000666666601318866, -45.0, 4.16666662205285e-06]","[45.0, -0.0030000000260770325, -0.0010000000474974515]","[45.0, -0.003000000026077032, -0.0010000000474974513]","[2, 2]"
2025-10-20 10:57:18,Motion_Completed,"[-0.000666666601318866, -45.0, 4.16666662205285e-06]","[45.0, -0.0030000000260770325, -0.0010000000474974515]","[45.0, -0.003000000026077032, -0.0010000000474974513]","[2, 2]"
2025-10-20 10:57:18,Motion_Completed,"[-0.000666666601318866, -45.0, 4.16666662205285e-06]","[45.0, -0.0030000000260770325, -0.0010000000474974515]","[45.0, -0.003000000026077032, -0.0010000000474974513]","[2, 2]"
2025-10-20 10:57:18,Motion_Completed,"[-0.000666666601318866, -45.0, 4.16666662205285e-06]","[45.0, -0.0030000000260770325, -0.0010000000474974515]","[45.0, -0.003000000026077032, -0.0010000000474974513]","[2, 2]"
2025-10-20 10:57:18,Motion_Completed,"[-0.000666666601318866, -45.0, 4.16666662205285e-06]","[45.0, -0.0030000000260770325, -0.0010000000474974515]","[45.0, -0.003000000026077032, -0.0010000000474974513]","[2, 2]"
2025-10-20 10:57:19,Motion_Completed,"[-0.000666666601318866, -45.0, 4.16666662205285e-06]","[45.0, -0.0030000000260770325, -0.0010000000474974515]","[45.0, -0.003000000026077032, -0.0010000000474974513]","[2, 2]"
2025-10-20 10:57:19,Motion_Completed,"[-0.000666666601318866, -45.0, 4.16666662205285e-06]","[45.0, -0.0030000000260770325, -0.0010000000474974515]","[45.0, -0.003000000026077032, -0.0010000000474974513]","[2, 2]"
2025-10-20 10:57:19,Motion_Completed,"[-0.000666666601318866, -45.0, 4.16666662205285e-06]","[45.0, -0.0030000000260770325, -0.0010000000474974515]","[45.0, -0.003000000026077032, -0.0010000000474974513]","[2, 2]"
2025-10-20 10:57:19,Motion_Completed,"[-0.000666666601318866, -45.0, 4.16666662205285e-06]","[45.0, -0.0030000000260770325, -0.0010000000474974515]","[45.0, -0.003000000026077032, -0.0010000000474974513]","[2, 2]"
2025-10-20 10:57:19,Motion_Completed,"[-0.000666666601318866, -45.0, 4.16666662205285e-06]","[45.0, -0.0030000000260770325, -0.0010000000474974515]","[45.0, -0.003000000026077032, -0.0010000000474974513]","[2, 2]"
2025-10-20 10:57:19,Motion_Completed,"[-0.000666666601318866, -45.0, 4.16666662205285e-06]","[45.0, -0.0030000000260770325, -0.0010000000474974515]","[45.0, -0.003000000026077032, -0.0010000000474974513]","[2, 2]"
2025-10-20 10:57:19,Motion_Completed,"[-0.000666666601318866, -45.0, 4.16666662205285e-06]","[45.0, -0.0030000000260770325, -0.0010000000474974515]","[45.0, -0.003000000026077032, -0.0010000000474974513]","[2, 2]"
2025-10-20 10:57:19,Motion_Completed,"[-0.000666666601318866, -45.0, 4.16666662205285e-06]","[45.0, -0.0030000000260770325, -0.0010000000474974515]","[45.0, -0.003000000026077032, -0.0010000000474974513]","[2, 2]"
2025-10-20 10:57:19,Motion_Completed,"[-0.000666666601318866, -45.0, 4.16666662205285e-06]","[45.0, -0.0030000000260770325, -0.0010000000474974515]","[45.0, -0.003000000026077032, -0.0010000000474974513]","[2, 2]"
2025-10-20 10:57:19,Motion_Completed,"[-0.000666666601318866, -45.0, 4.16666662205285e-06]","[45.0, -0.0030000000260770325, -0.0010000000474974515]","[45.0, -0.003000000026077032, -0.0010000000474974513]","[2, 2]"
2025-10-20 10:57:19,Motion_Completed,"[-0.000666666601318866, -45.0, 4.16666662205285e-06]","[45.0, -0.0030000000260770325, -0.0010000000474974515]","[45.0, -0.003000000026077032, -0.0010000000474974513]","[2, 2]"
2025-10-20 10:57:19,Motion_Completed,"[-0.000666666601318866, -45.0, 4.16666662205285e-06]","[45.0, -0.0030000000260770325, -0.0010000000474974515]","[45.0, -0.003000000026077032, -0.0010000000474974513]","[2, 2]"
2025-10-20 10:57:19,Motion_Completed,"[-0.000666666601318866, -45.0, 4.16666662205285e-06]","[45.0, -0.0030000000260770325, -0.0010000000474974515]","[45.0, -0.003000000026077032, -0.0010000000474974513]","[2, 2]"
2025-10-20 10:57:19,Motion_Completed,"[-0.000666666601318866, -45.0, 4.16666662205285e-06]","[45.0, -0.0030000000260770325, -0.0010000000474974515]","[45.0, -0.003000000026077032, -0.0010000000474974513]","[2, 2]"
2025-10-20 10:57:19,Motion_Completed,"[-0.000666666601318866, -45.0, 4.16666662205285e-06]","[45.0, -0.0030000000260770325, -0.0010000000474974515]","[45.0, -0.003000000026077032, -0.0010000000474974513]","[2, 2]"
2025-10-20 10:57:19,Motion_Completed,"[-0.000666666601318866, -45.0, 4.16666662205285e-06]","[45.0, -0.0030000000260770325, -0.0010000000474974515]","[45.0, -0.003000000026077032, -0.0010000000474974513]","[2, 2]"
2025-10-20 10:57:19,Motion_Completed,"[-0.000666666601318866, -45.0, 4.16666662205285e-06]","[45.0, -0.0030000000260770325, -0.0010000000474974515]","[45.0, -0.003000000026077032, -0.0010000000474974513]","[2, 2]"
2025-10-20 10:57:19,Motion_Completed,"[-0.000666666601318866, -45.0, 4.16666662205285e-06]","[45.0, -0.0030000000260770325, -0.0010000000474974515]","[45.0, -0.003000000026077032, -0.0010000000474974513]","[2, 2]"
2025-10-20 10:57:19,Motion_Completed,"[-0.000666666601318866, -45.0, 4.16666662205285e-06]","[45.0, -0.0030000000260770325, -0.0010000000474974515]","[45.0, -0.003000000026077032, -0.0010000000474974513]","[2, 2]"
2025-10-20 10:57:19,Motion_Completed,"[-0.000666666601318866, -45.0, 4.16666662205285e-06]","[45.0, -0.0030000000260770325, -0.0010000000474974515]","[45.0, -0.003000000026077032, -0.0010000000474974513]","[2, 2]"
2025-10-20 10:57:19,Motion_Completed,"[-0.000666666601318866, -45.0, 4.16666662205285e-06]","[45.0, -0.0030000000260770325, -0.0010000000474974515]","[45.0, -0.003000000026077032, -0.0010000000474974513]","[2, 2]"
2025-10-20 10:57:19,Motion_Completed,"[-0.000666666601318866, -45.0, 4.16666662205285e-06]","[45.0, -0.0030000000260770325, -0.0010000000474974515]","[45.0, -0.003000000026077032, -0.0010000000474974513]","[2, 2]"
2025-10-20 10:57:19,Motion_Completed,"[-0.000666666601318866, -45.0, 4.16666662205285e-06]","[45.0, -0.0030000000260770325, -0.0010000000474974515]","[45.0, -0.003000000026077032, -0.0010000000474974513]","[2, 2]"
2025-10-20 10:57:19,Motion_Completed,"[-0.000666666601318866, -45.0, 4.16666662205285e-06]","[45.0, -0.0030000000260770325, -0.0010000000474974515]","[45.0, -0.003000000026077032, -0.0010000000474974513]","[2, 2]"
2025-10-20 10:57:19,Motion_Completed,"[-0.000666666601318866, -45.0, 4.16666662205285e-06]","[45.0, -0.0030000000260770325, -0.0010000000474974515]","[45.0, -0.003000000026077032, -0.0010000000474974513]","[2, 2]"
2025-10-20 10:57:20,Motion_Completed,"[-0.000666666601318866, -45.0, 4.16666662205285e-06]","[45.0, -0.0030000000260770325, -0.0010000000474974515]","[45.0, -0.003000000026077032, -0.0010000000474974513]","[2, 2]"
2025-10-20 10:57:20,Motion_Completed,"[-0.000666666601318866, -45.0, 4.16666662205285e-06]","[45.0, -0.0030000000260770325, -0.0010000000474974515]","[45.0, -0.003000000026077032, -0.0010000000474974513]","[2, 2]"
2025-10-20 10:57:20,Motion_Completed,"[-0.000666666601318866, -45.0, 4.16666662205285e-06]","[45.0, -0.0030000000260770325, -0.0010000000474974515]","[45.0, -0.003000000026077032, -0.0010000000474974513]","[2, 2]"
2025-10-20 10:57:20,Motion_Completed,"[-0.000666666601318866, -45.0, 4.16666662205285e-06]","[45.0, -0.0030000000260770325, -0.0010000000474974515]","[45.0, -0.003000000026077032, -0.0010000000474974513]","[2, 2]"
2025-10-20 10:57:20,Motion_Completed,"[-0.000666666601318866, -45.0, 4.16666662205285e-06]","[45.0, -0.0030000000260770325, -0.0010000000474974515]","[45.0, -0.003000000026077032, -0.0010000000474974513]","[2, 2]"
2025-10-20 10:57:20,Motion_Completed,"[-0.000666666601318866, -45.0, 4.16666662205285e-06]","[45.0, -0.0030000000260770325, -0.0010000000474974515]","[45.0, -0.003000000026077032, -0.0010000000474974513]","[2, 2]"
2025-10-20 10:57:20,Motion_Completed,"[-0.000666666601318866, -45.0, 4.16666662205285e-06]","[45.0, -0.0030000000260770325, -0.0010000000474974515]","[45.0, -0.003000000026077032, -0.0010000000474974513]","[2, 2]"
2025-10-20 10:57:20,Motion_Completed,"[-0.000666666601318866, -45.0, 4.16666662205285e-06]","[45.0, -0.0030000000260770325, -0.0010000000474974515]","[45.0, -0.003000000026077032, -0.0010000000474974513]","[2, 2]"
2025-10-20 10:57:20,Motion_Completed,"[-0.000666666601318866, -45.0, 4.16666662205285e-06]","[45.0, -0.0030000000260770325, -0.0010000000474974515]","[45.0, -0.003000000026077032, -0.0010000000474974513]","[2, 2]"
2025-10-20 10:57:20,Motion_Completed,"[-0.000666666601318866, -45.0, 4.16666662205285e-06]","[45.0, -0.0030000000260770325, -0.0010000000474974515]","[45.0, -0.003000000026077032, -0.0010000000474974513]","[2, 2]"
2025-10-20 10:57:20,Motion_Completed,"[-0.000666666601318866, -45.0, 4.16666662205285e-06]","[45.0, -0.0030000000260770325, -0.0010000000474974515]","[45.0, -0.003000000026077032, -0.0010000000474974513]","[2, 2]"
2025-10-20 10:57:20,Motion_Completed,"[-0.000666666601318866, -45.0, 4.16666662205285e-06]","[45.0, -0.0030000000260770325, -0.0010000000474974515]","[45.0, -0.003000000026077032, -0.0010000000474974513]","[2, 2]"
2025-10-20 10:57:20,Motion_Completed,"[-0.000666666601318866, -45.0, 4.16666662205285e-06]","[45.0, -0.0030000000260770325, -0.0010000000474974515]","[45.0, -0.003000000026077032, -0.0010000000474974513]","[2, 2]"
2025-10-20 10:57:20,Motion_Completed,"[-0.000666666601318866, -45.0, 4.16666662205285e-06]","[45.0, -0.0030000000260770325, -0.0010000000474974515]","[45.0, -0.003000000026077032, -0.0010000000474974513]","[2, 2]"
2025-10-20 10:57:20,Motion_Completed,"[-0.000666666601318866, -45.0, 4.16666662205285e-06]","[45.0, -0.0030000000260770325, -0.0010000000474974515]","[45.0, -0.003000000026077032, -0.0010000000474974513]","[2, 2]"
2025-10-20 10:57:20,Motion_Completed,"[-0.000666666601318866, -45.0, 4.16666662205285e-06]","[45.0, -0.0030000000260770325, -0.0010000000474974515]","[45.0, -0.003000000026077032, -0.0010000000474974513]","[2, 2]"
2025-10-20 10:57:20,Motion_Completed,"[-0.000666666601318866, -45.0, 4.16666662205285e-06]","[45.0, -0.0030000000260770325, -0.0010000000474974515]","[45.0, -0.003000000026077032, -0.0010000000474974513]","[2, 2]"
2025-10-20 10:57:20,Motion_Completed,"[-0.000666666601318866, -45.0, 4.16666662205285e-06]","[45.0, -0.0030000000260770325, -0.0010000000474974515]","[45.0, -0.003000000026077032, -0.0010000000474974513]","[2, 2]"
2025-10-20 10:57:20,Motion_Completed,"[-0.000666666601318866, -45.0, 4.16666662205285e-06]","[45.0, -0.0030000000260770325, -0.0010000000474974515]","[45.0, -0.003000000026077032, -0.0010000000474974513]","[2, 2]"
2025-10-20 10:57:20,Motion_Completed,"[-0.000666666601318866, -45.0, 4.16666662205285e-06]","[45.0, -0.0030000000260770325, -0.0010000000474974515]","[45.0, -0.003000000026077032, -0.0010000000474974513]","[2, 2]"
2025-10-20 10:57:20,Motion_Completed,"[-0.000666666601318866, -45.0, 4.16666662205285e-06]","[45.0, -0.0030000000260770325, -0.0010000000474974515]","[45.0, -0.003000000026077032, -0.0010000000474974513]","[2, 2]"
2025-10-20 10:57:20,Motion_Completed,"[-0.000666666601318866, -45.0, 4.16666662205285e-06]","[45.0, -0.0030000000260770325, -0.0010000000474974515]","[45.0, -0.003000000026077032, -0.0010000000474974513]","[2, 2]"
2025-10-20 10:57:20,Motion_Completed,"[-0.000666666601318866, -45.0, 4.16666662205285e-06]","[45.0, -0.0030000000260770325, -0.0010000000474974515]","[45.0, -0.003000000026077032, -0.0010000000474974513]","[2, 2]"
2025-10-20 10:57:20,Motion_Completed,"[-0.000666666601318866, -45.0, 4.16666662205285e-06]","[45.0, -0.0030000000260770325, -0.0010000000474974515]","[45.0, -0.003000000026077032, -0.0010000000474974513]","[2, 2]"
2025-10-20 10:57:20,Motion_Completed,"[-0.000666666601318866, -45.0, 4.16666662205285e-06]","[45.0, -0.0030000000260770325, -0.0010000000474974515]","[45.0, -0.003000000026077032, -0.0010000000474974513]","[2, 2]"
2025-10-20 10:57:21,Motion_Completed,"[-0.000666666601318866, -45.0, 4.16666662205285e-06]","[45.0, -0.0030000000260770325, -0.0010000000474974515]","[45.0, -0.003000000026077032, -0.0010000000474974513]","[2, 2]"
2025-10-20 10:57:21,Motion_Completed,"[-0.000666666601318866, -45.0, 4.16666662205285e-06]","[45.0, -0.0030000000260770325, -0.0010000000474974515]","[45.0, -0.003000000026077032, -0.0010000000474974513]","[2, 2]"
2025-10-20 10:57:21,Motion_Completed,"[-0.000666666601318866, -45.0, 4.16666662205285e-06]","[45.0, -0.0030000000260770325, -0.0010000000474974515]","[45.0, -0.003000000026077032, -0.0010000000474974513]","[2, 2]"
2025-10-20 10:57:21,Motion_Completed,"[-0.000666666601318866, -45.0, 4.16666662205285e-06]","[45.0, -0.0030000000260770325, -0.0010000000474974515]","[45.0, -0.003000000026077032, -0.0010000000474974513]","[2, 2]"
2025-10-20 10:57:21,Motion_Completed,"[-0.000666666601318866, -45.0, 4.16666662205285e-06]","[45.0, -0.0030000000260770325, -0.0010000000474974515]","[45.0, -0.003000000026077032, -0.0010000000474974513]","[2, 2]"
2025-10-20 10:57:21,Motion_Completed,"[-0.000666666601318866, -45.0, 4.16666662205285e-06]","[45.0, -0.0030000000260770325, -0.0010000000474974515]","[45.0, -0.003000000026077032, -0.0010000000474974513]","[2, 2]"
2025-10-20 10:57:21,Motion_Completed,"[-0.000666666601318866, -45.0, 4.16666662205285e-06]","[45.0, -0.0030000000260770325, -0.0010000000474974515]","[45.0, -0.003000000026077032, -0.0010000000474974513]","[2, 2]"
2025-10-20 10:57:21,Motion_Completed,"[-0.000666666601318866, -45.0, 4.16666662205285e-06]","[45.0, -0.0030000000260770325, -0.0010000000474974515]","[45.0, -0.003000000026077032, -0.0010000000474974513]","[2, 2]"
2025-10-20 10:57:21,Motion_Completed,"[-0.000666666601318866, -45.0, 4.16666662205285e-06]","[45.0, -0.0030000000260770325, -0.0010000000474974515]","[45.0, -0.003000000026077032, -0.0010000000474974513]","[2, 2]"
2025-10-20 10:57:21,Motion_Completed,"[-0.000666666601318866, -45.0, 4.16666662205285e-06]","[45.0, -0.0030000000260770325, -0.0010000000474974515]","[45.0, -0.003000000026077032, -0.0010000000474974513]","[2, 2]"
2025-10-20 10:57:21,Motion_Completed,"[-0.000666666601318866, -45.0, 4.16666662205285e-06]","[45.0, -0.0030000000260770325, -0.0010000000474974515]","[45.0, -0.003000000026077032, -0.0010000000474974513]","[2, 2]"
2025-10-20 10:57:21,Motion_Completed,"[-0.000666666601318866, -45.0, 4.16666662205285e-06]","[45.0, -0.0030000000260770325, -0.0010000000474974515]","[45.0, -0.003000000026077032, -0.0010000000474974513]","[2, 2]"
2025-10-20 10:57:21,Motion_Completed,"[-0.000666666601318866, -45.0, 4.16666662205285e-06]","[45.0, -0.0030000000260770325, -0.0010000000474974515]","[45.0, -0.003000000026077032, -0.0010000000474974513]","[2, 2]"
2025-10-20 10:57:21,Motion_Completed,"[-0.000666666601318866, -45.0, 4.16666662205285e-06]","[45.0, -0.0030000000260770325, -0.0010000000474974515]","[45.0, -0.003000000026077032, -0.0010000000474974513]","[2, 2]"
2025-10-20 10:57:21,Motion_Completed,"[-0.000666666601318866, -45.0, 4.16666662205285e-06]","[45.0, -0.0030000000260770325, -0.0010000000474974515]","[45.0, -0.003000000026077032, -0.0010000000474974513]","[2, 2]"
2025-10-20 10:57:21,Motion_Completed,"[-0.000666666601318866, -45.0, 4.16666662205285e-06]","[45.0, -0.0030000000260770325, -0.0010000000474974515]","[45.0, -0.003000000026077032, -0.0010000000474974513]","[2, 2]"
2025-10-20 10:57:21,Motion_Completed,"[-0.000666666601318866, -45.0, 4.16666662205285e-06]","[45.0, -0.0030000000260770325, -0.0010000000474974515]","[45.0, -0.003000000026077032, -0.0010000000474974513]","[2, 2]"
2025-10-20 10:57:21,Motion_Completed,"[-0.000666666601318866, -45.0, 4.16666662205285e-06]","[45.0, -0.0030000000260770325, -0.0010000000474974515]","[45.0, -0.003000000026077032, -0.0010000000474974513]","[2, 2]"
2025-10-20 10:57:21,Motion_Completed,"[-0.000666666601318866, -45.0, 4.16666662205285e-06]","[45.0, -0.0030000000260770325, -0.0010000000474974515]","[45.0, -0.003000000026077032, -0.0010000000474974513]","[2, 2]"
2025-10-20 10:57:21,Motion_Completed,"[-0.000666666601318866, -45.0, 4.16666662205285e-06]","[45.0, -0.0030000000260770325, -0.0010000000474974515]","[45.0, -0.003000000026077032, -0.0010000000474974513]","[2, 2]"
2025-10-20 10:57:21,Motion_Completed,"[-0.000666666601318866, -45.0, 4.16666662205285e-06]","[45.0, -0.0030000000260770325, -0.0010000000474974515]","[45.0, -0.003000000026077032, -0.0010000000474974513]","[2, 2]"
2025-10-20 10:57:21,Motion_Completed,"[-0.000666666601318866, -45.0, 4.16666662205285e-06]","[45.0, -0.0030000000260770325, -0.0010000000474974515]","[45.0, -0.003000000026077032, -0.0010000000474974513]","[2, 2]"
2025-10-20 10:57:21,Motion_Completed,"[-0.000666666601318866, -45.0, 4.16666662205285e-06]","[45.0, -0.0030000000260770325, -0.0010000000474974515]","[45.0, -0.003000000026077032, -0.0010000000474974513]","[2, 2]"
2025-10-20 10:57:21,Motion_Completed,"[-0.000666666601318866, -45.0, 4.16666662205285e-06]","[45.0, -0.0030000000260770325, -0.0010000000474974515]","[45.0, -0.003000000026077032, -0.0010000000474974513]","[2, 2]"
2025-10-20 10:57:21,Motion_Completed,"[-0.000666666601318866, -45.0, 4.16666662205285e-06]","[45.0, -0.0030000000260770325, -0.0010000000474974515]","[45.0, -0.003000000026077032, -0.0010000000474974513]","[2, 2]"
2025-10-20 10:57:22,Motion_Completed,"[-0.000666666601318866, -45.0, 4.16666662205285e-06]","[45.0, -0.0030000000260770325, -0.0010000000474974515]","[45.0, -0.003000000026077032, -0.0010000000474974513]","[2, 2]"
2025-10-20 10:57:22,Motion_Completed,"[-0.000666666601318866, -45.0, 4.16666662205285e-06]","[45.0, -0.0030000000260770325, -0.0010000000474974515]","[45.0, -0.003000000026077032, -0.0010000000474974513]","[2, 2]"
2025-10-20 10:57:22,Motion_Completed,"[-0.000666666601318866, -45.0, 4.16666662205285e-06]","[45.0, -0.0030000000260770325, -0.0010000000474974515]","[45.0, -0.003000000026077032, -0.0010000000474974513]","[2, 2]"
2025-10-20 10:57:22,Motion_Completed,"[-0.000666666601318866, -45.0, 4.16666662205285e-06]","[45.0, -0.0030000000260770325, -0.0010000000474974515]","[45.0, -0.003000000026077032, -0.0010000000474974513]","[2, 2]"
2025-10-20 10:57:22,Motion_Completed,"[-0.000666666601318866, -45.0, 4.16666662205285e-06]","[45.0, -0.0030000000260770325, -0.0010000000474974515]","[45.0, -0.003000000026077032, -0.0010000000474974513]","[2, 2]"
2025-10-20 10:57:22,Motion_Completed,"[-0.000666666601318866, -45.0, 4.16666662205285e-06]","[45.0, -0.0030000000260770325, -0.0010000000474974515]","[45.0, -0.003000000026077032, -0.0010000000474974513]","[2, 2]"
2025-10-20 10:57:22,Motion_Completed,"[-0.000666666601318866, -45.0, 4.16666662205285e-06]","[45.0, -0.0030000000260770325, -0.0010000000474974515]","[45.0, -0.003000000026077032, -0.0010000000474974513]","[2, 2]"
2025-10-20 10:57:22,Motion_Completed,"[-0.000666666601318866, -45.0, 4.16666662205285e-06]","[45.0, -0.0030000000260770325, -0.0010000000474974515]","[45.0, -0.003000000026077032, -0.0010000000474974513]","[2, 2]"
2025-10-20 10:57:22,Motion_Completed,"[-0.000666666601318866, -45.0, 4.16666662205285e-06]","[45.0, -0.0030000000260770325, -0.0010000000474974515]","[45.0, -0.003000000026077032, -0.0010000000474974513]","[2, 2]"
2025-10-20 10:57:22,Motion_Completed,"[-0.000666666601318866, -45.0, 4.16666662205285e-06]","[45.0, -0.0030000000260770325, -0.0010000000474974515]","[45.0, -0.003000000026077032, -0.0010000000474974513]","[2, 2]"
2025-10-20 10:57:22,Motion_Completed,"[-0.000666666601318866, -45.0, 4.16666662205285e-06]","[45.0, -0.0030000000260770325, -0.0010000000474974515]","[45.0, -0.003000000026077032, -0.0010000000474974513]","[2, 2]"
2025-10-20 10:57:22,Motion_Completed,"[-0.000666666601318866, -45.0, 4.16666662205285e-06]","[45.0, -0.0030000000260770325, -0.0010000000474974515]","[45.0, -0.003000000026077032, -0.0010000000474974513]","[2, 2]"
2025-10-20 10:57:22,Motion_Completed,"[-0.000666666601318866, -45.0, 4.16666662205285e-06]","[45.0, -0.0030000000260770325, -0.0010000000474974515]","[45.0, -0.003000000026077032, -0.0010000000474974513]","[2, 2]"
2025-10-20 10:57:22,Motion_Completed,"[-0.000666666601318866, -45.0, 4.16666662205285e-06]","[45.0, -0.0030000000260770325, -0.0010000000474974515]","[45.0, -0.003000000026077032, -0.0010000000474974513]","[2, 2]"
2025-10-20 10:57:22,Motion_Completed,"[-0.000666666601318866, -45.0, 4.16666662205285e-06]","[45.0, -0.0030000000260770325, -0.0010000000474974515]","[45.0, -0.003000000026077032, -0.0010000000474974513]","[2, 2]"
2025-10-20 10:57:22,Motion_Completed,"[-0.000666666601318866, -45.0, 4.16666662205285e-06]","[45.0, -0.0030000000260770325, -0.0010000000474974515]","[45.0, -0.003000000026077032, -0.0010000000474974513]","[2, 2]"
2025-10-20 10:57:22,Motion_Completed,"[-0.000666666601318866, -45.0, 4.16666662205285e-06]","[45.0, -0.0030000000260770325, -0.0010000000474974515]","[45.0, -0.003000000026077032, -0.0010000000474974513]","[2, 2]"
2025-10-20 10:57:22,Motion_Completed,"[-0.000666666601318866, -45.0, 4.16666662205285e-06]","[45.0, -0.0030000000260770325, -0.0010000000474974515]","[45.0, -0.003000000026077032, -0.0010000000474974513]","[2, 2]"
2025-10-20 10:57:22,Motion_Completed,"[-0.000666666601318866, -45.0, 4.16666662205285e-06]","[45.0, -0.0030000000260770325, -0.0010000000474974515]","[45.0, -0.003000000026077032, -0.0010000000474974513]","[2, 2]"
2025-10-20 10:57:22,Motion_Completed,"[-0.000666666601318866, -45.0, 4.16666662205285e-06]","[45.0, -0.0030000000260770325, -0.0010000000474974515]","[45.0, -0.003000000026077032, -0.0010000000474974513]","[2, 2]"
2025-10-20 10:57:22,Motion_Completed,"[-0.000666666601318866, -45.0, 4.16666662205285e-06]","[45.0, -0.0030000000260770325, -0.0010000000474974515]","[45.0, -0.003000000026077032, -0.0010000000474974513]","[2, 2]"
2025-10-20 10:57:22,Motion_Completed,"[-0.000666666601318866, -45.0, 4.16666662205285e-06]","[45.0, -0.0030000000260770325, -0.0010000000474974515]","[45.0, -0.003000000026077032, -0.0010000000474974513]","[2, 2]"
2025-10-20 10:57:22,Motion_Completed,"[-0.000666666601318866, -45.0, 4.16666662205285e-06]","[45.0, -0.0030000000260770325, -0.0010000000474974515]","[45.0, -0.003000000026077032, -0.0010000000474974513]","[2, 2]"
2025-10-20 10:57:22,Motion_Completed,"[-0.000666666601318866, -45.0, 4.16666662205285e-06]","[45.0, -0.0030000000260770325, -0.0010000000474974515]","[45.0, -0.003000000026077032, -0.0010000000474974513]","[2, 2]"
2025-10-20 10:57:22,Motion_Completed,"[-0.000666666601318866, -45.0, 4.16666662205285e-06]","[45.0, -0.0030000000260770325, -0.0010000000474974515]","[45.0, -0.003000000026077032, -0.0010000000474974513]","[2, 2]"
2025-10-20 10:57:23,Motion_Completed,"[-0.000666666601318866, -45.0, 4.16666662205285e-06]","[45.0, -0.0030000000260770325, -0.0010000000474974515]","[45.0, -0.003000000026077032, -0.0010000000474974513]","[2, 2]"
2025-10-20 10:57:23,Motion_Completed,"[-0.000666666601318866, -45.0, 4.16666662205285e-06]","[45.0, -0.0030000000260770325, -0.0010000000474974515]","[45.0, -0.003000000026077032, -0.0010000000474974513]","[2, 2]"
2025-10-20 10:57:23,Motion_Completed,"[-0.000666666601318866, -45.0, 4.16666662205285e-06]","[45.0, -0.0030000000260770325, -0.0010000000474974515]","[45.0, -0.003000000026077032, -0.0010000000474974513]","[2, 2]"
2025-10-20 10:57:23,Motion_Completed,"[-0.000666666601318866, -45.0, 4.16666662205285e-06]","[45.0, -0.0030000000260770325, -0.0010000000474974515]","[45.0, -0.003000000026077032, -0.0010000000474974513]","[2, 2]"
2025-10-20 10:57:23,Motion_Completed,"[-0.000666666601318866, -45.0, 4.16666662205285e-06]","[45.0, -0.0030000000260770325, -0.0010000000474974515]","[45.0, -0.003000000026077032, -0.0010000000474974513]","[2, 2]"
2025-10-20 10:57:23,Motion_Completed,"[-0.000666666601318866, -45.0, 4.16666662205285e-06]","[45.0, -0.0030000000260770325, -0.0010000000474974515]","[45.0, -0.003000000026077032, -0.0010000000474974513]","[2, 2]"
2025-10-20 10:57:23,Motion_Completed,"[-0.000666666601318866, -45.0, 4.16666662205285e-06]","[45.0, -0.0030000000260770325, -0.0010000000474974515]","[45.0, -0.003000000026077032, -0.0010000000474974513]","[2, 2]"
2025-10-20 10:57:23,Motion_Completed,"[-0.000666666601318866, -45.0, 4.16666662205285e-06]","[45.0, -0.0030000000260770325, -0.0010000000474974515]","[45.0, -0.003000000026077032, -0.0010000000474974513]","[2, 2]"
2025-10-20 10:57:23,Motion_Completed,"[-0.000666666601318866, -45.0, 4.16666662205285e-06]","[45.0, -0.0030000000260770325, -0.0010000000474974515]","[45.0, -0.003000000026077032, -0.0010000000474974513]","[2, 2]"
2025-10-20 10:57:23,Motion_Completed,"[-0.000666666601318866, -45.0, 4.16666662205285e-06]","[45.0, -0.0030000000260770325, -0.0010000000474974515]","[45.0, -0.003000000026077032, -0.0010000000474974513]","[2, 2]"
2025-10-20 10:57:23,Motion_Completed,"[-0.000666666601318866, -45.0, 4.16666662205285e-06]","[45.0, -0.0030000000260770325, -0.0010000000474974515]","[45.0, -0.003000000026077032, -0.0010000000474974513]","[2, 2]"
2025-10-20 10:57:23,Motion_Completed,"[-0.000666666601318866, -45.0, 4.16666662205285e-06]","[45.0, -0.0030000000260770325, -0.0010000000474974515]","[45.0, -0.003000000026077032, -0.0010000000474974513]","[2, 2]"
2025-10-20 10:57:23,Motion_Completed,"[-0.000666666601318866, -45.0, 4.16666662205285e-06]","[45.0, -0.0030000000260770325, -0.0010000000474974515]","[45.0, -0.003000000026077032, -0.0010000000474974513]","[2, 2]"
2025-10-20 10:57:23,Motion_Completed,"[-0.000666666601318866, -45.0, 4.16666662205285e-06]","[45.0, -0.0030000000260770325, -0.0010000000474974515]","[45.0, -0.003000000026077032, -0.0010000000474974513]","[2, 2]"
2025-10-20 10:57:23,Motion_Completed,"[-0.000666666601318866, -45.0, 4.16666662205285e-06]","[45.0, -0.0030000000260770325, -0.0010000000474974515]","[45.0, -0.003000000026077032, -0.0010000000474974513]","[2, 2]"
2025-10-20 10:57:23,Motion_Completed,"[-0.000666666601318866, -45.0, 4.16666662205285e-06]","[45.0, -0.0030000000260770325, -0.0010000000474974515]","[45.0, -0.003000000026077032, -0.0010000000474974513]","[2, 2]"
2025-10-20 10:57:23,Motion_Completed,"[-0.000666666601318866, -45.0, 4.16666662205285e-06]","[45.0, -0.0030000000260770325, -0.0010000000474974515]","[45.0, -0.003000000026077032, -0.0010000000474974513]","[2, 2]"
2025-10-20 10:57:23,Motion_Completed,"[-0.000666666601318866, -45.0, 4.16666662205285e-06]","[45.0, -0.0030000000260770325, -0.0010000000474974515]","[45.0, -0.003000000026077032, -0.0010000000474974513]","[2, 2]"
2025-10-20 10:57:23,Motion_Completed,"[-0.000666666601318866, -45.0, 4.16666662205285e-06]","[45.0, -0.0030000000260770325, -0.0010000000474974515]","[45.0, -0.003000000026077032, -0.0010000000474974513]","[2, 2]"
2025-10-20 10:57:23,Motion_Completed,"[-0.000666666601318866, -45.0, 4.16666662205285e-06]","[45.0, -0.0030000000260770325, -0.0010000000474974515]","[45.0, -0.003000000026077032, -0.0010000000474974513]","[2, 2]"
2025-10-20 10:57:23,Motion_Completed,"[-0.000666666601318866, -45.0, 4.16666662205285e-06]","[45.0, -0.0030000000260770325, -0.0010000000474974515]","[45.0, -0.003000000026077032, -0.0010000000474974513]","[2, 2]"
2025-10-20 10:57:23,Motion_Completed,"[-0.000666666601318866, -45.0, 4.16666662205285e-06]","[45.0, -0.0030000000260770325, -0.0010000000474974515]","[45.0, -0.003000000026077032, -0.0010000000474974513]","[2, 2]"
2025-10-20 10:57:23,Motion_Completed,"[-0.000666666601318866, -45.0, 4.16666662205285e-06]","[45.0, -0.0030000000260770325, -0.0010000000474974515]","[45.0, -0.003000000026077032, -0.0010000000474974513]","[2, 2]"
2025-10-20 10:57:23,Motion_Completed,"[-0.000666666601318866, -45.0, 4.16666662205285e-06]","[45.0, -0.0030000000260770325, -0.0010000000474974515]","[45.0, -0.003000000026077032, -0.0010000000474974513]","[2, 2]"
2025-10-20 10:57:23,Motion_Completed,"[-0.000666666601318866, -45.0, 4.16666662205285e-06]","[45.0, -0.0030000000260770325, -0.0010000000474974515]","[45.0, -0.003000000026077032, -0.0010000000474974513]","[2, 2]"
2025-10-20 10:57:24,Motion_Completed,"[-0.000666666601318866, -45.0, 4.16666662205285e-06]","[45.0, -0.0030000000260770325, -0.0010000000474974515]","[45.0, -0.003000000026077032, -0.0010000000474974513]","[2, 2]"
2025-10-20 10:57:24,Motion_Completed,"[-0.000666666601318866, -45.0, 4.16666662205285e-06]","[45.0, -0.0030000000260770325, -0.0010000000474974515]","[45.0, -0.003000000026077032, -0.0010000000474974513]","[2, 2]"
2025-10-20 10:57:24,Motion_Completed,"[-0.000666666601318866, -45.0, 4.16666662205285e-06]","[45.0, -0.0030000000260770325, -0.0010000000474974515]","[45.0, -0.003000000026077032, -0.0010000000474974513]","[2, 2]"
2025-10-20 10:57:24,Motion_Completed,"[-0.000666666601318866, -45.0, 4.16666662205285e-06]","[45.0, -0.0030000000260770325, -0.0010000000474974515]","[45.0, -0.003000000026077032, -0.0010000000474974513]","[2, 2]"
2025-10-20 10:57:24,Motion_Completed,"[-0.000666666601318866, -45.0, 4.16666662205285e-06]","[45.0, -0.0030000000260770325, -0.0010000000474974515]","[45.0, -0.003000000026077032, -0.0010000000474974513]","[2, 2]"
2025-10-20 10:57:24,Motion_Completed,"[-0.000666666601318866, -45.0, 4.16666662205285e-06]","[45.0, -0.0030000000260770325, -0.0010000000474974515]","[45.0, -0.003000000026077032, -0.0010000000474974513]","[2, 2]"
2025-10-20 10:57:24,Motion_Completed,"[-0.000666666601318866, -45.0, 4.16666662205285e-06]","[45.0, -0.0030000000260770325, -0.0010000000474974515]","[45.0, -0.003000000026077032, -0.0010000000474974513]","[2, 2]"
2025-10-20 10:57:24,Motion_Completed,"[-0.000666666601318866, -45.0, 4.16666662205285e-06]","[45.0, -0.0030000000260770325, -0.0010000000474974515]","[45.0, -0.003000000026077032, -0.0010000000474974513]","[2, 2]"
2025-10-20 10:57:24,Motion_Completed,"[-0.000666666601318866, -45.0, 4.16666662205285e-06]","[45.0, -0.0030000000260770325, -0.0010000000474974515]","[45.0, -0.003000000026077032, -0.0010000000474974513]","[2, 2]"
2025-10-20 10:57:24,Motion_Completed,"[-0.000666666601318866, -45.0, 4.16666662205285e-06]","[45.0, -0.0030000000260770325, -0.0010000000474974515]","[45.0, -0.003000000026077032, -0.0010000000474974513]","[2, 2]"
2025-10-20 10:57:24,Motion_Completed,"[-0.000666666601318866, -45.0, 4.16666662205285e-06]","[45.0, -0.0030000000260770325, -0.0010000000474974515]","[45.0, -0.003000000026077032, -0.0010000000474974513]","[2, 2]"
2025-10-20 10:57:24,Motion_Completed,"[-0.000666666601318866, -45.0, 4.16666662205285e-06]","[45.0, -0.0030000000260770325, -0.0010000000474974515]","[45.0, -0.003000000026077032, -0.0010000000474974513]","[2, 2]"
2025-10-20 10:57:24,Motion_Completed,"[-0.000666666601318866, -45.0, 4.16666662205285e-06]","[45.0, -0.0030000000260770325, -0.0010000000474974515]","[45.0, -0.003000000026077032, -0.0010000000474974513]","[2, 2]"
2025-10-20 10:57:24,Motion_Completed,"[-0.000666666601318866, -45.0, 4.16666662205285e-06]","[45.0, -0.0030000000260770325, -0.0010000000474974515]","[45.0, -0.003000000026077032, -0.0010000000474974513]","[2, 2]"
2025-10-20 10:57:24,Motion_Completed,"[-0.000666666601318866, -45.0, 4.16666662205285e-06]","[45.0, -0.0030000000260770325, -0.0010000000474974515]","[45.0, -0.003000000026077032, -0.0010000000474974513]","[2, 2]"
2025-10-20 10:57:24,Motion_Completed,"[-0.000666666601318866, -45.0, 4.16666662205285e-06]","[45.0, -0.0030000000260770325, -0.0010000000474974515]","[45.0, -0.003000000026077032, -0.0010000000474974513]","[2, 2]"
2025-10-20 10:57:24,Motion_Completed,"[-0.000666666601318866, -45.0, 4.16666662205285e-06]","[45.0, -0.0030000000260770325, -0.0010000000474974515]","[45.0, -0.003000000026077032, -0.0010000000474974513]","[2, 2]"
2025-10-20 10:57:24,Motion_Completed,"[-0.000666666601318866, -45.0, 4.16666662205285e-06]","[45.0, -0.0030000000260770325, -0.0010000000474974515]","[45.0, -0.003000000026077032, -0.0010000000474974513]","[2, 2]"
2025-10-20 10:57:24,Motion_Completed,"[-0.000666666601318866, -45.0, 4.16666662205285e-06]","[45.0, -0.0030000000260770325, -0.0010000000474974515]","[45.0, -0.003000000026077032, -0.0010000000474974513]","[2, 2]"
2025-10-20 10:57:24,Motion_Completed,"[-0.000666666601318866, -45.0, 4.16666662205285e-06]","[45.0, -0.0030000000260770325, -0.0010000000474974515]","[45.0, -0.003000000026077032, -0.0010000000474974513]","[2, 2]"
2025-10-20 10:57:24,Motion_Completed,"[-0.000666666601318866, -45.0, 4.16666662205285e-06]","[45.0, -0.0030000000260770325, -0.0010000000474974515]","[45.0, -0.003000000026077032, -0.0010000000474974513]","[2, 2]"
2025-10-20 10:57:24,Motion_Completed,"[-0.000666666601318866, -45.0, 4.16666662205285e-06]","[45.0, -0.0030000000260770325, -0.0010000000474974515]","[45.0, -0.003000000026077032, -0.0010000000474974513]","[2, 2]"
2025-10-20 10:57:24,Motion_Completed,"[-0.000666666601318866, -45.0, 4.16666662205285e-06]","[45.0, -0.0030000000260770325, -0.0010000000474974515]","[45.0, -0.003000000026077032, -0.0010000000474974513]","[2, 2]"
2025-10-20 10:57:24,Motion_Completed,"[-0.000666666601318866, -45.0, 4.16666662205285e-06]","[45.0, -0.0030000000260770325, -0.0010000000474974515]","[45.0, -0.003000000026077032, -0.0010000000474974513]","[2, 2]"
2025-10-20 10:57:24,Motion_Completed,"[-0.000666666601318866, -45.0, 4.16666662205285e-06]","[45.0, -0.0030000000260770325, -0.0010000000474974515]","[45.0, -0.003000000026077032, -0.0010000000474974513]","[2, 2]"
2025-10-20 10:57:25,Motion_Completed,"[-0.000666666601318866, -45.0, 4.16666662205285e-06]","[45.0, -0.0030000000260770325, -0.0010000000474974515]","[45.0, -0.003000000026077032, -0.0010000000474974513]","[2, 2]"
2025-10-20 10:57:25,Motion_Completed,"[-0.000666666601318866, -45.0, 4.16666662205285e-06]","[45.0, -0.0030000000260770325, -0.0010000000474974515]","[45.0, -0.003000000026077032, -0.0010000000474974513]","[2, 2]"
2025-10-20 10:57:25,Motion_Completed,"[-0.000666666601318866, -45.0, 4.16666662205285e-06]","[45.0, -0.0030000000260770325, -0.0010000000474974515]","[45.0, -0.003000000026077032, -0.0010000000474974513]","[2, 2]"
2025-10-20 10:57:25,Motion_Completed,"[-0.000666666601318866, -45.0, 4.16666662205285e-06]","[45.0, -0.0030000000260770325, -0.0010000000474974515]","[45.0, -0.003000000026077032, -0.0010000000474974513]","[2, 2]"
2025-10-20 10:57:25,Motion_Completed,"[-0.000666666601318866, -45.0, 4.16666662205285e-06]","[45.0, -0.0030000000260770325, -0.0010000000474974515]","[45.0, -0.003000000026077032, -0.0010000000474974513]","[2, 2]"
2025-10-20 10:57:25,Motion_Completed,"[-0.000666666601318866, -45.0, 4.16666662205285e-06]","[45.0, -0.0030000000260770325, -0.0010000000474974515]","[45.0, -0.003000000026077032, -0.0010000000474974513]","[2, 2]"
2025-10-20 10:57:25,Motion_Completed,"[-0.000666666601318866, -45.0, 4.16666662205285e-06]","[45.0, -0.0030000000260770325, -0.0010000000474974515]","[45.0, -0.003000000026077032, -0.0010000000474974513]","[2, 2]"
2025-10-20 10:57:25,Motion_Completed,"[-0.000666666601318866, -45.0, 4.16666662205285e-06]","[45.0, -0.0030000000260770325, -0.0010000000474974515]","[45.0, -0.003000000026077032, -0.0010000000474974513]","[2, 2]"
2025-10-20 10:57:25,Motion_Completed,"[-0.000666666601318866, -45.0, 4.16666662205285e-06]","[45.0, -0.0030000000260770325, -0.0010000000474974515]","[45.0, -0.003000000026077032, -0.0010000000474974513]","[2, 2]"
2025-10-20 10:57:25,Motion_Completed,"[-0.000666666601318866, -45.0, 4.16666662205285e-06]","[45.0, -0.0030000000260770325, -0.0010000000474974515]","[45.0, -0.003000000026077032, -0.0010000000474974513]","[2, 2]"
2025-10-20 10:57:25,Motion_Completed,"[-0.000666666601318866, -45.0, 4.16666662205285e-06]","[45.0, -0.0030000000260770325, -0.0010000000474974515]","[45.0, -0.003000000026077032, -0.0010000000474974513]","[2, 2]"
2025-10-20 10:57:25,Motion_Completed,"[-0.000666666601318866, -45.0, 4.16666662205285e-06]","[45.0, -0.0030000000260770325, -0.0010000000474974515]","[45.0, -0.003000000026077032, -0.0010000000474974513]","[2, 2]"
2025-10-20 10:57:25,Motion_Completed,"[-0.000666666601318866, -45.0, 4.16666662205285e-06]","[45.0, -0.0030000000260770325, -0.0010000000474974515]","[45.0, -0.003000000026077032, -0.0010000000474974513]","[2, 2]"
2025-10-20 10:57:25,Motion_Completed,"[-0.000666666601318866, -45.0, 4.16666662205285e-06]","[45.0, -0.0030000000260770325, -0.0010000000474974515]","[45.0, -0.003000000026077032, -0.0010000000474974513]","[2, 2]"
2025-10-20 10:57:25,Motion_Completed,"[-0.000666666601318866, -45.0, 4.16666662205285e-06]","[45.0, -0.0030000000260770325, -0.0010000000474974515]","[45.0, -0.003000000026077032, -0.0010000000474974513]","[2, 2]"
2025-10-20 10:57:25,Motion_Completed,"[-0.000666666601318866, -45.0, 4.16666662205285e-06]","[45.0, -0.0030000000260770325, -0.0010000000474974515]","[45.0, -0.003000000026077032, -0.0010000000474974513]","[2, 2]"
2025-10-20 10:57:25,Motion_Completed,"[-0.000666666601318866, -45.0, 4.16666662205285e-06]","[45.0, -0.0030000000260770325, -0.0010000000474974515]","[45.0, -0.003000000026077032, -0.0010000000474974513]","[2, 2]"
2025-10-20 10:57:25,Motion_Completed,"[-0.000666666601318866, -45.0, 4.16666662205285e-06]","[45.0, -0.0030000000260770325, -0.0010000000474974515]","[45.0, -0.003000000026077032, -0.0010000000474974513]","[2, 2]"
2025-10-20 10:57:25,Motion_Completed,"[-0.000666666601318866, -45.0, 4.16666662205285e-06]","[45.0, -0.0030000000260770325, -0.0010000000474974515]","[45.0, -0.003000000026077032, -0.0010000000474974513]","[2, 2]"
2025-10-20 10:57:25,Motion_Completed,"[-0.000666666601318866, -45.0, 4.16666662205285e-06]","[45.0, -0.0030000000260770325, -0.0010000000474974515]","[45.0, -0.003000000026077032, -0.0010000000474974513]","[2, 2]"
2025-10-20 10:57:25,Motion_Completed,"[-0.000666666601318866, -45.0, 4.16666662205285e-06]","[45.0, -0.0030000000260770325, -0.0010000000474974515]","[45.0, -0.003000000026077032, -0.0010000000474974513]","[2, 2]"
2025-10-20 10:57:25,Motion_Completed,"[-0.000666666601318866, -45.0, 4.16666662205285e-06]","[45.0, -0.0030000000260770325, -0.0010000000474974515]","[45.0, -0.003000000026077032, -0.0010000000474974513]","[2, 2]"
2025-10-20 10:57:25,Motion_Completed,"[-0.000666666601318866, -45.0, 4.16666662205285e-06]","[45.0, -0.0030000000260770325, -0.0010000000474974515]","[45.0, -0.003000000026077032, -0.0010000000474974513]","[2, 2]"
2025-10-20 10:57:25,Motion_Completed,"[-0.000666666601318866, -45.0, 4.16666662205285e-06]","[45.0, -0.0030000000260770325, -0.0010000000474974515]","[45.0, -0.003000000026077032, -0.0010000000474974513]","[2, 2]"
2025-10-20 10:57:25,Motion_Completed,"[-0.000666666601318866, -45.0, 4.16666662205285e-06]","[45.0, -0.0030000000260770325, -0.0010000000474974515]","[45.0, -0.003000000026077032, -0.0010000000474974513]","[2, 2]"
2025-10-20 10:57:26,Motion_Completed,"[-0.000666666601318866, -45.0, 4.16666662205285e-06]","[45.0, -0.0030000000260770325, -0.0010000000474974515]","[45.0, -0.003000000026077032, -0.0010000000474974513]","[2, 2]"
2025-10-20 10:57:26,Motion_Completed,"[-0.000666666601318866, -45.0, 4.16666662205285e-06]","[45.0, -0.0030000000260770325, -0.0010000000474974515]","[45.0, -0.003000000026077032, -0.0010000000474974513]","[2, 2]"
2025-10-20 10:57:26,Motion_Completed,"[-0.000666666601318866, -45.0, 4.16666662205285e-06]","[45.0, -0.0030000000260770325, -0.0010000000474974515]","[45.0, -0.003000000026077032, -0.0010000000474974513]","[2, 2]"
2025-10-20 10:57:26,Motion_Completed,"[-0.000666666601318866, -45.0, 4.16666662205285e-06]","[45.0, -0.0030000000260770325, -0.0010000000474974515]","[45.0, -0.003000000026077032, -0.0010000000474974513]","[2, 2]"
2025-10-20 10:57:26,Motion_Completed,"[-0.000666666601318866, -45.0, 4.16666662205285e-06]","[45.0, -0.0030000000260770325, -0.0010000000474974515]","[45.0, -0.003000000026077032, -0.0010000000474974513]","[2, 2]"
2025-10-20 10:57:26,Motion_Completed,"[-0.000666666601318866, -45.0, 4.16666662205285e-06]","[45.0, -0.0030000000260770325, -0.0010000000474974515]","[45.0, -0.003000000026077032, -0.0010000000474974513]","[2, 2]"
2025-10-20 10:57:26,Motion_Completed,"[-0.000666666601318866, -45.0, 4.16666662205285e-06]","[45.0, -0.0030000000260770325, -0.0010000000474974515]","[45.0, -0.003000000026077032, -0.0010000000474974513]","[2, 2]"
2025-10-20 10:57:26,Motion_Completed,"[-0.000666666601318866, -45.0, 4.16666662205285e-06]","[45.0, -0.0030000000260770325, -0.0010000000474974515]","[45.0, -0.003000000026077032, -0.0010000000474974513]","[2, 2]"
2025-10-20 10:57:26,Motion_Completed,"[-0.000666666601318866, -45.0, 4.16666662205285e-06]","[45.0, -0.0030000000260770325, -0.0010000000474974515]","[45.0, -0.003000000026077032, -0.0010000000474974513]","[2, 2]"
2025-10-20 10:57:26,Motion_Completed,"[-0.000666666601318866, -45.0, 4.16666662205285e-06]","[45.0, -0.0030000000260770325, -0.0010000000474974515]","[45.0, -0.003000000026077032, -0.0010000000474974513]","[2, 2]"
2025-10-20 10:57:26,Motion_Completed,"[-0.000666666601318866, -45.0, 4.16666662205285e-06]","[45.0, -0.0030000000260770325, -0.0010000000474974515]","[45.0, -0.003000000026077032, -0.0010000000474974513]","[2, 2]"
2025-10-20 10:57:26,Motion_Completed,"[-0.000666666601318866, -45.0, 4.16666662205285e-06]","[45.0, -0.0030000000260770325, -0.0010000000474974515]","[45.0, -0.003000000026077032, -0.0010000000474974513]","[2, 2]"
2025-10-20 10:57:26,Motion_Completed,"[-0.000666666601318866, -45.0, 4.16666662205285e-06]","[45.0, -0.0030000000260770325, -0.0010000000474974515]","[45.0, -0.003000000026077032, -0.0010000000474974513]","[2, 2]"
2025-10-20 10:57:26,Motion_Completed,"[-0.000666666601318866, -45.0, 4.16666662205285e-06]","[45.0, -0.0030000000260770325, -0.0010000000474974515]","[45.0, -0.003000000026077032, -0.0010000000474974513]","[2, 2]"
2025-10-20 10:57:26,Motion_Completed,"[-0.000666666601318866, -45.0, 4.16666662205285e-06]","[45.0, -0.0030000000260770325, -0.0010000000474974515]","[45.0, -0.003000000026077032, -0.0010000000474974513]","[2, 2]"
2025-10-20 10:57:26,Motion_Completed,"[-0.000666666601318866, -45.0, 4.16666662205285e-06]","[45.0, -0.0030000000260770325, -0.0010000000474974515]","[45.0, -0.003000000026077032, -0.0010000000474974513]","[2, 2]"
2025-10-20 10:57:26,Motion_Completed,"[-0.000666666601318866, -45.0, 4.16666662205285e-06]","[45.0, -0.0030000000260770325, -0.0010000000474974515]","[45.0, -0.003000000026077032, -0.0010000000474974513]","[2, 2]"
2025-10-20 10:57:26,Motion_Completed,"[-0.000666666601318866, -45.0, 4.16666662205285e-06]","[45.0, -0.0030000000260770325, -0.0010000000474974515]","[45.0, -0.003000000026077032, -0.0010000000474974513]","[2, 2]"
2025-10-20 10:57:26,Motion_Completed,"[-0.000666666601318866, -45.0, 4.16666662205285e-06]","[45.0, -0.0030000000260770325, -0.0010000000474974515]","[45.0, -0.003000000026077032, -0.0010000000474974513]","[2, 2]"
2025-10-20 10:57:26,Motion_Completed,"[-0.000666666601318866, -45.0, 4.16666662205285e-06]","[45.0, -0.0030000000260770325, -0.0010000000474974515]","[45.0, -0.003000000026077032, -0.0010000000474974513]","[2, 2]"
2025-10-20 10:57:26,Motion_Completed,"[-0.000666666601318866, -45.0, 4.16666662205285e-06]","[45.0, -0.0030000000260770325, -0.0010000000474974515]","[45.0, -0.003000000026077032, -0.0010000000474974513]","[2, 2]"
2025-10-20 10:57:26,Motion_Completed,"[-0.000666666601318866, -45.0, 4.16666662205285e-06]","[45.0, -0.0030000000260770325, -0.0010000000474974515]","[45.0, -0.003000000026077032, -0.0010000000474974513]","[2, 2]"
2025-10-20 10:57:26,Motion_Completed,"[-0.000666666601318866, -45.0, 4.16666662205285e-06]","[45.0, -0.0030000000260770325, -0.0010000000474974515]","[45.0, -0.003000000026077032, -0.0010000000474974513]","[2, 2]"
2025-10-20 10:57:26,Motion_Completed,"[-0.000666666601318866, -45.0, 4.16666662205285e-06]","[45.0, -0.0030000000260770325, -0.0010000000474974515]","[45.0, -0.003000000026077032, -0.0010000000474974513]","[2, 2]"
2025-10-20 10:57:26,Motion_Completed,"[-0.000666666601318866, -45.0, 4.16666662205285e-06]","[45.0, -0.0030000000260770325, -0.0010000000474974515]","[45.0, -0.003000000026077032, -0.0010000000474974513]","[2, 2]"
2025-10-20 10:57:27,Motion_Completed,"[-0.000666666601318866, -45.0, 4.16666662205285e-06]","[45.0, -0.0030000000260770325, -0.0010000000474974515]","[45.0, -0.003000000026077032, -0.0010000000474974513]","[2, 2]"
2025-10-20 10:57:27,Motion_Completed,"[-0.000666666601318866, -45.0, 4.16666662205285e-06]","[45.0, -0.0030000000260770325, -0.0010000000474974515]","[45.0, -0.003000000026077032, -0.0010000000474974513]","[2, 2]"
2025-10-20 10:57:27,Motion_Completed,"[-0.000666666601318866, -45.0, 4.16666662205285e-06]","[45.0, -0.0030000000260770325, -0.0010000000474974515]","[45.0, -0.003000000026077032, -0.0010000000474974513]","[2, 2]"
2025-10-20 10:57:27,Motion_Completed,"[-0.000666666601318866, -45.0, 4.16666662205285e-06]","[45.0, -0.0030000000260770325, -0.0010000000474974515]","[45.0, -0.003000000026077032, -0.0010000000474974513]","[2, 2]"
2025-10-20 10:57:27,Motion_Completed,"[-0.000666666601318866, -45.0, 4.16666662205285e-06]","[45.0, -0.0030000000260770325, -0.0010000000474974515]","[45.0, -0.003000000026077032, -0.0010000000474974513]","[2, 2]"
2025-10-20 10:57:27,Motion_Completed,"[-0.000666666601318866, -45.0, 4.16666662205285e-06]","[45.0, -0.0030000000260770325, -0.0010000000474974515]","[45.0, -0.003000000026077032, -0.0010000000474974513]","[2, 2]"
2025-10-20 10:57:27,Motion_Completed,"[-0.000666666601318866, -45.0, 4.16666662205285e-06]","[45.0, -0.0030000000260770325, -0.0010000000474974515]","[45.0, -0.003000000026077032, -0.0010000000474974513]","[2, 2]"
2025-10-20 10:57:27,Motion_Completed,"[-0.000666666601318866, -45.0, 4.16666662205285e-06]","[45.0, -0.0030000000260770325, -0.0010000000474974515]","[45.0, -0.003000000026077032, -0.0010000000474974513]","[2, 2]"
2025-10-20 10:57:27,Motion_Completed,"[-0.000666666601318866, -45.0, 4.16666662205285e-06]","[45.0, -0.0030000000260770325, -0.0010000000474974515]","[45.0, -0.003000000026077032, -0.0010000000474974513]","[2, 2]"
2025-10-20 10:57:27,Motion_Completed,"[-0.000666666601318866, -45.0, 4.16666662205285e-06]","[45.0, -0.0030000000260770325, -0.0010000000474974515]","[45.0, -0.003000000026077032, -0.0010000000474974513]","[2, 2]"
2025-10-20 10:57:27,Motion_Completed,"[-0.000666666601318866, -45.0, 4.16666662205285e-06]","[45.0, -0.0030000000260770325, -0.0010000000474974515]","[45.0, -0.003000000026077032, -0.0010000000474974513]","[2, 2]"
2025-10-20 10:57:27,Motion_Completed,"[-0.000666666601318866, -45.0, 4.16666662205285e-06]","[45.0, -0.0030000000260770325, -0.0010000000474974515]","[45.0, -0.003000000026077032, -0.0010000000474974513]","[2, 2]"
2025-10-20 10:57:27,Motion_Completed,"[-0.000666666601318866, -45.0, 4.16666662205285e-06]","[45.0, -0.0030000000260770325, -0.0010000000474974515]","[45.0, -0.003000000026077032, -0.0010000000474974513]","[2, 2]"
2025-10-20 10:57:27,Motion_Completed,"[-0.000666666601318866, -45.0, 4.16666662205285e-06]","[45.0, -0.0030000000260770325, -0.0010000000474974515]","[45.0, -0.003000000026077032, -0.0010000000474974513]","[2, 2]"
2025-10-20 10:57:27,Motion_Completed,"[-0.000666666601318866, -45.0, 4.16666662205285e-06]","[45.0, -0.0030000000260770325, -0.0010000000474974515]","[45.0, -0.003000000026077032, -0.0010000000474974513]","[2, 2]"
2025-10-20 10:57:27,Motion_Completed,"[-0.000666666601318866, -45.0, 4.16666662205285e-06]","[45.0, -0.0030000000260770325, -0.0010000000474974515]","[45.0, -0.003000000026077032, -0.0010000000474974513]","[2, 2]"
2025-10-20 10:57:27,Motion_Completed,"[-0.000666666601318866, -45.0, 4.16666662205285e-06]","[45.0, -0.0030000000260770325, -0.0010000000474974515]","[45.0, -0.003000000026077032, -0.0010000000474974513]","[2, 2]"
2025-10-20 10:57:27,Motion_Completed,"[-0.000666666601318866, -45.0, 4.16666662205285e-06]","[45.0, -0.0030000000260770325, -0.0010000000474974515]","[45.0, -0.003000000026077032, -0.0010000000474974513]","[2, 2]"
2025-10-20 10:57:27,Motion_Completed,"[-0.000666666601318866, -45.0, 4.16666662205285e-06]","[45.0, -0.0030000000260770325, -0.0010000000474974515]","[45.0, -0.003000000026077032, -0.0010000000474974513]","[2, 2]"
2025-10-20 10:57:27,Motion_Completed,"[-0.000666666601318866, -45.0, 4.16666662205285e-06]","[45.0, -0.0030000000260770325, -0.0010000000474974515]","[45.0, -0.003000000026077032, -0.0010000000474974513]","[2, 2]"
2025-10-20 10:57:27,Motion_Completed,"[-0.000666666601318866, -45.0, 4.16666662205285e-06]","[45.0, -0.0030000000260770325, -0.0010000000474974515]","[45.0, -0.003000000026077032, -0.0010000000474974513]","[2, 2]"
2025-10-20 10:57:27,Motion_Completed,"[-0.000666666601318866, -45.0, 4.16666662205285e-06]","[45.0, -0.0030000000260770325, -0.0010000000474974515]","[45.0, -0.003000000026077032, -0.0010000000474974513]","[2, 2]"
2025-10-20 10:57:27,Motion_Completed,"[-0.000666666601318866, -45.0, 4.16666662205285e-06]","[45.0, -0.0030000000260770325, -0.0010000000474974515]","[45.0, -0.003000000026077032, -0.0010000000474974513]","[2, 2]"
2025-10-20 10:57:27,Motion_Completed,"[-0.000666666601318866, -45.0, 4.16666662205285e-06]","[45.0, -0.0030000000260770325, -0.0010000000474974515]","[45.0, -0.003000000026077032, -0.0010000000474974513]","[2, 2]"
2025-10-20 10:57:27,Motion_Completed,"[-0.000666666601318866, -45.0, 4.16666662205285e-06]","[45.0, -0.0030000000260770325, -0.0010000000474974515]","[45.0, -0.003000000026077032, -0.0010000000474974513]","[2, 2]"
2025-10-20 10:57:28,Motion_Completed,"[-0.000666666601318866, -45.0, 4.16666662205285e-06]","[45.0, -0.0030000000260770325, -0.0010000000474974515]","[45.0, -0.003000000026077032, -0.0010000000474974513]","[2, 2]"
2025-10-20 10:57:28,Motion_Completed,"[-0.000666666601318866, -45.0, 4.16666662205285e-06]","[45.0, -0.0030000000260770325, -0.0010000000474974515]","[45.0, -0.003000000026077032, -0.0010000000474974513]","[2, 2]"
2025-10-20 10:57:28,Motion_Completed,"[-0.000666666601318866, -45.0, 4.16666662205285e-06]","[45.0, -0.0030000000260770325, -0.0010000000474974515]","[45.0, -0.003000000026077032, -0.0010000000474974513]","[2, 2]"
2025-10-20 10:57:28,Motion_Completed,"[-0.000666666601318866, -45.0, 4.16666662205285e-06]","[45.0, -0.0030000000260770325, -0.0010000000474974515]","[45.0, -0.003000000026077032, -0.0010000000474974513]","[2, 2]"
2025-10-20 10:57:28,Motion_Completed,"[-0.000666666601318866, -45.0, 4.16666662205285e-06]","[45.0, -0.0030000000260770325, -0.0010000000474974515]","[45.0, -0.003000000026077032, -0.0010000000474974513]","[2, 2]"
2025-10-20 10:57:28,Motion_Completed,"[-0.000666666601318866, -45.0, 4.16666662205285e-06]","[45.0, -0.0030000000260770325, -0.0010000000474974515]","[45.0, -0.003000000026077032, -0.0010000000474974513]","[2, 2]"
2025-10-20 10:57:28,Motion_Completed,"[-0.000666666601318866, -45.0, 4.16666662205285e-06]","[45.0, -0.0030000000260770325, -0.0010000000474974515]","[45.0, -0.003000000026077032, -0.0010000000474974513]","[2, 2]"
2025-10-20 10:57:28,Motion_Completed,"[-0.000666666601318866, -45.0, 4.16666662205285e-06]","[45.0, -0.0030000000260770325, -0.0010000000474974515]","[45.0, -0.003000000026077032, -0.0010000000474974513]","[2, 2]"
2025-10-20 10:57:28,Motion_Completed,"[-0.000666666601318866, -45.0, 4.16666662205285e-06]","[45.0, -0.0030000000260770325, -0.0010000000474974515]","[45.0, -0.003000000026077032, -0.0010000000474974513]","[2, 2]"
2025-10-20 10:57:28,Motion_Completed,"[-0.000666666601318866, -45.0, 4.16666662205285e-06]","[45.0, -0.0030000000260770325, -0.0010000000474974515]","[45.0, -0.003000000026077032, -0.0010000000474974513]","[2, 2]"
2025-10-20 10:57:28,Motion_Completed,"[-0.000666666601318866, -45.0, 4.16666662205285e-06]","[45.0, -0.0030000000260770325, -0.0010000000474974515]","[45.0, -0.003000000026077032, -0.0010000000474974513]","[2, 2]"
2025-10-20 10:57:28,Motion_Completed,"[-0.000666666601318866, -45.0, 4.16666662205285e-06]","[45.0, -0.0030000000260770325, -0.0010000000474974515]","[45.0, -0.003000000026077032, -0.0010000000474974513]","[2, 2]"
2025-10-20 10:57:28,Motion_Completed,"[-0.000666666601318866, -45.0, 4.16666662205285e-06]","[45.0, -0.0030000000260770325, -0.0010000000474974515]","[45.0, -0.003000000026077032, -0.0010000000474974513]","[2, 2]"
2025-10-20 10:57:28,Motion_Completed,"[-0.000666666601318866, -45.0, 4.16666662205285e-06]","[45.0, -0.0030000000260770325, -0.0010000000474974515]","[45.0, -0.003000000026077032, -0.0010000000474974513]","[2, 2]"
2025-10-20 10:57:28,Motion_Completed,"[-0.000666666601318866, -45.0, 4.16666662205285e-06]","[45.0, -0.0030000000260770325, -0.0010000000474974515]","[45.0, -0.003000000026077032, -0.0010000000474974513]","[2, 2]"
2025-10-20 10:57:28,Motion_Completed,"[-0.000666666601318866, -45.0, 4.16666662205285e-06]","[45.0, -0.0030000000260770325, -0.0010000000474974515]","[45.0, -0.003000000026077032, -0.0010000000474974513]","[2, 2]"
2025-10-20 10:57:28,Motion_Completed,"[-0.000666666601318866, -45.0, 4.16666662205285e-06]","[45.0, -0.0030000000260770325, -0.0010000000474974515]","[45.0, -0.003000000026077032, -0.0010000000474974513]","[2, 2]"
2025-10-20 10:57:28,Motion_Completed,"[-0.000666666601318866, -45.0, 4.16666662205285e-06]","[45.0, -0.0030000000260770325, -0.0010000000474974515]","[45.0, -0.003000000026077032, -0.0010000000474974513]","[2, 2]"
2025-10-20 10:57:28,Motion_Completed,"[-0.000666666601318866, -45.0, 4.16666662205285e-06]","[45.0, -0.0030000000260770325, -0.0010000000474974515]","[45.0, -0.003000000026077032, -0.0010000000474974513]","[2, 2]"
2025-10-20 10:57:28,Motion_Completed,"[-0.000666666601318866, -45.0, 4.16666662205285e-06]","[45.0, -0.0030000000260770325, -0.0010000000474974515]","[45.0, -0.003000000026077032, -0.0010000000474974513]","[2, 2]"
2025-10-20 10:57:28,Motion_Completed,"[-0.000666666601318866, -45.0, 4.16666662205285e-06]","[45.0, -0.0030000000260770325, -0.0010000000474974515]","[45.0, -0.003000000026077032, -0.0010000000474974513]","[2, 2]"
2025-10-20 10:57:28,Motion_Completed,"[-0.000666666601318866, -45.0, 4.16666662205285e-06]","[45.0, -0.0030000000260770325, -0.0010000000474974515]","[45.0, -0.003000000026077032, -0.0010000000474974513]","[2, 2]"
2025-10-20 10:57:28,Motion_Completed,"[-0.000666666601318866, -45.0, 4.16666662205285e-06]","[45.0, -0.0030000000260770325, -0.0010000000474974515]","[45.0, -0.003000000026077032, -0.0010000000474974513]","[2, 2]"
2025-10-20 10:57:28,Motion_Completed,"[-0.000666666601318866, -45.0, 4.16666662205285e-06]","[45.0, -0.0030000000260770325, -0.0010000000474974515]","[45.0, -0.003000000026077032, -0.0010000000474974513]","[2, 2]"
2025-10-20 10:57:28,Motion_Completed,"[-0.000666666601318866, -45.0, 4.16666662205285e-06]","[45.0, -0.0030000000260770325, -0.0010000000474974515]","[45.0, -0.003000000026077032, -0.0010000000474974513]","[2, 2]"
2025-10-20 10:57:29,Motion_Completed,"[-0.000666666601318866, -45.0, 4.16666662205285e-06]","[45.0, -0.0030000000260770325, -0.0010000000474974515]","[45.0, -0.003000000026077032, -0.0010000000474974513]","[2, 2]"
2025-10-20 10:57:29,Motion_Completed,"[-0.000666666601318866, -45.0, 4.16666662205285e-06]","[45.0, -0.0030000000260770325, -0.0010000000474974515]","[45.0, -0.003000000026077032, -0.0010000000474974513]","[2, 2]"
2025-10-20 10:57:29,Motion_Completed,"[-0.000666666601318866, -45.0, 4.16666662205285e-06]","[45.0, -0.0030000000260770325, -0.0010000000474974515]","[45.0, -0.003000000026077032, -0.0010000000474974513]","[2, 2]"
2025-10-20 10:57:29,Motion_Completed,"[-0.000666666601318866, -45.0, 4.16666662205285e-06]","[45.0, -0.0030000000260770325, -0.0010000000474974515]","[45.0, -0.003000000026077032, -0.0010000000474974513]","[2, 2]"
2025-10-20 10:57:29,Motion_Completed,"[-0.000666666601318866, -45.0, 4.16666662205285e-06]","[45.0, -0.0030000000260770325, -0.0010000000474974515]","[45.0, -0.003000000026077032, -0.0010000000474974513]","[2, 2]"
2025-10-20 10:57:29,Motion_Completed,"[-0.000666666601318866, -45.0, 4.16666662205285e-06]","[45.0, -0.0030000000260770325, -0.0010000000474974515]","[45.0, -0.003000000026077032, -0.0010000000474974513]","[2, 2]"
2025-10-20 10:57:29,Motion_Completed,"[-0.000666666601318866, -45.0, 4.16666662205285e-06]","[45.0, -0.0030000000260770325, -0.0010000000474974515]","[45.0, -0.003000000026077032, -0.0010000000474974513]","[2, 2]"
2025-10-20 10:57:29,Motion_Completed,"[-0.000666666601318866, -45.0, 4.16666662205285e-06]","[45.0, -0.0030000000260770325, -0.0010000000474974515]","[45.0, -0.003000000026077032, -0.0010000000474974513]","[2, 2]"
2025-10-20 10:57:29,Motion_Completed,"[-0.000666666601318866, -45.0, 4.16666662205285e-06]","[45.0, -0.0030000000260770325, -0.0010000000474974515]","[45.0, -0.003000000026077032, -0.0010000000474974513]","[2, 2]"
2025-10-20 10:57:29,Motion_Completed,"[-0.000666666601318866, -45.0, 4.16666662205285e-06]","[45.0, -0.0030000000260770325, -0.0010000000474974515]","[45.0, -0.003000000026077032, -0.0010000000474974513]","[2, 2]"
2025-10-20 10:57:29,Motion_Completed,"[-0.000666666601318866, -45.0, 4.16666662205285e-06]","[45.0, -0.0030000000260770325, -0.0010000000474974515]","[45.0, -0.003000000026077032, -0.0010000000474974513]","[2, 2]"
2025-10-20 10:57:29,Motion_Completed,"[-0.000666666601318866, -45.0, 4.16666662205285e-06]","[45.0, -0.0030000000260770325, -0.0010000000474974515]","[45.0, -0.003000000026077032, -0.0010000000474974513]","[2, 2]"
2025-10-20 10:57:29,Motion_Completed,"[-0.000666666601318866, -45.0, 4.16666662205285e-06]","[45.0, -0.0030000000260770325, -0.0010000000474974515]","[45.0, -0.003000000026077032, -0.0010000000474974513]","[2, 2]"
2025-10-20 10:57:29,Motion_Completed,"[-0.000666666601318866, -45.0, 4.16666662205285e-06]","[45.0, -0.0030000000260770325, -0.0010000000474974515]","[45.0, -0.003000000026077032, -0.0010000000474974513]","[2, 2]"
2025-10-20 10:57:29,Motion_Completed,"[-0.000666666601318866, -45.0, 4.16666662205285e-06]","[45.0, -0.0030000000260770325, -0.0010000000474974515]","[45.0, -0.003000000026077032, -0.0010000000474974513]","[2, 2]"
2025-10-20 10:57:29,Motion_Completed,"[-0.000666666601318866, -45.0, 4.16666662205285e-06]","[45.0, -0.0030000000260770325, -0.0010000000474974515]","[45.0, -0.003000000026077032, -0.0010000000474974513]","[2, 2]"
2025-10-20 10:57:29,Motion_Completed,"[-0.000666666601318866, -45.0, 4.16666662205285e-06]","[45.0, -0.0030000000260770325, -0.0010000000474974515]","[45.0, -0.003000000026077032, -0.0010000000474974513]","[2, 2]"
2025-10-20 10:57:29,Motion_Completed,"[-0.000666666601318866, -45.0, 4.16666662205285e-06]","[45.0, -0.0030000000260770325, -0.0010000000474974515]","[45.0, -0.003000000026077032, -0.0010000000474974513]","[2, 2]"
2025-10-20 10:57:29,Motion_Completed,"[-0.000666666601318866, -45.0, 4.16666662205285e-06]","[45.0, -0.0030000000260770325, -0.0010000000474974515]","[45.0, -0.003000000026077032, -0.0010000000474974513]","[2, 2]"
2025-10-20 10:57:29,Motion_Completed,"[-0.000666666601318866, -45.0, 4.16666662205285e-06]","[45.0, -0.0030000000260770325, -0.0010000000474974515]","[45.0, -0.003000000026077032, -0.0010000000474974513]","[2, 2]"
2025-10-20 10:57:29,Motion_Completed,"[-0.000666666601318866, -45.0, 4.16666662205285e-06]","[45.0, -0.0030000000260770325, -0.0010000000474974515]","[45.0, -0.003000000026077032, -0.0010000000474974513]","[2, 2]"
2025-10-20 10:57:29,Motion_Completed,"[-0.000666666601318866, -45.0, 4.16666662205285e-06]","[45.0, -0.0030000000260770325, -0.0010000000474974515]","[45.0, -0.003000000026077032, -0.0010000000474974513]","[2, 2]"
2025-10-20 10:57:29,Motion_Completed,"[-0.000666666601318866, -45.0, 4.16666662205285e-06]","[45.0, -0.0030000000260770325, -0.0010000000474974515]","[45.0, -0.003000000026077032, -0.0010000000474974513]","[2, 2]"
2025-10-20 10:57:29,Motion_Completed,"[-0.000666666601318866, -45.0, 4.16666662205285e-06]","[45.0, -0.0030000000260770325, -0.0010000000474974515]","[45.0, -0.003000000026077032, -0.0010000000474974513]","[2, 2]"
2025-10-20 10:57:29,Motion_Completed,"[-0.000666666601318866, -45.0, 4.16666662205285e-06]","[45.0, -0.0030000000260770325, -0.0010000000474974515]","[45.0, -0.003000000026077032, -0.0010000000474974513]","[2, 2]"
2025-10-20 10:57:30,Motion_Completed,"[-0.000666666601318866, -45.0, 4.16666662205285e-06]","[45.0, -0.0030000000260770325, -0.0010000000474974515]","[45.0, -0.003000000026077032, -0.0010000000474974513]","[2, 2]"
2025-10-20 10:57:30,Motion_Completed,"[-0.000666666601318866, -45.0, 4.16666662205285e-06]","[45.0, -0.0030000000260770325, -0.0010000000474974515]","[45.0, -0.003000000026077032, -0.0010000000474974513]","[2, 2]"
2025-10-20 10:57:30,Motion_Completed,"[-0.000666666601318866, -45.0, 4.16666662205285e-06]","[45.0, -0.0030000000260770325, -0.0010000000474974515]","[45.0, -0.003000000026077032, -0.0010000000474974513]","[2, 2]"
2025-10-20 10:57:30,Motion_Completed,"[-0.000666666601318866, -45.0, 4.16666662205285e-06]","[45.0, -0.0030000000260770325, -0.0010000000474974515]","[45.0, -0.003000000026077032, -0.0010000000474974513]","[2, 2]"
2025-10-20 10:57:30,Motion_Completed,"[-0.000666666601318866, -45.0, 4.16666662205285e-06]","[45.0, -0.0030000000260770325, -0.0010000000474974515]","[45.0, -0.003000000026077032, -0.0010000000474974513]","[2, 2]"
2025-10-20 10:57:30,Motion_Completed,"[-0.000666666601318866, -45.0, 4.16666662205285e-06]","[45.0, -0.0030000000260770325, -0.0010000000474974515]","[45.0, -0.003000000026077032, -0.0010000000474974513]","[2, 2]"
2025-10-20 10:57:30,Motion_Completed,"[-0.000666666601318866, -45.0, 4.16666662205285e-06]","[45.0, -0.0030000000260770325, -0.0010000000474974515]","[45.0, -0.003000000026077032, -0.0010000000474974513]","[2, 2]"
2025-10-20 10:57:30,Motion_Completed,"[-0.000666666601318866, -45.0, 4.16666662205285e-06]","[45.0, -0.0030000000260770325, -0.0010000000474974515]","[45.0, -0.003000000026077032, -0.0010000000474974513]","[2, 2]"
2025-10-20 10:57:30,Motion_Completed,"[-0.000666666601318866, -45.0, 4.16666662205285e-06]","[45.0, -0.0030000000260770325, -0.0010000000474974515]","[45.0, -0.003000000026077032, -0.0010000000474974513]","[2, 2]"
2025-10-20 10:57:30,Motion_Completed,"[-0.000666666601318866, -45.0, 4.16666662205285e-06]","[45.0, -0.0030000000260770325, -0.0010000000474974515]","[45.0, -0.003000000026077032, -0.0010000000474974513]","[2, 2]"
2025-10-20 10:57:30,Motion_Completed,"[-0.000666666601318866, -45.0, 4.16666662205285e-06]","[45.0, -0.0030000000260770325, -0.0010000000474974515]","[45.0, -0.003000000026077032, -0.0010000000474974513]","[2, 2]"
2025-10-20 10:57:30,Motion_Completed,"[-0.000666666601318866, -45.0, 4.16666662205285e-06]","[45.0, -0.0030000000260770325, -0.0010000000474974515]","[45.0, -0.003000000026077032, -0.0010000000474974513]","[2, 2]"
2025-10-20 10:57:30,Motion_Completed,"[-0.000666666601318866, -45.0, 4.16666662205285e-06]","[45.0, -0.0030000000260770325, -0.0010000000474974515]","[45.0, -0.003000000026077032, -0.0010000000474974513]","[2, 2]"
2025-10-20 10:57:30,Motion_Completed,"[-0.000666666601318866, -45.0, 4.16666662205285e-06]","[45.0, -0.0030000000260770325, -0.0010000000474974515]","[45.0, -0.003000000026077032, -0.0010000000474974513]","[2, 2]"
2025-10-20 10:57:30,Motion_Completed,"[-0.000666666601318866, -45.0, 4.16666662205285e-06]","[45.0, -0.0030000000260770325, -0.0010000000474974515]","[45.0, -0.003000000026077032, -0.0010000000474974513]","[2, 2]"
2025-10-20 10:57:30,Motion_Completed,"[-0.000666666601318866, -45.0, 4.16666662205285e-06]","[45.0, -0.0030000000260770325, -0.0010000000474974515]","[45.0, -0.003000000026077032, -0.0010000000474974513]","[2, 2]"
2025-10-20 10:57:30,Motion_Completed,"[-0.000666666601318866, -45.0, 4.16666662205285e-06]","[45.0, -0.0030000000260770325, -0.0010000000474974515]","[45.0, -0.003000000026077032, -0.0010000000474974513]","[2, 2]"
2025-10-20 10:57:30,Motion_Completed,"[-0.000666666601318866, -45.0, 4.16666662205285e-06]","[45.0, -0.0030000000260770325, -0.0010000000474974515]","[45.0, -0.003000000026077032, -0.0010000000474974513]","[2, 2]"
2025-10-20 10:57:30,Motion_Completed,"[-0.000666666601318866, -45.0, 4.16666662205285e-06]","[45.0, -0.0030000000260770325, -0.0010000000474974515]","[45.0, -0.003000000026077032, -0.0010000000474974513]","[2, 2]"
2025-10-20 10:57:30,Motion_Completed,"[-0.000666666601318866, -45.0, 4.16666662205285e-06]","[45.0, -0.0030000000260770325, -0.0010000000474974515]","[45.0, -0.003000000026077032, -0.0010000000474974513]","[2, 2]"
2025-10-20 10:57:30,Motion_Completed,"[-0.000666666601318866, -45.0, 4.16666662205285e-06]","[45.0, -0.0030000000260770325, -0.0010000000474974515]","[45.0, -0.003000000026077032, -0.0010000000474974513]","[2, 2]"
2025-10-20 10:57:30,Motion_Completed,"[-0.000666666601318866, -45.0, 4.16666662205285e-06]","[45.0, -0.0030000000260770325, -0.0010000000474974515]","[45.0, -0.003000000026077032, -0.0010000000474974513]","[2, 2]"
2025-10-20 10:57:30,Motion_Completed,"[-0.000666666601318866, -45.0, 4.16666662205285e-06]","[45.0, -0.0030000000260770325, -0.0010000000474974515]","[45.0, -0.003000000026077032, -0.0010000000474974513]","[2, 2]"
2025-10-20 10:57:30,Motion_Completed,"[-0.000666666601318866, -45.0, 4.16666662205285e-06]","[45.0, -0.0030000000260770325, -0.0010000000474974515]","[45.0, -0.003000000026077032, -0.0010000000474974513]","[2, 2]"
2025-10-20 10:57:30,Motion_Completed,"[-0.000666666601318866, -45.0, 4.16666662205285e-06]","[45.0, -0.0030000000260770325, -0.0010000000474974515]","[45.0, -0.003000000026077032, -0.0010000000474974513]","[2, 2]"
2025-10-20 10:57:31,Motion_Completed,"[-0.000666666601318866, -45.0, 4.16666662205285e-06]","[45.0, -0.0030000000260770325, -0.0010000000474974515]","[45.0, -0.003000000026077032, -0.0010000000474974513]","[2, 2]"
2025-10-20 10:57:31,Motion_Completed,"[-0.000666666601318866, -45.0, 4.16666662205285e-06]","[45.0, -0.0030000000260770325, -0.0010000000474974515]","[45.0, -0.003000000026077032, -0.0010000000474974513]","[2, 2]"
2025-10-20 10:57:31,Motion_Completed,"[-0.000666666601318866, -45.0, 4.16666662205285e-06]","[45.0, -0.0030000000260770325, -0.0010000000474974515]","[45.0, -0.003000000026077032, -0.0010000000474974513]","[2, 2]"
2025-10-20 10:57:31,Motion_Completed,"[-0.000666666601318866, -45.0, 4.16666662205285e-06]","[45.0, -0.0030000000260770325, -0.0010000000474974515]","[45.0, -0.003000000026077032, -0.0010000000474974513]","[2, 2]"
2025-10-20 10:57:31,Motion_Completed,"[-0.000666666601318866, -45.0, 4.16666662205285e-06]","[45.0, -0.0030000000260770325, -0.0010000000474974515]","[45.0, -0.003000000026077032, -0.0010000000474974513]","[2, 2]"
2025-10-20 10:57:31,Motion_Completed,"[-0.000666666601318866, -45.0, 4.16666662205285e-06]","[45.0, -0.0030000000260770325, -0.0010000000474974515]","[45.0, -0.003000000026077032, -0.0010000000474974513]","[2, 2]"
2025-10-20 10:57:31,Motion_Completed,"[-0.000666666601318866, -45.0, 4.16666662205285e-06]","[45.0, -0.0030000000260770325, -0.0010000000474974515]","[45.0, -0.003000000026077032, -0.0010000000474974513]","[2, 2]"
2025-10-20 10:57:31,Motion_Completed,"[-0.000666666601318866, -45.0, 4.16666662205285e-06]","[45.0, -0.0030000000260770325, -0.0010000000474974515]","[45.0, -0.003000000026077032, -0.0010000000474974513]","[2, 2]"
2025-10-20 10:57:31,Motion_Completed,"[-0.000666666601318866, -45.0, 4.16666662205285e-06]","[45.0, -0.0030000000260770325, -0.0010000000474974515]","[45.0, -0.003000000026077032, -0.0010000000474974513]","[2, 2]"
2025-10-20 10:57:31,Motion_Completed,"[-0.000666666601318866, -45.0, 4.16666662205285e-06]","[45.0, -0.0030000000260770325, -0.0010000000474974515]","[45.0, -0.003000000026077032, -0.0010000000474974513]","[2, 2]"
2025-10-20 10:57:31,Motion_Completed,"[-0.000666666601318866, -45.0, 4.16666662205285e-06]","[45.0, -0.0030000000260770325, -0.0010000000474974515]","[45.0, -0.003000000026077032, -0.0010000000474974513]","[2, 2]"
2025-10-20 10:57:31,Motion_Completed,"[-0.000666666601318866, -45.0, 4.16666662205285e-06]","[45.0, -0.0030000000260770325, -0.0010000000474974515]","[45.0, -0.003000000026077032, -0.0010000000474974513]","[2, 2]"
2025-10-20 10:57:31,Motion_Completed,"[-0.000666666601318866, -45.0, 4.16666662205285e-06]","[45.0, -0.0030000000260770325, -0.0010000000474974515]","[45.0, -0.003000000026077032, -0.0010000000474974513]","[2, 2]"
2025-10-20 10:57:31,Motion_Completed,"[-0.000666666601318866, -45.0, 4.16666662205285e-06]","[45.0, -0.0030000000260770325, -0.0010000000474974515]","[45.0, -0.003000000026077032, -0.0010000000474974513]","[2, 2]"
2025-10-20 10:57:31,Motion_Completed,"[-0.000666666601318866, -45.0, 4.16666662205285e-06]","[45.0, -0.0030000000260770325, -0.0010000000474974515]","[45.0, -0.003000000026077032, -0.0010000000474974513]","[2, 2]"
2025-10-20 10:57:31,Motion_Completed,"[-0.000666666601318866, -45.0, 4.16666662205285e-06]","[45.0, -0.0030000000260770325, -0.0010000000474974515]","[45.0, -0.003000000026077032, -0.0010000000474974513]","[2, 2]"
2025-10-20 10:57:31,Motion_Completed,"[-0.000666666601318866, -45.0, 4.16666662205285e-06]","[45.0, -0.0030000000260770325, -0.0010000000474974515]","[45.0, -0.003000000026077032, -0.0010000000474974513]","[2, 2]"
2025-10-20 10:57:31,Motion_Completed,"[-0.000666666601318866, -45.0, 4.16666662205285e-06]","[45.0, -0.0030000000260770325, -0.0010000000474974515]","[45.0, -0.003000000026077032, -0.0010000000474974513]","[2, 2]"
2025-10-20 10:57:31,Motion_Completed,"[-0.000666666601318866, -45.0, 4.16666662205285e-06]","[45.0, -0.0030000000260770325, -0.0010000000474974515]","[45.0, -0.003000000026077032, -0.0010000000474974513]","[2, 2]"
2025-10-20 10:57:31,Motion_Completed,"[-0.000666666601318866, -45.0, 4.16666662205285e-06]","[45.0, -0.0030000000260770325, -0.0010000000474974515]","[45.0, -0.003000000026077032, -0.0010000000474974513]","[2, 2]"
2025-10-20 10:57:31,Motion_Completed,"[-0.000666666601318866, -45.0, 4.16666662205285e-06]","[45.0, -0.0030000000260770325, -0.0010000000474974515]","[45.0, -0.003000000026077032, -0.0010000000474974513]","[2, 2]"
2025-10-20 10:57:31,Motion_Completed,"[-0.000666666601318866, -45.0, 4.16666662205285e-06]","[45.0, -0.0030000000260770325, -0.0010000000474974515]","[45.0, -0.003000000026077032, -0.0010000000474974513]","[2, 2]"
2025-10-20 10:57:31,Motion_Completed,"[-0.000666666601318866, -45.0, 4.16666662205285e-06]","[45.0, -0.0030000000260770325, -0.0010000000474974515]","[45.0, -0.003000000026077032, -0.0010000000474974513]","[2, 2]"
2025-10-20 10:57:31,Motion_Completed,"[-0.000666666601318866, -45.0, 4.16666662205285e-06]","[45.0, -0.0030000000260770325, -0.0010000000474974515]","[45.0, -0.003000000026077032, -0.0010000000474974513]","[2, 2]"
2025-10-20 10:57:31,Motion_Completed,"[-0.000666666601318866, -45.0, 4.16666662205285e-06]","[45.0, -0.0030000000260770325, -0.0010000000474974515]","[45.0, -0.003000000026077032, -0.0010000000474974513]","[2, 2]"
2025-10-20 10:57:32,Motion_Completed,"[-0.000666666601318866, -45.0, 4.16666662205285e-06]","[45.0, -0.0030000000260770325, -0.0010000000474974515]","[45.0, -0.003000000026077032, -0.0010000000474974513]","[2, 2]"
2025-10-20 10:57:32,Motion_Completed,"[-0.000666666601318866, -45.0, 4.16666662205285e-06]","[45.0, -0.0030000000260770325, -0.0010000000474974515]","[45.0, -0.003000000026077032, -0.0010000000474974513]","[2, 2]"
2025-10-20 10:57:32,Motion_Completed,"[-0.000666666601318866, -45.0, 4.16666662205285e-06]","[45.0, -0.0030000000260770325, -0.0010000000474974515]","[45.0, -0.003000000026077032, -0.0010000000474974513]","[2, 2]"
2025-10-20 10:57:32,Motion_Completed,"[-0.000666666601318866, -45.0, 4.16666662205285e-06]","[45.0, -0.0030000000260770325, -0.0010000000474974515]","[45.0, -0.003000000026077032, -0.0010000000474974513]","[2, 2]"
2025-10-20 10:57:32,Motion_Completed,"[-0.000666666601318866, -45.0, 4.16666662205285e-06]","[45.0, -0.0030000000260770325, -0.0010000000474974515]","[45.0, -0.003000000026077032, -0.0010000000474974513]","[2, 2]"
2025-10-20 10:57:32,Motion_Completed,"[-0.000666666601318866, -45.0, 4.16666662205285e-06]","[45.0, -0.0030000000260770325, -0.0010000000474974515]","[45.0, -0.003000000026077032, -0.0010000000474974513]","[2, 2]"
2025-10-20 10:57:32,Motion_Completed,"[-0.000666666601318866, -45.0, 4.16666662205285e-06]","[45.0, -0.0030000000260770325, -0.0010000000474974515]","[45.0, -0.003000000026077032, -0.0010000000474974513]","[2, 2]"
2025-10-20 10:57:32,Motion_Completed,"[-0.000666666601318866, -45.0, 4.16666662205285e-06]","[45.0, -0.0030000000260770325, -0.0010000000474974515]","[45.0, -0.003000000026077032, -0.0010000000474974513]","[2, 2]"
2025-10-20 10:57:32,Motion_Completed,"[-0.000666666601318866, -45.0, 4.16666662205285e-06]","[45.0, -0.0030000000260770325, -0.0010000000474974515]","[45.0, -0.003000000026077032, -0.0010000000474974513]","[2, 2]"
2025-10-20 10:57:32,Motion_Completed,"[-0.000666666601318866, -45.0, 4.16666662205285e-06]","[45.0, -0.0030000000260770325, -0.0010000000474974515]","[45.0, -0.003000000026077032, -0.0010000000474974513]","[2, 2]"
2025-10-20 10:57:32,Motion_Completed,"[-0.000666666601318866, -45.0, 4.16666662205285e-06]","[45.0, -0.0030000000260770325, -0.0010000000474974515]","[45.0, -0.003000000026077032, -0.0010000000474974513]","[2, 2]"
2025-10-20 10:57:32,Motion_Completed,"[-0.000666666601318866, -45.0, 4.16666662205285e-06]","[45.0, -0.0030000000260770325, -0.0010000000474974515]","[45.0, -0.003000000026077032, -0.0010000000474974513]","[2, 2]"
2025-10-20 10:57:32,Motion_Completed,"[-0.000666666601318866, -45.0, 4.16666662205285e-06]","[45.0, -0.0030000000260770325, -0.0010000000474974515]","[45.0, -0.003000000026077032, -0.0010000000474974513]","[2, 2]"
2025-10-20 10:57:32,Motion_Completed,"[-0.000666666601318866, -45.0, 4.16666662205285e-06]","[45.0, -0.0030000000260770325, -0.0010000000474974515]","[45.0, -0.003000000026077032, -0.0010000000474974513]","[2, 2]"
2025-10-20 10:57:32,Motion_Completed,"[-0.000666666601318866, -45.0, 4.16666662205285e-06]","[45.0, -0.0030000000260770325, -0.0010000000474974515]","[45.0, -0.003000000026077032, -0.0010000000474974513]","[2, 2]"
2025-10-20 10:57:32,Motion_Completed,"[-0.000666666601318866, -45.0, 4.16666662205285e-06]","[45.0, -0.0030000000260770325, -0.0010000000474974515]","[45.0, -0.003000000026077032, -0.0010000000474974513]","[2, 2]"
2025-10-20 10:57:32,Motion_Completed,"[-0.000666666601318866, -45.0, 4.16666662205285e-06]","[45.0, -0.0030000000260770325, -0.0010000000474974515]","[45.0, -0.003000000026077032, -0.0010000000474974513]","[2, 2]"
2025-10-20 10:57:32,Motion_Completed,"[-0.000666666601318866, -45.0, 4.16666662205285e-06]","[45.0, -0.0030000000260770325, -0.0010000000474974515]","[45.0, -0.003000000026077032, -0.0010000000474974513]","[2, 2]"
2025-10-20 10:57:32,Motion_Completed,"[-0.000666666601318866, -45.0, 4.16666662205285e-06]","[45.0, -0.0030000000260770325, -0.0010000000474974515]","[45.0, -0.003000000026077032, -0.0010000000474974513]","[2, 2]"
2025-10-20 10:57:32,Motion_Completed,"[-0.000666666601318866, -45.0, 4.16666662205285e-06]","[45.0, -0.0030000000260770325, -0.0010000000474974515]","[45.0, -0.003000000026077032, -0.0010000000474974513]","[2, 2]"
2025-10-20 10:57:32,Motion_Completed,"[-0.000666666601318866, -45.0, 4.16666662205285e-06]","[45.0, -0.0030000000260770325, -0.0010000000474974515]","[45.0, -0.003000000026077032, -0.0010000000474974513]","[2, 2]"
2025-10-20 10:57:32,Motion_Completed,"[-0.000666666601318866, -45.0, 4.16666662205285e-06]","[45.0, -0.0030000000260770325, -0.0010000000474974515]","[45.0, -0.003000000026077032, -0.0010000000474974513]","[2, 2]"
2025-10-20 10:57:32,Motion_Completed,"[-0.000666666601318866, -45.0, 4.16666662205285e-06]","[45.0, -0.0030000000260770325, -0.0010000000474974515]","[45.0, -0.003000000026077032, -0.0010000000474974513]","[2, 2]"
2025-10-20 10:57:32,Motion_Completed,"[-0.000666666601318866, -45.0, 4.16666662205285e-06]","[45.0, -0.0030000000260770325, -0.0010000000474974515]","[45.0, -0.003000000026077032, -0.0010000000474974513]","[2, 2]"
2025-10-20 10:57:32,Motion_Completed,"[-0.000666666601318866, -45.0, 4.16666662205285e-06]","[45.0, -0.0030000000260770325, -0.0010000000474974515]","[45.0, -0.003000000026077032, -0.0010000000474974513]","[2, 2]"
2025-10-20 10:57:33,Motion_Completed,"[-0.000666666601318866, -45.0, 4.16666662205285e-06]","[45.0, -0.0030000000260770325, -0.0010000000474974515]","[45.0, -0.003000000026077032, -0.0010000000474974513]","[2, 2]"
2025-10-20 10:57:33,Motion_Completed,"[-0.000666666601318866, -45.0, 4.16666662205285e-06]","[45.0, -0.0030000000260770325, -0.0010000000474974515]","[45.0, -0.003000000026077032, -0.0010000000474974513]","[2, 2]"
2025-10-20 10:57:33,Motion_Completed,"[-0.000666666601318866, -45.0, 4.16666662205285e-06]","[45.0, -0.0030000000260770325, -0.0010000000474974515]","[45.0, -0.003000000026077032, -0.0010000000474974513]","[2, 2]"
2025-10-20 10:57:33,Motion_Completed,"[-0.000666666601318866, -45.0, 4.16666662205285e-06]","[45.0, -0.0030000000260770325, -0.0010000000474974515]","[45.0, -0.003000000026077032, -0.0010000000474974513]","[2, 2]"
2025-10-20 10:57:33,Motion_Completed,"[-0.000666666601318866, -45.0, 4.16666662205285e-06]","[45.0, -0.0030000000260770325, -0.0010000000474974515]","[45.0, -0.003000000026077032, -0.0010000000474974513]","[2, 2]"
2025-10-20 10:57:33,Motion_Completed,"[-0.000666666601318866, -45.0, 4.16666662205285e-06]","[45.0, -0.0030000000260770325, -0.0010000000474974515]","[45.0, -0.003000000026077032, -0.0010000000474974513]","[2, 2]"
2025-10-20 10:57:33,Motion_Completed,"[-0.000666666601318866, -45.0, 4.16666662205285e-06]","[45.0, -0.0030000000260770325, -0.0010000000474974515]","[45.0, -0.003000000026077032, -0.0010000000474974513]","[2, 2]"
2025-10-20 10:57:33,Motion_Completed,"[-0.000666666601318866, -45.0, 4.16666662205285e-06]","[45.0, -0.0030000000260770325, -0.0010000000474974515]","[45.0, -0.003000000026077032, -0.0010000000474974513]","[2, 2]"
2025-10-20 10:57:33,Motion_Completed,"[-0.000666666601318866, -45.0, 4.16666662205285e-06]","[45.0, -0.0030000000260770325, -0.0010000000474974515]","[45.0, -0.003000000026077032, -0.0010000000474974513]","[2, 2]"
2025-10-20 10:57:33,Motion_Completed,"[-0.000666666601318866, -45.0, 4.16666662205285e-06]","[45.0, -0.0030000000260770325, -0.0010000000474974515]","[45.0, -0.003000000026077032, -0.0010000000474974513]","[2, 2]"
2025-10-20 10:57:33,Motion_Completed,"[-0.000666666601318866, -45.0, 4.16666662205285e-06]","[45.0, -0.0030000000260770325, -0.0010000000474974515]","[45.0, -0.003000000026077032, -0.0010000000474974513]","[2, 2]"
2025-10-20 10:57:33,Motion_Completed,"[-0.000666666601318866, -45.0, 4.16666662205285e-06]","[45.0, -0.0030000000260770325, -0.0010000000474974515]","[45.0, -0.003000000026077032, -0.0010000000474974513]","[2, 2]"
2025-10-20 10:57:33,0,"[-0.000666666601318866, -45.0, 4.16666662205285e-06]",[0. 0. 0.],"[45.0, -0.003000000026077032, -0.0010000000474974513]","[2, 2]"
2025-10-20 10:57:33,Motion_Completed,"[-0.000666666601318866, -45.0, 4.16666662205285e-06]","[45.0, 0.0, 0.0]","[45.0, -0.003000000026077032, -0.0010000000474974513]","[2, 2]"
2025-10-20 10:57:33,Motion_Completed,"[-0.000666666601318866, -45.0, 4.16666662205285e-06]","[45.0, 0.0, 0.0]","[45.0, -0.003000000026077032, -0.0010000000474974513]","[2, 2]"
2025-10-20 10:57:33,Motion_Completed,"[-0.000666666601318866, -45.0, 4.16666662205285e-06]","[45.0, 0.0, 0.0]","[45.0, -0.003000000026077032, -0.0010000000474974513]","[2, 2]"
2025-10-20 10:57:33,Motion_Completed,"[-0.000666666601318866, -45.0, 4.16666662205285e-06]","[45.0, 0.0, 0.0]","[45.0, -0.003000000026077032, -0.0010000000474974513]","[2, 2]"
2025-10-20 10:57:33,Motion_Completed,"[-0.000666666601318866, -45.0, 4.16666662205285e-06]","[45.0, 0.0, 0.0]","[45.0, -0.003000000026077032, -0.0010000000474974513]","[2, 2]"
2025-10-20 10:57:33,Motion_Completed,"[-0.000666666601318866, -45.0, 4.16666662205285e-06]","[45.0, 0.0, 0.0]","[45.0, -0.003000000026077032, -0.0010000000474974513]","[2, 2]"
2025-10-20 10:57:33,Motion_Completed,"[0.0001666666745829084, -45.0, 2.083333432287864e-06]","[45.0, 0.0, 0.0]","[45.0, -0.0020000000949949026, -0.0010000000474974513]","[2, 2]"
2025-10-20 10:57:33,Motion_Completed,"[0.0001666666745829084, -45.0, 2.083333432287864e-06]","[45.0, 0.0, 0.0]","[45.0, -0.0020000000949949026, -0.0010000000474974513]","[2, 2]"
2025-10-20 10:57:33,Motion_Completed,"[0.0001666666745829084, -45.0, 2.083333432287864e-06]","[45.0, 0.0, 0.0]","[45.0, -0.0020000000949949026, -0.0010000000474974513]","[2, 2]"
2025-10-20 10:57:33,Motion_Completed,"[0.0001666666745829084, -45.0, 2.083333432287864e-06]","[45.0, 0.0, 0.0]","[45.0, -0.0020000000949949026, -0.0010000000474974513]","[2, 2]"
2025-10-20 10:57:33,Motion_Completed,"[0.0001666666745829084, -45.0, 2.083333432287864e-06]","[45.0, 0.0, 0.0]","[45.0, -0.0020000000949949026, -0.0010000000474974513]","[2, 2]"
2025-10-20 10:57:33,Motion_Completed,"[0.0001666666745829084, -45.0, 2.083333432287864e-06]","[45.0, 0.0, 0.0]","[45.0, -0.0020000000949949026, -0.0010000000474974513]","[2, 2]"
2025-10-20 10:57:34,Motion_Completed,"[0.0001666666745829084, -45.0, 2.083333432287864e-06]","[45.0, 0.0, 0.0]","[45.0, -0.0020000000949949026, -0.0010000000474974513]","[2, 2]"
2025-10-20 10:57:34,Motion_Completed,"[0.0010000000474974513, -45.0, 0.0]","[45.0, 0.0, 0.0]","[45.0, -0.0010000000474974513, -0.0010000000474974513]","[2, 2]"
2025-10-20 10:57:34,Motion_Completed,"[0.0010000000474974513, -45.0, 0.0]","[45.0, 0.0, 0.0]","[45.0, -0.0010000000474974513, -0.0010000000474974513]","[2, 2]"
2025-10-20 10:57:34,Motion_Completed,"[0.0010000000474974513, -45.0, 0.0]","[45.0, 0.0, 0.0]","[45.0, -0.0010000000474974513, -0.0010000000474974513]","[2, 2]"
2025-10-20 10:57:34,Motion_Completed,"[0.0010000000474974513, -45.0, 0.0]","[45.0, 0.0, 0.0]","[45.0, -0.0010000000474974513, -0.0010000000474974513]","[2, 2]"
2025-10-20 10:57:34,Motion_Completed,"[0.0010000000474974513, -45.0, 0.0]","[45.0, 0.0, 0.0]","[45.0, -0.0010000000474974513, -0.0010000000474974513]","[2, 2]"
2025-10-20 10:57:34,Motion_Completed,"[0.0010000000474974513, -45.0, 0.0]","[45.0, 0.0, 0.0]","[45.0, -0.0010000000474974513, -0.0010000000474974513]","[2, 2]"
2025-10-20 10:57:34,Motion_Completed,"[-0.0008333333729145429, -45.0, 2.083333432287864e-06]","[45.0, 0.0, 0.0]","[45.0, -0.0010000000474974513, 0.0]","[2, 2]"
2025-10-20 10:57:34,Motion_Completed,"[-0.0008333333729145429, -45.0, 2.083333432287864e-06]","[45.0, 0.0, 0.0]","[45.0, -0.0010000000474974513, 0.0]","[2, 2]"
2025-10-20 10:57:34,Motion_Completed,"[-0.0008333333729145429, -45.0, 2.083333432287864e-06]","[45.0, 0.0, 0.0]","[45.0, -0.0010000000474974513, 0.0]","[2, 2]"
2025-10-20 10:57:34,Motion_Completed,"[-0.0008333333729145429, -45.0, 2.083333432287864e-06]","[45.0, 0.0, 0.0]","[45.0, -0.0010000000474974513, 0.0]","[2, 2]"
2025-10-20 10:57:34,Motion_Completed,"[-0.0008333333729145429, -45.0, 2.083333432287864e-06]","[45.0, 0.0, 0.0]","[45.0, -0.0010000000474974513, 0.0]","[2, 2]"
2025-10-20 10:57:34,Motion_Completed,"[-0.0008333333729145429, -45.0, 2.083333432287864e-06]","[45.0, 0.0, 0.0]","[45.0, -0.0010000000474974513, 0.0]","[2, 2]"
2025-10-20 10:57:34,Motion_Completed,"[-0.0008333333729145429, -45.0, 2.083333432287864e-06]","[45.0, 0.0, 0.0]","[45.0, -0.0010000000474974513, 0.0]","[2, 2]"
2025-10-20 10:57:34,Motion_Completed,"[-0.0008333333729145429, -45.0, 2.083333432287864e-06]","[45.0, 0.0, 0.0]","[45.0, -0.0010000000474974513, 0.0]","[2, 2]"
2025-10-20 10:57:34,Motion_Completed,"[-0.0008333333729145429, -45.0, 2.083333432287864e-06]","[45.0, 0.0, 0.0]","[45.0, -0.0010000000474974513, 0.0]","[2, 2]"
2025-10-20 10:57:34,Motion_Completed,"[-0.0, -45.0, 0.0]","[45.0, 0.0, 0.0]","[45.0, 0.0, 0.0]","[2, 2]"
2025-10-20 10:57:34,Motion_Completed,"[-0.0, -45.0, 0.0]","[45.0, 0.0, 0.0]","[45.0, 0.0, 0.0]","[2, 2]"
2025-10-20 10:57:34,Motion_Completed,"[-0.0, -45.0, 0.0]","[45.0, 0.0, 0.0]","[45.0, 0.0, 0.0]","[2, 2]"
2025-10-20 10:57:34,Motion_Completed,"[-0.0, -45.0, 0.0]","[45.0, 0.0, 0.0]","[45.0, 0.0, 0.0]","[2, 2]"
2025-10-20 10:57:34,Motion_Completed,"[-0.0, -45.0, 0.0]","[45.0, 0.0, 0.0]","[45.0, 0.0, 0.0]","[2, 2]"
2025-10-20 10:57:34,Motion_Completed,"[-0.0, -45.0, 0.0]","[45.0, 0.0, 0.0]","[45.0, 0.0, 0.0]","[2, 2]"
2025-10-20 10:57:34,Motion_Completed,"[-0.0, -45.0, 0.0]","[45.0, 0.0, 0.0]","[45.0, 0.0, 0.0]","[2, 2]"
2025-10-20 10:57:34,Motion_Completed,"[-0.0, -45.0, 0.0]","[45.0, 0.0, 0.0]","[45.0, 0.0, 0.0]","[2, 2]"
2025-10-20 10:57:34,Motion_Completed,"[-0.0, -45.0, 0.0]","[45.0, 0.0, 0.0]","[45.0, 0.0, 0.0]","[2, 2]"
2025-10-20 10:57:35,Motion_Completed,"[-0.0, -45.0, 0.0]","[45.0, 0.0, 0.0]","[45.0, 0.0, 0.0]","[2, 2]"
2025-10-20 10:57:35,Motion_Completed,"[-0.0, -45.0, 0.0]","[45.0, 0.0, 0.0]","[45.0, 0.0, 0.0]","[2, 2]"
2025-10-20 10:57:35,Motion_Completed,"[-0.0, -45.0, 0.0]","[45.0, 0.0, 0.0]","[45.0, 0.0, 0.0]","[2, 2]"
2025-10-20 10:57:35,Motion_Completed,"[-0.0, -45.0, 0.0]","[45.0, 0.0, 0.0]","[45.0, 0.0, 0.0]","[2, 2]"
2025-10-20 10:57:35,Motion_Completed,"[-0.0, -45.0, 0.0]","[45.0, 0.0, 0.0]","[45.0, 0.0, 0.0]","[2, 2]"
2025-10-20 10:57:35,Motion_Completed,"[-0.0, -45.0, 0.0]","[45.0, 0.0, 0.0]","[45.0, 0.0, 0.0]","[2, 2]"
2025-10-20 10:57:35,Motion_Completed,"[-0.0, -45.0, 0.0]","[45.0, 0.0, 0.0]","[45.0, 0.0, 0.0]","[2, 2]"
2025-10-20 10:57:35,Motion_Completed,"[-0.0, -45.0, 0.0]","[45.0, 0.0, 0.0]","[45.0, 0.0, 0.0]","[2, 2]"
2025-10-20 10:57:35,Motion_Completed,"[-0.0, -45.0, 0.0]","[45.0, 0.0, 0.0]","[45.0, 0.0, 0.0]","[2, 2]"
2025-10-20 10:57:35,Motion_Completed,"[-0.0, -45.0, 0.0]","[45.0, 0.0, 0.0]","[45.0, 0.0, 0.0]","[2, 2]"
2025-10-20 10:57:35,Motion_Completed,"[-0.0, -45.0, 0.0]","[45.0, 0.0, 0.0]","[45.0, 0.0, 0.0]","[2, 2]"
2025-10-20 10:57:35,Motion_Completed,"[-0.0, -45.0, 0.0]","[45.0, 0.0, 0.0]","[45.0, 0.0, 0.0]","[2, 2]"
2025-10-20 10:57:35,Motion_Completed,"[-0.0, -45.0, 0.0]","[45.0, 0.0, 0.0]","[45.0, 0.0, 0.0]","[2, 2]"
2025-10-20 10:57:35,Motion_Completed,"[-0.0, -45.0, 0.0]","[45.0, 0.0, 0.0]","[45.0, 0.0, 0.0]","[2, 2]"
2025-10-20 10:57:35,Motion_Completed,"[-0.0, -45.0, 0.0]","[45.0, 0.0, 0.0]","[45.0, 0.0, 0.0]","[2, 2]"
2025-10-20 10:57:35,Motion_Completed,"[-0.0, -45.0, 0.0]","[45.0, 0.0, 0.0]","[45.0, 0.0, 0.0]","[2, 2]"
2025-10-20 10:57:35,Motion_Completed,"[-0.0, -45.0, 0.0]","[45.0, 0.0, 0.0]","[45.0, 0.0, 0.0]","[2, 2]"
2025-10-20 10:57:35,Motion_Completed,"[-0.0, -45.0, 0.0]","[45.0, 0.0, 0.0]","[45.0, 0.0, 0.0]","[2, 2]"
2025-10-20 10:57:35,Motion_Completed,"[-0.0, -45.0, 0.0]","[45.0, 0.0, 0.0]","[45.0, 0.0, 0.0]","[2, 2]"
2025-10-20 10:57:35,Motion_Completed,"[-0.0, -45.0, 0.0]","[45.0, 0.0, 0.0]","[45.0, 0.0, 0.0]","[2, 2]"
2025-10-20 10:57:35,Motion_Completed,"[-0.0, -45.0, 0.0]","[45.0, 0.0, 0.0]","[45.0, 0.0, 0.0]","[2, 2]"
2025-10-20 10:57:35,Motion_Completed,"[-0.0, -45.0, 0.0]","[45.0, 0.0, 0.0]","[45.0, 0.0, 0.0]","[2, 2]"
2025-10-20 10:57:35,Motion_Completed,"[-0.0, -45.0, 0.0]","[45.0, 0.0, 0.0]","[45.0, 0.0, 0.0]","[2, 2]"
2025-10-20 10:57:35,Motion_Completed,"[-0.0, -45.0, 0.0]","[45.0, 0.0, 0.0]","[45.0, 0.0, 0.0]","[2, 2]"
2025-10-20 10:57:35,Motion_Completed,"[-0.0, -45.0, 0.0]","[45.0, 0.0, 0.0]","[45.0, 0.0, 0.0]","[2, 2]"
2025-10-20 10:57:36,Motion_Completed,"[-0.0, -45.0, 0.0]","[45.0, 0.0, 0.0]","[45.0, 0.0, 0.0]","[2, 2]"
2025-10-20 10:57:36,Motion_Completed,"[-0.0, -45.0, 0.0]","[45.0, 0.0, 0.0]","[45.0, 0.0, 0.0]","[2, 2]"
2025-10-20 10:57:36,Motion_Completed,"[-0.0, -45.0, 0.0]","[45.0, 0.0, 0.0]","[45.0, 0.0, 0.0]","[2, 2]"
2025-10-20 10:57:36,Motion_Completed,"[-0.0, -45.0, 0.0]","[45.0, 0.0, 0.0]","[45.0, 0.0, 0.0]","[2, 2]"
2025-10-20 10:57:36,Motion_Completed,"[-0.0, -45.0, 0.0]","[45.0, 0.0, 0.0]","[45.0, 0.0, 0.0]","[2, 2]"
2025-10-20 10:57:36,Motion_Completed,"[-0.0, -45.0, 0.0]","[45.0, 0.0, 0.0]","[45.0, 0.0, 0.0]","[2, 2]"
2025-10-20 10:57:36,Motion_Completed,"[-0.0, -45.0, 0.0]","[45.0, 0.0, 0.0]","[45.0, 0.0, 0.0]","[2, 2]"
2025-10-20 10:57:36,Motion_Completed,"[-0.0, -45.0, 0.0]","[45.0, 0.0, 0.0]","[45.0, 0.0, 0.0]","[2, 2]"
2025-10-20 10:57:36,Motion_Completed,"[-0.0, -45.0, 0.0]","[45.0, 0.0, 0.0]","[45.0, 0.0, 0.0]","[2, 2]"
2025-10-20 10:57:36,Motion_Completed,"[-0.0, -45.0, 0.0]","[45.0, 0.0, 0.0]","[45.0, 0.0, 0.0]","[2, 2]"
2025-10-20 10:57:36,Motion_Completed,"[-0.0, -45.0, 0.0]","[45.0, 0.0, 0.0]","[45.0, 0.0, 0.0]","[2, 2]"
2025-10-20 10:57:36,Motion_Completed,"[-0.0, -45.0, 0.0]","[45.0, 0.0, 0.0]","[45.0, 0.0, 0.0]","[2, 2]"
2025-10-20 10:57:36,Motion_Completed,"[-0.0, -45.0, 0.0]","[45.0, 0.0, 0.0]","[45.0, 0.0, 0.0]","[2, 2]"
2025-10-20 10:57:36,Motion_Completed,"[-0.0, -45.0, 0.0]","[45.0, 0.0, 0.0]","[45.0, 0.0, 0.0]","[2, 2]"
2025-10-20 10:57:36,Motion_Completed,"[-0.0, -45.0, 0.0]","[45.0, 0.0, 0.0]","[45.0, 0.0, 0.0]","[2, 2]"
2025-10-20 10:57:36,Motion_Completed,"[-0.0, -45.0, 0.0]","[45.0, 0.0, 0.0]","[45.0, 0.0, 0.0]","[2, 2]"
2025-10-20 10:57:36,Motion_Completed,"[-0.0, -45.0, 0.0]","[45.0, 0.0, 0.0]","[45.0, 0.0, 0.0]","[2, 2]"
2025-10-20 10:57:36,Motion_Completed,"[-0.0, -45.0, 0.0]","[45.0, 0.0, 0.0]","[45.0, 0.0, 0.0]","[2, 2]"
2025-10-20 10:57:36,Motion_Completed,"[-0.0, -45.0, 0.0]","[45.0, 0.0, 0.0]","[45.0, 0.0, 0.0]","[2, 2]"
2025-10-20 10:57:36,Motion_Completed,"[-0.0, -45.0, 0.0]","[45.0, 0.0, 0.0]","[45.0, 0.0, 0.0]","[2, 2]"
2025-10-20 10:57:36,Motion_Completed,"[-0.0, -45.0, 0.0]","[45.0, 0.0, 0.0]","[45.0, 0.0, 0.0]","[2, 2]"
2025-10-20 10:57:36,Motion_Completed,"[-0.0, -45.0, 0.0]","[45.0, 0.0, 0.0]","[45.0, 0.0, 0.0]","[2, 2]"
2025-10-20 10:57:36,Motion_Completed,"[-0.0, -45.0, 0.0]","[45.0, 0.0, 0.0]","[45.0, 0.0, 0.0]","[2, 2]"
2025-10-20 10:57:36,Motion_Completed,"[-0.0, -45.0, 0.0]","[45.0, 0.0, 0.0]","[45.0, 0.0, 0.0]","[2, 2]"
2025-10-20 10:57:36,Motion_Completed,"[-0.0, -45.0, 0.0]","[45.0, 0.0, 0.0]","[45.0, 0.0, 0.0]","[2, 2]"
2025-10-20 10:57:37,Motion_Completed,"[-0.0, -45.0, 0.0]","[45.0, 0.0, 0.0]","[45.0, 0.0, 0.0]","[2, 2]"
2025-10-20 10:57:37,Motion_Completed,"[-0.0, -45.0, 0.0]","[45.0, 0.0, 0.0]","[45.0, 0.0, 0.0]","[2, 2]"
2025-10-20 10:57:37,3,"[-0.0, -45.0, 0.0]",[  0. 170.   0.],"[45.0, 0.0, 0.0]","[2, 2]"
2025-10-20 10:57:46,Limit_Judge_Triggered,"[-0.0, 155.38900756835938, 0.0]","[155.38900756835938, -170.0]","[-155.38900756835938, 0.0, 0.0]","[2, 2]"
2025-10-20 10:57:46,Limit_Judge_Triggered,"[-0.0, 156.25799560546875, 0.0]","[156.25799560546875, -170.0]","[-156.25799560546875, 0.0, 0.0]","[2, 2]"
2025-10-20 10:57:46,Limit_Judge_Triggered,"[-0.0, 156.89300537109375, 0.0]","[156.89300537109375, -170.0]","[-156.89300537109375, 0.0, 0.0]","[2, 2]"
2025-10-20 10:57:46,Limit_Judge_Triggered,"[-0.0, 157.3939971923828, 0.0]","[157.3939971923828, -170.0]","[-157.3939971923828, 0.0, 0.0]","[2, 2]"
2025-10-20 10:57:46,Limit_Judge_Triggered,"[-0.0, 157.4409942626953, 0.0]","[157.4409942626953, -170.0]","[-157.4409942626953, 0.0, 0.0]","[2, 2]"
2025-10-20 10:57:46,Limit_Judge_Triggered,"[-0.0, 157.44500732421875, 0.0]","[157.44500732421875, -170.0]","[-157.44500732421875, 0.0, 0.0]","[2, 2]"
2025-10-20 10:57:46,Limit_Judge_Triggered,"[-0.0, 157.44500732421875, 0.0]","[157.44500732421875, -170.0]","[-157.44500732421875, 0.0, 0.0]","[2, 2]"
2025-10-20 10:57:46,Limit_Judge_Triggered,"[-0.0, 157.44500732421875, 0.0]","[157.44500732421875, -170.0]","[-157.44500732421875, 0.0, 0.0]","[2, 2]"
2025-10-20 10:57:46,Limit_Judge_Triggered,"[-0.0, 157.44500732421875, 0.0]","[157.44500732421875, -170.0]","[-157.44500732421875, 0.0, 0.0]","[2, 2]"
2025-10-20 10:57:46,Limit_Judge_Triggered,"[-0.0, 157.44500732421875, 0.0]","[157.44500732421875, -170.0]","[-157.44500732421875, 0.0, 0.0]","[2, 2]"
2025-10-20 10:57:46,Limit_Judge_Triggered,"[-0.0, 157.44400024414062, 0.0]","[157.44400024414062, -170.0]","[-157.44400024414062, 0.0, 0.0]","[2, 2]"
2025-10-20 10:57:46,Limit_Judge_Triggered,"[-0.0, 157.44400024414062, 0.0]","[157.44400024414062, -170.0]","[-157.44400024414062, 0.0, 0.0]","[2, 2]"
2025-10-20 10:57:46,Limit_Judge_Triggered,"[-0.0, 157.44400024414062, 0.0]","[157.44400024414062, -170.0]","[-157.44400024414062, 0.0, 0.0]","[2, 2]"
2025-10-20 10:57:46,Limit_Judge_Triggered,"[-0.0, 157.44400024414062, 0.0]","[157.44400024414062, -170.0]","[-157.44400024414062, 0.0, 0.0]","[2, 2]"
2025-10-20 10:57:46,Limit_Judge_Triggered,"[-0.0, 157.4429931640625, 0.0]","[157.4429931640625, -170.0]","[-157.4429931640625, 0.0, 0.0]","[2, 2]"
2025-10-20 10:57:46,Limit_Judge_Triggered,"[-0.0, 157.4429931640625, 0.0]","[157.4429931640625, -170.0]","[-157.4429931640625, 0.0, 0.0]","[2, 2]"
2025-10-20 10:57:47,Limit_Judge_Triggered,"[-0.0, 157.4429931640625, 0.0]","[157.4429931640625, -170.0]","[-157.4429931640625, 0.0, 0.0]","[2, 2]"
2025-10-20 10:57:47,Limit_Judge_Triggered,"[-0.0, 157.44200134277344, 0.0]","[157.44200134277344, -170.0]","[-157.44200134277344, 0.0, 0.0]","[2, 2]"
2025-10-20 10:57:47,Limit_Judge_Triggered,"[-0.0, 157.44200134277344, 0.0]","[157.44200134277344, -170.0]","[-157.44200134277344, 0.0, 0.0]","[2, 2]"
2025-10-20 10:57:47,Limit_Judge_Triggered,"[-0.0, 157.4409942626953, 0.0]","[157.4409942626953, -170.0]","[-157.4409942626953, 0.0, 0.0]","[2, 2]"
2025-10-20 10:57:47,Limit_Judge_Triggered,"[-0.0, 157.4409942626953, 0.0]","[157.4409942626953, -170.0]","[-157.4409942626953, 0.0, 0.0]","[2, 2]"
2025-10-20 10:57:47,Limit_Judge_Triggered,"[-0.0, 157.44000244140625, 0.0]","[157.44000244140625, -170.0]","[-157.44000244140625, 0.0, 0.0]","[2, 2]"
2025-10-20 10:57:47,Limit_Judge_Triggered,"[-0.0, 157.44000244140625, 0.0]","[157.44000244140625, -170.0]","[-157.44000244140625, 0.0, 0.0]","[2, 2]"
2025-10-20 10:57:47,Limit_Judge_Triggered,"[-0.0, 157.43899536132812, 0.0]","[157.43899536132812, -170.0]","[-157.43899536132812, 0.0, 0.0]","[2, 2]"
2025-10-20 10:57:47,Limit_Judge_Triggered,"[-0.0, 157.43899536132812, 0.0]","[157.43899536132812, -170.0]","[-157.43899536132812, 0.0, 0.0]","[2, 2]"
2025-10-20 10:57:47,Limit_Judge_Triggered,"[-0.0, 157.43800354003906, 0.0]","[157.43800354003906, -170.0]","[-157.43800354003906, 0.0, 0.0]","[2, 2]"
2025-10-20 10:57:47,Limit_Judge_Triggered,"[-0.0, 157.43800354003906, 0.0]","[157.43800354003906, -170.0]","[-157.43800354003906, 0.0, 0.0]","[2, 2]"
2025-10-20 10:57:47,Limit_Judge_Triggered,"[-0.0, 157.43699645996094, 0.0]","[157.43699645996094, -170.0]","[-157.43699645996094, 0.0, 0.0]","[2, 2]"
2025-10-20 10:57:47,Limit_Judge_Triggered,"[-0.0, 157.43600463867188, 0.0]","[157.43600463867188, -170.0]","[-157.43600463867188, 0.0, 0.0]","[2, 2]"
2025-10-20 10:57:47,Limit_Judge_Triggered,"[-0.0, 157.43499755859375, 0.0]","[157.43499755859375, -170.0]","[-157.43499755859375, 0.0, 0.0]","[2, 2]"
2025-10-20 10:57:47,Limit_Judge_Triggered,"[-0.0, 157.43499755859375, 0.0]","[157.43499755859375, -170.0]","[-157.43499755859375, 0.0, 0.0]","[2, 2]"
2025-10-20 10:57:47,Limit_Judge_Triggered,"[-0.0, 157.4340057373047, 0.0]","[157.4340057373047, -170.0]","[-157.4340057373047, 0.0, 0.0]","[2, 2]"
2025-10-20 10:57:47,Limit_Judge_Triggered,"[-0.0, 157.43299865722656, 0.0]","[157.43299865722656, -170.0]","[-157.43299865722656, 0.0, 0.0]","[2, 2]"
2025-10-20 10:57:47,Limit_Judge_Triggered,"[-0.0, 157.4320068359375, 0.0]","[157.4320068359375, -170.0]","[-157.4320068359375, 0.0, 0.0]","[2, 2]"
2025-10-20 10:57:47,Limit_Judge_Triggered,"[-0.0, 157.43099975585938, 0.0]","[157.43099975585938, -170.0]","[-157.43099975585938, 0.0, 0.0]","[2, 2]"
2025-10-20 10:57:47,Limit_Judge_Triggered,"[-0.0, 157.43099975585938, 0.0]","[157.43099975585938, -170.0]","[-157.43099975585938, 0.0, 0.0]","[2, 2]"
2025-10-20 10:57:47,Limit_Judge_Triggered,"[-0.0, 157.43099975585938, 0.0]","[157.43099975585938, -170.0]","[-157.43099975585938, 0.0, 0.0]","[2, 2]"
2025-10-20 10:57:47,Limit_Judge_Triggered,"[-0.0, 157.42999267578125, 0.0]","[157.42999267578125, -170.0]","[-157.42999267578125, 0.0, 0.0]","[2, 2]"
2025-10-20 10:57:47,Limit_Judge_Triggered,"[-0.0, 157.42999267578125, 0.0]","[157.42999267578125, -170.0]","[-157.42999267578125, 0.0, 0.0]","[2, 2]"
2025-10-20 10:57:47,Limit_Judge_Triggered,"[-0.0, 157.42999267578125, 0.0]","[157.42999267578125, -170.0]","[-157.42999267578125, 0.0, 0.0]","[2, 2]"
2025-10-20 10:57:47,Limit_Judge_Triggered,"[-0.0, 157.42999267578125, 0.0]","[157.42999267578125, -170.0]","[-157.42999267578125, 0.0, 0.0]","[2, 2]"
2025-10-20 10:57:48,Limit_Judge_Triggered,"[-0.0, 157.42999267578125, 0.0]","[157.42999267578125, -170.0]","[-157.42999267578125, 0.0, 0.0]","[2, 2]"
2025-10-20 10:57:48,Limit_Judge_Triggered,"[-0.0, 157.4290008544922, 0.0]","[157.4290008544922, -170.0]","[-157.4290008544922, 0.0, 0.0]","[2, 2]"
2025-10-20 10:57:48,Limit_Judge_Triggered,"[-0.0, 157.4290008544922, 0.0]","[157.4290008544922, -170.0]","[-157.4290008544922, 0.0, 0.0]","[2, 2]"
2025-10-20 10:57:48,Limit_Judge_Triggered,"[-0.0, 157.4290008544922, 0.0]","[157.4290008544922, -170.0]","[-157.4290008544922, 0.0, 0.0]","[2, 2]"
2025-10-20 10:57:48,Limit_Judge_Triggered,"[-0.0, 157.4290008544922, 0.0]","[157.4290008544922, -170.0]","[-157.4290008544922, 0.0, 0.0]","[2, 2]"
2025-10-20 10:57:48,Limit_Judge_Triggered,"[-0.0, 157.4290008544922, 0.0]","[157.4290008544922, -170.0]","[-157.4290008544922, 0.0, 0.0]","[2, 2]"
2025-10-20 10:57:48,Limit_Judge_Triggered,"[-0.0, 157.4290008544922, 0.0]","[157.4290008544922, -170.0]","[-157.4290008544922, 0.0, 0.0]","[2, 2]"
2025-10-20 10:57:48,Limit_Judge_Triggered,"[-0.0, 157.4290008544922, 0.0]","[157.4290008544922, -170.0]","[-157.4290008544922, 0.0, 0.0]","[2, 2]"
2025-10-20 10:57:48,Limit_Judge_Triggered,"[-0.0, 157.4290008544922, 0.0]","[157.4290008544922, -170.0]","[-157.4290008544922, 0.0, 0.0]","[2, 2]"
2025-10-20 10:57:48,Limit_Judge_Triggered,"[-0.0, 157.4290008544922, 0.0]","[157.4290008544922, -170.0]","[-157.4290008544922, 0.0, 0.0]","[2, 2]"
2025-10-20 10:57:48,Limit_Judge_Triggered,"[-0.0, 157.4290008544922, 0.0]","[157.4290008544922, -170.0]","[-157.4290008544922, 0.0, 0.0]","[2, 2]"
2025-10-20 10:57:48,Limit_Judge_Triggered,"[-0.0, 157.4290008544922, 0.0]","[157.4290008544922, -170.0]","[-157.4290008544922, 0.0, 0.0]","[2, 2]"
2025-10-20 10:57:48,Limit_Judge_Triggered,"[-0.0, 157.4290008544922, 0.0]","[157.4290008544922, -170.0]","[-157.4290008544922, 0.0, 0.0]","[2, 2]"
2025-10-20 10:57:48,Limit_Judge_Triggered,"[-0.0, 157.4290008544922, 0.0]","[157.4290008544922, -170.0]","[-157.4290008544922, 0.0, 0.0]","[2, 2]"
2025-10-20 10:57:48,Limit_Judge_Triggered,"[-0.0, 157.4290008544922, 0.0]","[157.4290008544922, -170.0]","[-157.4290008544922, 0.0, 0.0]","[2, 2]"
2025-10-20 10:57:48,Limit_Judge_Triggered,"[-0.0, 157.4290008544922, 0.0]","[157.4290008544922, -170.0]","[-157.4290008544922, 0.0, 0.0]","[2, 2]"
2025-10-20 10:57:48,Limit_Judge_Triggered,"[-0.0, 157.4290008544922, 0.0]","[157.4290008544922, -170.0]","[-157.4290008544922, 0.0, 0.0]","[2, 2]"
2025-10-20 10:57:48,Limit_Judge_Triggered,"[-0.0, 157.4290008544922, 0.0]","[157.4290008544922, -170.0]","[-157.4290008544922, 0.0, 0.0]","[2, 2]"
2025-10-20 10:57:48,Limit_Judge_Triggered,"[-0.0, 157.4290008544922, 0.0]","[157.4290008544922, -170.0]","[-157.4290008544922, 0.0, 0.0]","[2, 2]"
2025-10-20 10:57:48,Limit_Judge_Triggered,"[-0.0, 157.42999267578125, 0.0]","[157.42999267578125, -170.0]","[-157.42999267578125, 0.0, 0.0]","[2, 2]"
2025-10-20 10:57:48,Limit_Judge_Triggered,"[-0.0, 157.42999267578125, 0.0]","[157.42999267578125, -170.0]","[-157.42999267578125, 0.0, 0.0]","[2, 2]"
2025-10-20 10:57:48,Limit_Judge_Triggered,"[-0.0, 157.42999267578125, 0.0]","[157.42999267578125, -170.0]","[-157.42999267578125, 0.0, 0.0]","[2, 2]"
2025-10-20 10:57:48,Limit_Judge_Triggered,"[-0.0, 157.42999267578125, 0.0]","[157.42999267578125, -170.0]","[-157.42999267578125, 0.0, 0.0]","[2, 2]"
2025-10-20 10:57:48,Limit_Judge_Triggered,"[-0.0, 157.42999267578125, 0.0]","[157.42999267578125, -170.0]","[-157.42999267578125, 0.0, 0.0]","[2, 2]"
2025-10-20 10:57:48,Limit_Judge_Triggered,"[-0.0, 157.42999267578125, 0.0]","[157.42999267578125, -170.0]","[-157.42999267578125, 0.0, 0.0]","[2, 2]"
2025-10-20 10:57:49,Limit_Judge_Triggered,"[-0.0, 157.42999267578125, 0.0]","[157.42999267578125, -170.0]","[-157.42999267578125, 0.0, 0.0]","[2, 2]"
2025-10-20 10:57:49,Limit_Judge_Triggered,"[-0.0, 157.42999267578125, 0.0]","[157.42999267578125, -170.0]","[-157.42999267578125, 0.0, 0.0]","[2, 2]"
2025-10-20 10:57:49,Limit_Judge_Triggered,"[-0.0, 157.42999267578125, 0.0]","[157.42999267578125, -170.0]","[-157.42999267578125, 0.0, 0.0]","[2, 2]"
2025-10-20 10:57:49,Limit_Judge_Triggered,"[-0.0, 157.42999267578125, 0.0]","[157.42999267578125, -170.0]","[-157.42999267578125, 0.0, 0.0]","[2, 2]"
2025-10-20 10:57:49,Limit_Judge_Triggered,"[-0.0, 157.42999267578125, 0.0]","[157.42999267578125, -170.0]","[-157.42999267578125, 0.0, 0.0]","[2, 2]"
2025-10-20 10:57:49,Limit_Judge_Triggered,"[-0.0, 157.42999267578125, 0.0]","[157.42999267578125, -170.0]","[-157.42999267578125, 0.0, 0.0]","[2, 2]"
2025-10-20 10:57:49,Limit_Judge_Triggered,"[-0.0, 157.42999267578125, 0.0]","[157.42999267578125, -170.0]","[-157.42999267578125, 0.0, 0.0]","[2, 2]"
2025-10-20 10:57:49,Limit_Judge_Triggered,"[-0.0, 157.42999267578125, 0.0]","[157.42999267578125, -170.0]","[-157.42999267578125, 0.0, 0.0]","[2, 2]"
2025-10-20 10:57:49,Limit_Judge_Triggered,"[-0.0, 157.42999267578125, 0.0]","[157.42999267578125, -170.0]","[-157.42999267578125, 0.0, 0.0]","[2, 2]"
2025-10-20 10:57:49,Limit_Judge_Triggered,"[-0.0, 157.42999267578125, 0.0]","[157.42999267578125, -170.0]","[-157.42999267578125, 0.0, 0.0]","[2, 2]"
2025-10-20 10:57:49,Limit_Judge_Triggered,"[-0.0, 157.42999267578125, 0.0]","[157.42999267578125, -170.0]","[-157.42999267578125, 0.0, 0.0]","[2, 2]"
2025-10-20 10:57:49,Limit_Judge_Triggered,"[-0.0, 157.42999267578125, 0.0]","[157.42999267578125, -170.0]","[-157.42999267578125, 0.0, 0.0]","[2, 2]"
2025-10-20 10:57:49,Limit_Judge_Triggered,"[-0.0, 157.42999267578125, 0.0]","[157.42999267578125, -170.0]","[-157.42999267578125, 0.0, 0.0]","[2, 2]"
2025-10-20 10:57:49,Limit_Judge_Triggered,"[-0.0, 157.42999267578125, 0.0]","[157.42999267578125, -170.0]","[-157.42999267578125, 0.0, 0.0]","[2, 2]"
2025-10-20 10:57:49,Limit_Judge_Triggered,"[-0.0, 157.42999267578125, 0.0]","[157.42999267578125, -170.0]","[-157.42999267578125, 0.0, 0.0]","[2, 2]"
2025-10-20 10:57:49,Limit_Judge_Triggered,"[-0.0, 157.42999267578125, 0.0]","[157.42999267578125, -170.0]","[-157.42999267578125, 0.0, 0.0]","[2, 2]"
2025-10-20 10:57:49,Limit_Judge_Triggered,"[-0.0, 157.42999267578125, 0.0]","[157.42999267578125, -170.0]","[-157.42999267578125, 0.0, 0.0]","[2, 2]"
2025-10-20 10:57:49,Limit_Judge_Triggered,"[-0.0, 157.42999267578125, 0.0]","[157.42999267578125, -170.0]","[-157.42999267578125, 0.0, 0.0]","[2, 2]"
2025-10-20 10:57:49,Limit_Judge_Triggered,"[-0.0, 157.42999267578125, 0.0]","[157.42999267578125, -170.0]","[-157.42999267578125, 0.0, 0.0]","[2, 2]"
2025-10-20 10:57:49,Limit_Judge_Triggered,"[-0.0, 157.42999267578125, 0.0]","[157.42999267578125, -170.0]","[-157.42999267578125, 0.0, 0.0]","[2, 2]"
2025-10-20 10:57:49,Limit_Judge_Triggered,"[-0.0, 157.42999267578125, 0.0]","[157.42999267578125, -170.0]","[-157.42999267578125, 0.0, 0.0]","[2, 2]"
2025-10-20 10:57:49,Limit_Judge_Triggered,"[-0.0, 157.42999267578125, 0.0]","[157.42999267578125, -170.0]","[-157.42999267578125, 0.0, 0.0]","[2, 2]"
2025-10-20 10:57:49,Limit_Judge_Triggered,"[-0.0, 157.42999267578125, 0.0]","[157.42999267578125, -170.0]","[-157.42999267578125, 0.0, 0.0]","[2, 2]"
2025-10-20 10:57:49,Limit_Judge_Triggered,"[-0.0, 157.42999267578125, 0.0]","[157.42999267578125, -170.0]","[-157.42999267578125, 0.0, 0.0]","[2, 2]"
2025-10-20 10:57:49,Limit_Judge_Triggered,"[-0.0, 157.42999267578125, 0.0]","[157.42999267578125, -170.0]","[-157.42999267578125, 0.0, 0.0]","[2, 2]"
2025-10-20 10:57:50,Limit_Judge_Triggered,"[-0.0, 157.42999267578125, 0.0]","[157.42999267578125, -170.0]","[-157.42999267578125, 0.0, 0.0]","[2, 2]"
2025-10-20 10:57:50,Limit_Judge_Triggered,"[-0.0, 157.42999267578125, 0.0]","[157.42999267578125, -170.0]","[-157.42999267578125, 0.0, 0.0]","[2, 2]"
2025-10-20 10:57:50,Limit_Judge_Triggered,"[-0.0, 157.42999267578125, 0.0]","[157.42999267578125, -170.0]","[-157.42999267578125, 0.0, 0.0]","[2, 2]"
2025-10-20 10:57:50,Limit_Judge_Triggered,"[-0.0, 157.42999267578125, 0.0]","[157.42999267578125, -170.0]","[-157.42999267578125, 0.0, 0.0]","[2, 2]"
2025-10-20 10:57:50,Limit_Judge_Triggered,"[-0.0, 157.42999267578125, 0.0]","[157.42999267578125, -170.0]","[-157.42999267578125, 0.0, 0.0]","[2, 2]"
2025-10-20 10:57:50,Limit_Judge_Triggered,"[-0.0, 157.42999267578125, 0.0]","[157.42999267578125, -170.0]","[-157.42999267578125, 0.0, 0.0]","[2, 2]"
2025-10-20 10:57:50,Limit_Judge_Triggered,"[-0.0, 157.42999267578125, 0.0]","[157.42999267578125, -170.0]","[-157.42999267578125, 0.0, 0.0]","[2, 2]"
2025-10-20 10:57:50,Limit_Judge_Triggered,"[-0.0, 157.42999267578125, 0.0]","[157.42999267578125, -170.0]","[-157.42999267578125, 0.0, 0.0]","[2, 2]"
2025-10-20 10:57:50,Limit_Judge_Triggered,"[-0.0, 157.42999267578125, 0.0]","[157.42999267578125, -170.0]","[-157.42999267578125, 0.0, 0.0]","[2, 2]"
2025-10-20 10:57:50,Limit_Judge_Triggered,"[-0.0, 157.42999267578125, 0.0]","[157.42999267578125, -170.0]","[-157.42999267578125, 0.0, 0.0]","[2, 2]"
2025-10-20 10:57:50,Limit_Judge_Triggered,"[-0.0, 157.42999267578125, 0.0]","[157.42999267578125, -170.0]","[-157.42999267578125, 0.0, 0.0]","[2, 2]"
2025-10-20 10:57:50,Limit_Judge_Triggered,"[-0.0, 157.42999267578125, 0.0]","[157.42999267578125, -170.0]","[-157.42999267578125, 0.0, 0.0]","[2, 2]"
2025-10-20 10:57:50,Limit_Judge_Triggered,"[-0.0, 157.42999267578125, 0.0]","[157.42999267578125, -170.0]","[-157.42999267578125, 0.0, 0.0]","[2, 2]"
2025-10-20 10:57:50,Limit_Judge_Triggered,"[-0.0, 157.42999267578125, 0.0]","[157.42999267578125, -170.0]","[-157.42999267578125, 0.0, 0.0]","[2, 2]"
2025-10-20 10:57:50,Limit_Judge_Triggered,"[-0.0, 157.42999267578125, 0.0]","[157.42999267578125, -170.0]","[-157.42999267578125, 0.0, 0.0]","[2, 2]"
2025-10-20 10:57:50,Limit_Judge_Triggered,"[-0.0, 157.42999267578125, 0.0]","[157.42999267578125, -170.0]","[-157.42999267578125, 0.0, 0.0]","[2, 2]"
2025-10-20 10:57:50,Limit_Judge_Triggered,"[-0.0, 157.42999267578125, 0.0]","[157.42999267578125, -170.0]","[-157.42999267578125, 0.0, 0.0]","[2, 2]"
2025-10-20 10:57:50,Limit_Judge_Triggered,"[-0.0, 157.42999267578125, 0.0]","[157.42999267578125, -170.0]","[-157.42999267578125, 0.0, 0.0]","[2, 2]"
2025-10-20 10:57:50,Limit_Judge_Triggered,"[-0.0, 157.42999267578125, 0.0]","[157.42999267578125, -170.0]","[-157.42999267578125, 0.0, 0.0]","[2, 2]"
2025-10-20 10:57:50,Limit_Judge_Triggered,"[-0.0, 157.42999267578125, 0.0]","[157.42999267578125, -170.0]","[-157.42999267578125, 0.0, 0.0]","[2, 2]"
2025-10-20 10:57:50,Limit_Judge_Triggered,"[-0.0, 157.42999267578125, 0.0]","[157.42999267578125, -170.0]","[-157.42999267578125, 0.0, 0.0]","[2, 2]"
2025-10-20 10:57:50,Limit_Judge_Triggered,"[-0.0, 157.42999267578125, 0.0]","[157.42999267578125, -170.0]","[-157.42999267578125, 0.0, 0.0]","[2, 2]"
2025-10-20 10:57:50,Limit_Judge_Triggered,"[-0.0, 157.42999267578125, 0.0]","[157.42999267578125, -170.0]","[-157.42999267578125, 0.0, 0.0]","[2, 2]"
2025-10-20 10:57:50,Limit_Judge_Triggered,"[-0.0, 157.42999267578125, 0.0]","[157.42999267578125, -170.0]","[-157.42999267578125, 0.0, 0.0]","[2, 2]"
2025-10-20 10:57:50,Limit_Judge_Triggered,"[-0.0, 157.42999267578125, 0.0]","[157.42999267578125, -170.0]","[-157.42999267578125, 0.0, 0.0]","[2, 2]"
2025-10-20 10:57:51,Limit_Judge_Triggered,"[-0.0, 157.42999267578125, 0.0]","[157.42999267578125, -170.0]","[-157.42999267578125, 0.0, 0.0]","[2, 2]"
2025-10-20 10:57:51,Limit_Judge_Triggered,"[-0.0, 157.42999267578125, 0.0]","[157.42999267578125, -170.0]","[-157.42999267578125, 0.0, 0.0]","[2, 2]"
2025-10-20 10:57:51,Limit_Judge_Triggered,"[-0.0, 157.42999267578125, 0.0]","[157.42999267578125, -170.0]","[-157.42999267578125, 0.0, 0.0]","[2, 2]"
2025-10-20 10:57:51,Limit_Judge_Triggered,"[-0.0, 157.42999267578125, 0.0]","[157.42999267578125, -170.0]","[-157.42999267578125, 0.0, 0.0]","[2, 2]"
2025-10-20 10:57:51,Limit_Judge_Triggered,"[-0.0, 157.42999267578125, 0.0]","[157.42999267578125, -170.0]","[-157.42999267578125, 0.0, 0.0]","[2, 2]"
2025-10-20 10:57:51,Limit_Judge_Triggered,"[-0.0, 157.42999267578125, 0.0]","[157.42999267578125, -170.0]","[-157.42999267578125, 0.0, 0.0]","[2, 2]"
2025-10-20 10:57:51,Limit_Judge_Triggered,"[-0.0, 157.42999267578125, 0.0]","[157.42999267578125, -170.0]","[-157.42999267578125, 0.0, 0.0]","[2, 2]"
2025-10-20 10:57:51,Limit_Judge_Triggered,"[-0.0, 157.42999267578125, 0.0]","[157.42999267578125, -170.0]","[-157.42999267578125, 0.0, 0.0]","[2, 2]"
2025-10-20 10:57:51,Limit_Judge_Triggered,"[-0.0, 157.42999267578125, 0.0]","[157.42999267578125, -170.0]","[-157.42999267578125, 0.0, 0.0]","[2, 2]"
2025-10-20 10:57:51,Limit_Judge_Triggered,"[-0.0, 157.42999267578125, 0.0]","[157.42999267578125, -170.0]","[-157.42999267578125, 0.0, 0.0]","[2, 2]"
2025-10-20 10:57:51,Limit_Judge_Triggered,"[-0.0, 157.42999267578125, 0.0]","[157.42999267578125, -170.0]","[-157.42999267578125, 0.0, 0.0]","[2, 2]"
2025-10-20 10:57:51,Limit_Judge_Triggered,"[-0.0, 157.42999267578125, 0.0]","[157.42999267578125, -170.0]","[-157.42999267578125, 0.0, 0.0]","[2, 2]"
2025-10-20 10:57:51,Limit_Judge_Triggered,"[-0.0, 157.42999267578125, 0.0]","[157.42999267578125, -170.0]","[-157.42999267578125, 0.0, 0.0]","[2, 2]"
2025-10-20 10:57:51,Limit_Judge_Triggered,"[-0.0, 157.42999267578125, 0.0]","[157.42999267578125, -170.0]","[-157.42999267578125, 0.0, 0.0]","[2, 2]"
2025-10-20 10:57:51,Limit_Judge_Triggered,"[-0.0, 157.42999267578125, 0.0]","[157.42999267578125, -170.0]","[-157.42999267578125, 0.0, 0.0]","[2, 2]"
2025-10-20 10:57:51,Limit_Judge_Triggered,"[-0.0, 157.42999267578125, 0.0]","[157.42999267578125, -170.0]","[-157.42999267578125, 0.0, 0.0]","[2, 2]"
2025-10-20 10:57:51,Limit_Judge_Triggered,"[-0.0, 157.42999267578125, 0.0]","[157.42999267578125, -170.0]","[-157.42999267578125, 0.0, 0.0]","[2, 2]"
2025-10-20 10:57:51,Limit_Judge_Triggered,"[-0.0, 157.42999267578125, 0.0]","[157.42999267578125, -170.0]","[-157.42999267578125, 0.0, 0.0]","[2, 2]"
2025-10-20 10:57:51,Limit_Judge_Triggered,"[-0.0, 157.42999267578125, 0.0]","[157.42999267578125, -170.0]","[-157.42999267578125, 0.0, 0.0]","[2, 2]"
2025-10-20 10:57:51,Limit_Judge_Triggered,"[-0.0, 157.42999267578125, 0.0]","[157.42999267578125, -170.0]","[-157.42999267578125, 0.0, 0.0]","[2, 2]"
2025-10-20 10:57:51,Limit_Judge_Triggered,"[-0.0, 157.42999267578125, 0.0]","[157.42999267578125, -170.0]","[-157.42999267578125, 0.0, 0.0]","[2, 2]"
2025-10-20 10:57:51,Limit_Judge_Triggered,"[-0.0, 157.42999267578125, 0.0]","[157.42999267578125, -170.0]","[-157.42999267578125, 0.0, 0.0]","[2, 2]"
2025-10-20 10:57:51,Limit_Judge_Triggered,"[-0.0, 157.42999267578125, 0.0]","[157.42999267578125, -170.0]","[-157.42999267578125, 0.0, 0.0]","[2, 2]"
2025-10-20 10:57:51,Limit_Judge_Triggered,"[-0.0, 157.43099975585938, 0.0]","[157.43099975585938, -170.0]","[-157.43099975585938, 0.0, 0.0]","[2, 2]"
2025-10-20 10:57:51,Limit_Judge_Triggered,"[-0.0, 157.43099975585938, 0.0]","[157.43099975585938, -170.0]","[-157.43099975585938, 0.0, 0.0]","[2, 2]"
2025-10-20 10:57:52,Limit_Judge_Triggered,"[-0.0, 157.43099975585938, 0.0]","[157.43099975585938, -170.0]","[-157.43099975585938, 0.0, 0.0]","[2, 2]"
2025-10-20 10:57:52,Limit_Judge_Triggered,"[-0.0, 157.43099975585938, 0.0]","[157.43099975585938, -170.0]","[-157.43099975585938, 0.0, 0.0]","[2, 2]"
2025-10-20 10:57:52,Limit_Judge_Triggered,"[-0.0, 157.43099975585938, 0.0]","[157.43099975585938, -170.0]","[-157.43099975585938, 0.0, 0.0]","[2, 2]"
2025-10-20 10:57:52,Limit_Judge_Triggered,"[-0.0, 157.43099975585938, 0.0]","[157.43099975585938, -170.0]","[-157.43099975585938, 0.0, 0.0]","[2, 2]"
2025-10-20 10:57:52,Limit_Judge_Triggered,"[-0.0, 157.43099975585938, 0.0]","[157.43099975585938, -170.0]","[-157.43099975585938, 0.0, 0.0]","[2, 2]"
2025-10-20 10:57:52,Limit_Judge_Triggered,"[-0.0, 157.43099975585938, 0.0]","[157.43099975585938, -170.0]","[-157.43099975585938, 0.0, 0.0]","[2, 2]"
2025-10-20 10:57:52,Limit_Judge_Triggered,"[-0.0, 157.43099975585938, 0.0]","[157.43099975585938, -170.0]","[-157.43099975585938, 0.0, 0.0]","[2, 2]"
2025-10-20 10:57:52,Limit_Judge_Triggered,"[-0.0, 157.43099975585938, 0.0]","[157.43099975585938, -170.0]","[-157.43099975585938, 0.0, 0.0]","[2, 2]"
2025-10-20 10:57:52,Limit_Judge_Triggered,"[-0.0, 157.43099975585938, 0.0]","[157.43099975585938, -170.0]","[-157.43099975585938, 0.0, 0.0]","[2, 2]"
2025-10-20 10:57:52,Limit_Judge_Triggered,"[-0.0, 157.43099975585938, 0.0]","[157.43099975585938, -170.0]","[-157.43099975585938, 0.0, 0.0]","[2, 2]"
2025-10-20 10:57:52,Limit_Judge_Triggered,"[-0.0, 157.43099975585938, 0.0]","[157.43099975585938, -170.0]","[-157.43099975585938, 0.0, 0.0]","[2, 2]"
2025-10-20 10:57:52,Limit_Judge_Triggered,"[-0.0, 157.43099975585938, 0.0]","[157.43099975585938, -170.0]","[-157.43099975585938, 0.0, 0.0]","[2, 2]"
2025-10-20 10:57:52,Limit_Judge_Triggered,"[-0.0, 157.43099975585938, 0.0]","[157.43099975585938, -170.0]","[-157.43099975585938, 0.0, 0.0]","[2, 2]"
2025-10-20 10:57:52,Limit_Judge_Triggered,"[-0.0, 157.43099975585938, 0.0]","[157.43099975585938, -170.0]","[-157.43099975585938, 0.0, 0.0]","[2, 2]"
2025-10-20 10:57:52,Limit_Judge_Triggered,"[-0.0, 157.43099975585938, 0.0]","[157.43099975585938, -170.0]","[-157.43099975585938, 0.0, 0.0]","[2, 2]"
2025-10-20 10:57:52,Limit_Judge_Triggered,"[-0.0, 157.43099975585938, 0.0]","[157.43099975585938, -170.0]","[-157.43099975585938, 0.0, 0.0]","[2, 2]"
2025-10-20 10:57:52,Limit_Judge_Triggered,"[-0.0, 157.43099975585938, 0.0]","[157.43099975585938, -170.0]","[-157.43099975585938, 0.0, 0.0]","[2, 2]"
2025-10-20 10:57:52,Limit_Judge_Triggered,"[-0.0, 157.43099975585938, 0.0]","[157.43099975585938, -170.0]","[-157.43099975585938, 0.0, 0.0]","[2, 2]"
2025-10-20 10:57:52,Limit_Judge_Triggered,"[-0.0, 157.43099975585938, 0.0]","[157.43099975585938, -170.0]","[-157.43099975585938, 0.0, 0.0]","[2, 2]"
2025-10-20 10:57:52,Limit_Judge_Triggered,"[-0.0, 157.43099975585938, 0.0]","[157.43099975585938, -170.0]","[-157.43099975585938, 0.0, 0.0]","[2, 2]"
2025-10-20 10:57:52,Limit_Judge_Triggered,"[-0.0, 157.43099975585938, 0.0]","[157.43099975585938, -170.0]","[-157.43099975585938, 0.0, 0.0]","[2, 2]"
2025-10-20 10:57:52,Limit_Judge_Triggered,"[-0.0, 157.43099975585938, 0.0]","[157.43099975585938, -170.0]","[-157.43099975585938, 0.0, 0.0]","[2, 2]"
2025-10-20 10:57:52,Limit_Judge_Triggered,"[-0.0, 157.43099975585938, 0.0]","[157.43099975585938, -170.0]","[-157.43099975585938, 0.0, 0.0]","[2, 2]"
2025-10-20 10:57:52,Limit_Judge_Triggered,"[-0.0, 157.43099975585938, 0.0]","[157.43099975585938, -170.0]","[-157.43099975585938, 0.0, 0.0]","[2, 2]"
2025-10-20 10:57:52,Limit_Judge_Triggered,"[-0.0, 157.43099975585938, 0.0]","[157.43099975585938, -170.0]","[-157.43099975585938, 0.0, 0.0]","[2, 2]"
2025-10-20 10:57:53,Limit_Judge_Triggered,"[-0.0, 157.43099975585938, 0.0]","[157.43099975585938, -170.0]","[-157.43099975585938, 0.0, 0.0]","[2, 2]"
2025-10-20 10:57:53,Limit_Judge_Triggered,"[-0.0, 157.43099975585938, 0.0]","[157.43099975585938, -170.0]","[-157.43099975585938, 0.0, 0.0]","[2, 2]"
2025-10-20 10:57:53,Limit_Judge_Triggered,"[-0.0, 157.43099975585938, 0.0]","[157.43099975585938, -170.0]","[-157.43099975585938, 0.0, 0.0]","[2, 2]"
2025-10-20 10:57:53,Limit_Judge_Triggered,"[-0.0, 157.43099975585938, 0.0]","[157.43099975585938, -170.0]","[-157.43099975585938, 0.0, 0.0]","[2, 2]"
2025-10-20 10:57:53,Limit_Judge_Triggered,"[-0.0, 157.43099975585938, 0.0]","[157.43099975585938, -170.0]","[-157.43099975585938, 0.0, 0.0]","[2, 2]"
2025-10-20 10:57:53,Limit_Judge_Triggered,"[-0.0, 157.43099975585938, 0.0]","[157.43099975585938, -170.0]","[-157.43099975585938, 0.0, 0.0]","[2, 2]"
2025-10-20 10:57:53,Limit_Judge_Triggered,"[-0.0, 157.43099975585938, 0.0]","[157.43099975585938, -170.0]","[-157.43099975585938, 0.0, 0.0]","[2, 2]"
2025-10-20 10:57:53,Limit_Judge_Triggered,"[-0.0, 157.43099975585938, 0.0]","[157.43099975585938, -170.0]","[-157.43099975585938, 0.0, 0.0]","[2, 2]"
2025-10-20 10:57:53,Limit_Judge_Triggered,"[-0.0, 157.43099975585938, 0.0]","[157.43099975585938, -170.0]","[-157.43099975585938, 0.0, 0.0]","[2, 2]"
2025-10-20 10:57:53,Limit_Judge_Triggered,"[-0.0, 157.43099975585938, 0.0]","[157.43099975585938, -170.0]","[-157.43099975585938, 0.0, 0.0]","[2, 2]"
2025-10-20 10:57:53,Limit_Judge_Triggered,"[-0.0, 157.43099975585938, 0.0]","[157.43099975585938, -170.0]","[-157.43099975585938, 0.0, 0.0]","[2, 2]"
2025-10-20 10:57:53,Limit_Judge_Triggered,"[-0.0, 157.43099975585938, 0.0]","[157.43099975585938, -170.0]","[-157.43099975585938, 0.0, 0.0]","[2, 2]"
2025-10-20 10:57:53,Limit_Judge_Triggered,"[-0.0, 157.43099975585938, 0.0]","[157.43099975585938, -170.0]","[-157.43099975585938, 0.0, 0.0]","[2, 2]"
2025-10-20 10:57:53,Limit_Judge_Triggered,"[-0.0, 157.43099975585938, 0.0]","[157.43099975585938, -170.0]","[-157.43099975585938, 0.0, 0.0]","[2, 2]"
2025-10-20 10:57:53,Limit_Judge_Triggered,"[-0.0, 157.43099975585938, 0.0]","[157.43099975585938, -170.0]","[-157.43099975585938, 0.0, 0.0]","[2, 2]"
2025-10-20 10:57:53,Limit_Judge_Triggered,"[-0.0, 157.43099975585938, 0.0]","[157.43099975585938, -170.0]","[-157.43099975585938, 0.0, 0.0]","[2, 2]"
2025-10-20 10:57:53,Limit_Judge_Triggered,"[-0.0, 157.43099975585938, 0.0]","[157.43099975585938, -170.0]","[-157.43099975585938, 0.0, 0.0]","[2, 2]"
2025-10-20 10:57:53,Limit_Judge_Triggered,"[-0.0, 157.43099975585938, 0.0]","[157.43099975585938, -170.0]","[-157.43099975585938, 0.0, 0.0]","[2, 2]"
2025-10-20 10:57:53,Limit_Judge_Triggered,"[-0.0, 157.43099975585938, 0.0]","[157.43099975585938, -170.0]","[-157.43099975585938, 0.0, 0.0]","[2, 2]"
2025-10-20 10:57:53,Limit_Judge_Triggered,"[-0.0, 157.43099975585938, 0.0]","[157.43099975585938, -170.0]","[-157.43099975585938, 0.0, 0.0]","[2, 2]"
2025-10-20 10:57:53,Limit_Judge_Triggered,"[-0.0, 157.43099975585938, 0.0]","[157.43099975585938, -170.0]","[-157.43099975585938, 0.0, 0.0]","[2, 2]"
2025-10-20 10:57:53,Limit_Judge_Triggered,"[-0.0, 157.43099975585938, 0.0]","[157.43099975585938, -170.0]","[-157.43099975585938, 0.0, 0.0]","[2, 2]"
2025-10-20 10:57:53,Limit_Judge_Triggered,"[-0.0, 157.43099975585938, 0.0]","[157.43099975585938, -170.0]","[-157.43099975585938, 0.0, 0.0]","[2, 2]"
2025-10-20 10:57:53,Limit_Judge_Triggered,"[-0.0, 157.43099975585938, 0.0]","[157.43099975585938, -170.0]","[-157.43099975585938, 0.0, 0.0]","[2, 2]"
2025-10-20 10:57:53,Limit_Judge_Triggered,"[-0.0, 157.43099975585938, 0.0]","[157.43099975585938, -170.0]","[-157.43099975585938, 0.0, 0.0]","[2, 2]"
2025-10-20 10:57:54,Limit_Judge_Triggered,"[-0.0, 157.43099975585938, 0.0]","[157.43099975585938, -170.0]","[-157.43099975585938, 0.0, 0.0]","[2, 2]"
2025-10-20 10:57:54,Limit_Judge_Triggered,"[-0.0, 157.43099975585938, 0.0]","[157.43099975585938, -170.0]","[-157.43099975585938, 0.0, 0.0]","[2, 2]"
2025-10-20 10:57:54,Limit_Judge_Triggered,"[-0.0, 157.43099975585938, 0.0]","[157.43099975585938, -170.0]","[-157.43099975585938, 0.0, 0.0]","[2, 2]"
2025-10-20 10:57:54,Limit_Judge_Triggered,"[-0.0, 157.43099975585938, 0.0]","[157.43099975585938, -170.0]","[-157.43099975585938, 0.0, 0.0]","[2, 2]"
2025-10-20 10:57:54,Limit_Judge_Triggered,"[-0.0, 157.43099975585938, 0.0]","[157.43099975585938, -170.0]","[-157.43099975585938, 0.0, 0.0]","[2, 2]"
2025-10-20 10:57:54,Limit_Judge_Triggered,"[-0.0, 157.43099975585938, 0.0]","[157.43099975585938, -170.0]","[-157.43099975585938, 0.0, 0.0]","[2, 2]"
2025-10-20 10:57:54,Limit_Judge_Triggered,"[-0.0, 157.43099975585938, 0.0]","[157.43099975585938, -170.0]","[-157.43099975585938, 0.0, 0.0]","[2, 2]"
2025-10-20 10:57:54,Limit_Judge_Triggered,"[-0.0, 157.43099975585938, 0.0]","[157.43099975585938, -170.0]","[-157.43099975585938, 0.0, 0.0]","[2, 2]"
2025-10-20 10:57:54,Limit_Judge_Triggered,"[-0.0, 157.43099975585938, 0.0]","[157.43099975585938, -170.0]","[-157.43099975585938, 0.0, 0.0]","[2, 2]"
2025-10-20 10:57:54,Limit_Judge_Triggered,"[-0.0, 157.43099975585938, 0.0]","[157.43099975585938, -170.0]","[-157.43099975585938, 0.0, 0.0]","[2, 2]"
2025-10-20 10:57:54,Limit_Judge_Triggered,"[-0.0, 157.43099975585938, 0.0]","[157.43099975585938, -170.0]","[-157.43099975585938, 0.0, 0.0]","[2, 2]"
2025-10-20 10:57:54,Limit_Judge_Triggered,"[-0.0, 157.43099975585938, 0.0]","[157.43099975585938, -170.0]","[-157.43099975585938, 0.0, 0.0]","[2, 2]"
2025-10-20 10:57:54,Limit_Judge_Triggered,"[-0.0, 157.43099975585938, 0.0]","[157.43099975585938, -170.0]","[-157.43099975585938, 0.0, 0.0]","[2, 2]"
2025-10-20 10:57:54,Limit_Judge_Triggered,"[-0.0, 157.43099975585938, 0.0]","[157.43099975585938, -170.0]","[-157.43099975585938, 0.0, 0.0]","[2, 2]"
2025-10-20 10:57:54,Limit_Judge_Triggered,"[-0.0, 157.43099975585938, 0.0]","[157.43099975585938, -170.0]","[-157.43099975585938, 0.0, 0.0]","[2, 2]"
2025-10-20 10:57:54,Limit_Judge_Triggered,"[-0.0, 157.43099975585938, 0.0]","[157.43099975585938, -170.0]","[-157.43099975585938, 0.0, 0.0]","[2, 2]"
2025-10-20 10:57:54,Limit_Judge_Triggered,"[-0.0, 157.43099975585938, 0.0]","[157.43099975585938, -170.0]","[-157.43099975585938, 0.0, 0.0]","[2, 2]"
2025-10-20 10:57:54,Limit_Judge_Triggered,"[-0.0, 157.43099975585938, 0.0]","[157.43099975585938, -170.0]","[-157.43099975585938, 0.0, 0.0]","[2, 2]"
2025-10-20 10:57:54,Limit_Judge_Triggered,"[-0.0, 157.43099975585938, 0.0]","[157.43099975585938, -170.0]","[-157.43099975585938, 0.0, 0.0]","[2, 2]"
2025-10-20 10:57:54,Limit_Judge_Triggered,"[-0.0, 157.43099975585938, 0.0]","[157.43099975585938, -170.0]","[-157.43099975585938, 0.0, 0.0]","[2, 2]"
2025-10-20 10:57:54,Limit_Judge_Triggered,"[-0.0, 157.43099975585938, 0.0]","[157.43099975585938, -170.0]","[-157.43099975585938, 0.0, 0.0]","[2, 2]"
2025-10-20 10:57:54,Limit_Judge_Triggered,"[-0.0, 157.43099975585938, 0.0]","[157.43099975585938, -170.0]","[-157.43099975585938, 0.0, 0.0]","[2, 2]"
2025-10-20 10:57:54,Limit_Judge_Triggered,"[-0.0, 157.43099975585938, 0.0]","[157.43099975585938, -170.0]","[-157.43099975585938, 0.0, 0.0]","[2, 2]"
2025-10-20 10:57:54,Limit_Judge_Triggered,"[-0.0, 157.43099975585938, 0.0]","[157.43099975585938, -170.0]","[-157.43099975585938, 0.0, 0.0]","[2, 2]"
2025-10-20 10:57:54,Limit_Judge_Triggered,"[-0.0, 157.43099975585938, 0.0]","[157.43099975585938, -170.0]","[-157.43099975585938, 0.0, 0.0]","[2, 2]"
2025-10-20 10:57:55,Limit_Judge_Triggered,"[-0.0, 157.43099975585938, 0.0]","[157.43099975585938, -170.0]","[-157.43099975585938, 0.0, 0.0]","[2, 2]"
2025-10-20 10:57:55,Limit_Judge_Triggered,"[-0.0, 157.43099975585938, 0.0]","[157.43099975585938, -170.0]","[-157.43099975585938, 0.0, 0.0]","[2, 2]"
2025-10-20 10:57:55,Limit_Judge_Triggered,"[-0.0, 157.43099975585938, 0.0]","[157.43099975585938, -170.0]","[-157.43099975585938, 0.0, 0.0]","[2, 2]"
2025-10-20 10:57:55,Limit_Judge_Triggered,"[-0.0, 157.43099975585938, 0.0]","[157.43099975585938, -170.0]","[-157.43099975585938, 0.0, 0.0]","[2, 2]"
2025-10-20 10:57:55,Limit_Judge_Triggered,"[-0.0, 157.43099975585938, 0.0]","[157.43099975585938, -170.0]","[-157.43099975585938, 0.0, 0.0]","[2, 2]"
2025-10-20 10:57:55,Limit_Judge_Triggered,"[-0.0, 157.43099975585938, 0.0]","[157.43099975585938, -170.0]","[-157.43099975585938, 0.0, 0.0]","[2, 2]"
2025-10-20 10:57:55,Limit_Judge_Triggered,"[-0.0, 157.43099975585938, 0.0]","[157.43099975585938, -170.0]","[-157.43099975585938, 0.0, 0.0]","[2, 2]"
2025-10-20 10:57:55,Limit_Judge_Triggered,"[-0.0, 157.43099975585938, 0.0]","[157.43099975585938, -170.0]","[-157.43099975585938, 0.0, 0.0]","[2, 2]"
2025-10-20 10:57:55,Limit_Judge_Triggered,"[-0.0, 157.43099975585938, 0.0]","[157.43099975585938, -170.0]","[-157.43099975585938, 0.0, 0.0]","[2, 2]"
2025-10-20 10:57:55,Limit_Judge_Triggered,"[-0.0, 157.43099975585938, 0.0]","[157.43099975585938, -170.0]","[-157.43099975585938, 0.0, 0.0]","[2, 2]"
2025-10-20 10:57:55,Limit_Judge_Triggered,"[-0.0, 157.43099975585938, 0.0]","[157.43099975585938, -170.0]","[-157.43099975585938, 0.0, 0.0]","[2, 2]"
2025-10-20 10:57:55,Limit_Judge_Triggered,"[-0.0, 157.43099975585938, 0.0]","[157.43099975585938, -170.0]","[-157.43099975585938, 0.0, 0.0]","[2, 2]"
2025-10-20 10:57:55,Limit_Judge_Triggered,"[-0.0, 157.43099975585938, 0.0]","[157.43099975585938, -170.0]","[-157.43099975585938, 0.0, 0.0]","[2, 2]"
2025-10-20 10:57:55,Limit_Judge_Triggered,"[-0.0, 157.43099975585938, 0.0]","[157.43099975585938, -170.0]","[-157.43099975585938, 0.0, 0.0]","[2, 2]"
2025-10-20 10:57:55,Limit_Judge_Triggered,"[-0.0, 157.43099975585938, 0.0]","[157.43099975585938, -170.0]","[-157.43099975585938, 0.0, 0.0]","[2, 2]"
2025-10-20 10:57:55,Limit_Judge_Triggered,"[-0.0, 157.43099975585938, 0.0]","[157.43099975585938, -170.0]","[-157.43099975585938, 0.0, 0.0]","[2, 2]"
2025-10-20 10:57:55,Limit_Judge_Triggered,"[-0.0, 157.43099975585938, 0.0]","[157.43099975585938, -170.0]","[-157.43099975585938, 0.0, 0.0]","[2, 2]"
2025-10-20 10:57:55,Limit_Judge_Triggered,"[-0.0, 157.43099975585938, 0.0]","[157.43099975585938, -170.0]","[-157.43099975585938, 0.0, 0.0]","[2, 2]"
2025-10-20 10:57:55,Limit_Judge_Triggered,"[-0.0, 157.43099975585938, 0.0]","[157.43099975585938, -170.0]","[-157.43099975585938, 0.0, 0.0]","[2, 2]"
2025-10-20 10:57:55,Limit_Judge_Triggered,"[-0.0, 157.43099975585938, 0.0]","[157.43099975585938, -170.0]","[-157.43099975585938, 0.0, 0.0]","[2, 2]"
2025-10-20 10:57:55,Limit_Judge_Triggered,"[-0.0, 157.43099975585938, 0.0]","[157.43099975585938, -170.0]","[-157.43099975585938, 0.0, 0.0]","[2, 2]"
2025-10-20 10:57:55,Limit_Judge_Triggered,"[-0.0, 157.43099975585938, 0.0]","[157.43099975585938, -170.0]","[-157.43099975585938, 0.0, 0.0]","[2, 2]"
2025-10-20 10:57:55,Limit_Judge_Triggered,"[-0.0, 157.43099975585938, 0.0]","[157.43099975585938, -170.0]","[-157.43099975585938, 0.0, 0.0]","[2, 2]"
2025-10-20 10:57:55,Limit_Judge_Triggered,"[-0.0, 157.43099975585938, 0.0]","[157.43099975585938, -170.0]","[-157.43099975585938, 0.0, 0.0]","[2, 2]"
2025-10-20 10:57:55,Limit_Judge_Triggered,"[-0.0, 157.43099975585938, 0.0]","[157.43099975585938, -170.0]","[-157.43099975585938, 0.0, 0.0]","[2, 2]"
2025-10-20 10:57:56,Limit_Judge_Triggered,"[-0.0, 157.43099975585938, 0.0]","[157.43099975585938, -170.0]","[-157.43099975585938, 0.0, 0.0]","[2, 2]"
2025-10-20 10:57:56,Limit_Judge_Triggered,"[-0.0, 157.43099975585938, 0.0]","[157.43099975585938, -170.0]","[-157.43099975585938, 0.0, 0.0]","[2, 2]"
2025-10-20 10:57:56,Limit_Judge_Triggered,"[-0.0, 157.43099975585938, 0.0]","[157.43099975585938, -170.0]","[-157.43099975585938, 0.0, 0.0]","[2, 2]"
2025-10-20 10:57:56,Limit_Judge_Triggered,"[-0.0, 157.43099975585938, 0.0]","[157.43099975585938, -170.0]","[-157.43099975585938, 0.0, 0.0]","[2, 2]"
2025-10-20 10:57:56,Limit_Judge_Triggered,"[-0.0, 157.43099975585938, 0.0]","[157.43099975585938, -170.0]","[-157.43099975585938, 0.0, 0.0]","[2, 2]"
2025-10-20 10:57:56,Limit_Judge_Triggered,"[-0.0, 157.43099975585938, 0.0]","[157.43099975585938, -170.0]","[-157.43099975585938, 0.0, 0.0]","[2, 2]"
2025-10-20 10:57:56,Limit_Judge_Triggered,"[-0.0, 157.43099975585938, 0.0]","[157.43099975585938, -170.0]","[-157.43099975585938, 0.0, 0.0]","[2, 2]"
2025-10-20 10:57:56,Limit_Judge_Triggered,"[-0.0, 157.43099975585938, 0.0]","[157.43099975585938, -170.0]","[-157.43099975585938, 0.0, 0.0]","[2, 2]"
2025-10-20 10:57:56,Limit_Judge_Triggered,"[-0.0, 157.43099975585938, 0.0]","[157.43099975585938, -170.0]","[-157.43099975585938, 0.0, 0.0]","[2, 2]"
2025-10-20 10:57:56,Limit_Judge_Triggered,"[-0.0, 157.43099975585938, 0.0]","[157.43099975585938, -170.0]","[-157.43099975585938, 0.0, 0.0]","[2, 2]"
2025-10-20 10:57:56,Limit_Judge_Triggered,"[-0.0, 157.43099975585938, 0.0]","[157.43099975585938, -170.0]","[-157.43099975585938, 0.0, 0.0]","[2, 2]"
2025-10-20 10:57:56,Limit_Judge_Triggered,"[-0.0, 157.43099975585938, 0.0]","[157.43099975585938, -170.0]","[-157.43099975585938, 0.0, 0.0]","[2, 2]"
2025-10-20 10:57:56,Limit_Judge_Triggered,"[-0.0, 157.43099975585938, 0.0]","[157.43099975585938, -170.0]","[-157.43099975585938, 0.0, 0.0]","[2, 2]"
2025-10-20 10:57:56,Limit_Judge_Triggered,"[-0.0, 157.43099975585938, 0.0]","[157.43099975585938, -170.0]","[-157.43099975585938, 0.0, 0.0]","[2, 2]"
2025-10-20 10:57:56,Limit_Judge_Triggered,"[-0.0, 157.43099975585938, 0.0]","[157.43099975585938, -170.0]","[-157.43099975585938, 0.0, 0.0]","[2, 2]"
2025-10-20 10:57:56,Limit_Judge_Triggered,"[-0.0, 157.43099975585938, 0.0]","[157.43099975585938, -170.0]","[-157.43099975585938, 0.0, 0.0]","[2, 2]"
2025-10-20 10:57:56,Limit_Judge_Triggered,"[-0.0, 157.43099975585938, 0.0]","[157.43099975585938, -170.0]","[-157.43099975585938, 0.0, 0.0]","[2, 2]"
2025-10-20 10:57:56,Limit_Judge_Triggered,"[-0.0, 157.43099975585938, 0.0]","[157.43099975585938, -170.0]","[-157.43099975585938, 0.0, 0.0]","[2, 2]"
2025-10-20 10:57:56,Limit_Judge_Triggered,"[-0.0, 157.43099975585938, 0.0]","[157.43099975585938, -170.0]","[-157.43099975585938, 0.0, 0.0]","[2, 2]"
2025-10-20 10:57:56,Limit_Judge_Triggered,"[-0.0, 157.43099975585938, 0.0]","[157.43099975585938, -170.0]","[-157.43099975585938, 0.0, 0.0]","[2, 2]"
2025-10-20 10:57:56,Limit_Judge_Triggered,"[-0.0, 157.43099975585938, 0.0]","[157.43099975585938, -170.0]","[-157.43099975585938, 0.0, 0.0]","[2, 2]"
2025-10-20 10:57:56,Limit_Judge_Triggered,"[-0.0, 157.43099975585938, 0.0]","[157.43099975585938, -170.0]","[-157.43099975585938, 0.0, 0.0]","[2, 2]"
2025-10-20 10:57:56,Limit_Judge_Triggered,"[-0.0, 157.43099975585938, 0.0]","[157.43099975585938, -170.0]","[-157.43099975585938, 0.0, 0.0]","[2, 2]"
2025-10-20 10:57:56,Limit_Judge_Triggered,"[-0.0, 157.43099975585938, 0.0]","[157.43099975585938, -170.0]","[-157.43099975585938, 0.0, 0.0]","[2, 2]"
2025-10-20 10:57:56,Limit_Judge_Triggered,"[-0.0, 157.43099975585938, 0.0]","[157.43099975585938, -170.0]","[-157.43099975585938, 0.0, 0.0]","[2, 2]"
2025-10-20 10:57:57,Limit_Judge_Triggered,"[-0.0, 157.43099975585938, 0.0]","[157.43099975585938, -170.0]","[-157.43099975585938, 0.0, 0.0]","[2, 2]"
2025-10-20 10:57:57,Limit_Judge_Triggered,"[-0.0, 157.43099975585938, 0.0]","[157.43099975585938, -170.0]","[-157.43099975585938, 0.0, 0.0]","[2, 2]"
2025-10-20 10:57:57,Limit_Judge_Triggered,"[-0.0, 157.43099975585938, 0.0]","[157.43099975585938, -170.0]","[-157.43099975585938, 0.0, 0.0]","[2, 2]"
2025-10-20 10:57:57,Limit_Judge_Triggered,"[-0.0, 157.43099975585938, 0.0]","[157.43099975585938, -170.0]","[-157.43099975585938, 0.0, 0.0]","[2, 2]"
2025-10-20 10:57:57,Limit_Judge_Triggered,"[-0.0, 157.43099975585938, 0.0]","[157.43099975585938, -170.0]","[-157.43099975585938, 0.0, 0.0]","[2, 2]"
2025-10-20 10:57:57,Limit_Judge_Triggered,"[-0.0, 157.43099975585938, 0.0]","[157.43099975585938, -170.0]","[-157.43099975585938, 0.0, 0.0]","[2, 2]"
2025-10-20 10:57:57,Limit_Judge_Triggered,"[-0.0, 157.43099975585938, 0.0]","[157.43099975585938, -170.0]","[-157.43099975585938, 0.0, 0.0]","[2, 2]"
2025-10-20 10:57:57,Limit_Judge_Triggered,"[-0.0, 157.43099975585938, 0.0]","[157.43099975585938, -170.0]","[-157.43099975585938, 0.0, 0.0]","[2, 2]"
2025-10-20 10:57:57,Limit_Judge_Triggered,"[-0.0, 157.43099975585938, 0.0]","[157.43099975585938, -170.0]","[-157.43099975585938, 0.0, 0.0]","[2, 2]"
2025-10-20 10:57:57,Limit_Judge_Triggered,"[-0.0, 157.43099975585938, 0.0]","[157.43099975585938, -170.0]","[-157.43099975585938, 0.0, 0.0]","[2, 2]"
2025-10-20 10:57:57,Limit_Judge_Triggered,"[-0.0, 157.43099975585938, 0.0]","[157.43099975585938, -170.0]","[-157.43099975585938, 0.0, 0.0]","[2, 2]"
2025-10-20 10:57:57,Limit_Judge_Triggered,"[-0.0, 157.43099975585938, 0.0]","[157.43099975585938, -170.0]","[-157.43099975585938, 0.0, 0.0]","[2, 2]"
2025-10-20 10:57:57,Limit_Judge_Triggered,"[-0.0, 157.43099975585938, 0.0]","[157.43099975585938, -170.0]","[-157.43099975585938, 0.0, 0.0]","[2, 2]"
2025-10-20 10:57:57,Limit_Judge_Triggered,"[-0.0, 157.43099975585938, 0.0]","[157.43099975585938, -170.0]","[-157.43099975585938, 0.0, 0.0]","[2, 2]"
2025-10-20 10:57:57,Limit_Judge_Triggered,"[-0.0, 157.43099975585938, 0.0]","[157.43099975585938, -170.0]","[-157.43099975585938, 0.0, 0.0]","[2, 2]"
2025-10-20 10:57:57,Limit_Judge_Triggered,"[-0.0, 157.43099975585938, 0.0]","[157.43099975585938, -170.0]","[-157.43099975585938, 0.0, 0.0]","[2, 2]"
2025-10-20 10:57:57,Limit_Judge_Triggered,"[-0.0, 157.43099975585938, 0.0]","[157.43099975585938, -170.0]","[-157.43099975585938, 0.0, 0.0]","[2, 2]"
2025-10-20 10:57:57,Limit_Judge_Triggered,"[-0.0, 157.43099975585938, 0.0]","[157.43099975585938, -170.0]","[-157.43099975585938, 0.0, 0.0]","[2, 2]"
2025-10-20 10:57:57,Limit_Judge_Triggered,"[-0.0, 157.43099975585938, 0.0]","[157.43099975585938, -170.0]","[-157.43099975585938, 0.0, 0.0]","[2, 2]"
2025-10-20 10:57:57,Limit_Judge_Triggered,"[-0.0, 157.43099975585938, 0.0]","[157.43099975585938, -170.0]","[-157.43099975585938, 0.0, 0.0]","[2, 2]"
2025-10-20 10:57:57,Limit_Judge_Triggered,"[-0.0, 157.43099975585938, 0.0]","[157.43099975585938, -170.0]","[-157.43099975585938, 0.0, 0.0]","[2, 2]"
2025-10-20 10:57:57,Limit_Judge_Triggered,"[-0.0, 157.43099975585938, 0.0]","[157.43099975585938, -170.0]","[-157.43099975585938, 0.0, 0.0]","[2, 2]"
2025-10-20 10:57:57,Limit_Judge_Triggered,"[-0.0, 157.43099975585938, 0.0]","[157.43099975585938, -170.0]","[-157.43099975585938, 0.0, 0.0]","[2, 2]"
2025-10-20 10:57:57,Limit_Judge_Triggered,"[-0.0, 157.43099975585938, 0.0]","[157.43099975585938, -170.0]","[-157.43099975585938, 0.0, 0.0]","[2, 2]"
2025-10-20 10:57:57,Limit_Judge_Triggered,"[-0.0, 157.43099975585938, 0.0]","[157.43099975585938, -170.0]","[-157.43099975585938, 0.0, 0.0]","[2, 2]"
2025-10-20 10:57:58,Limit_Judge_Triggered,"[-0.0, 157.43099975585938, 0.0]","[157.43099975585938, -170.0]","[-157.43099975585938, 0.0, 0.0]","[2, 2]"
2025-10-20 10:57:58,Limit_Judge_Triggered,"[-0.0, 157.43099975585938, 0.0]","[157.43099975585938, -170.0]","[-157.43099975585938, 0.0, 0.0]","[2, 2]"
2025-10-20 10:57:58,Limit_Judge_Triggered,"[-0.0, 157.43099975585938, 0.0]","[157.43099975585938, -170.0]","[-157.43099975585938, 0.0, 0.0]","[2, 2]"
2025-10-20 10:57:58,Limit_Judge_Triggered,"[-0.0, 157.43099975585938, 0.0]","[157.43099975585938, -170.0]","[-157.43099975585938, 0.0, 0.0]","[2, 2]"
2025-10-20 10:57:58,Limit_Judge_Triggered,"[-0.0, 157.43099975585938, 0.0]","[157.43099975585938, -170.0]","[-157.43099975585938, 0.0, 0.0]","[2, 2]"
2025-10-20 10:57:58,Limit_Judge_Triggered,"[-0.0, 157.43099975585938, 0.0]","[157.43099975585938, -170.0]","[-157.43099975585938, 0.0, 0.0]","[2, 2]"
2025-10-20 10:57:58,Limit_Judge_Triggered,"[-0.0, 157.43099975585938, 0.0]","[157.43099975585938, -170.0]","[-157.43099975585938, 0.0, 0.0]","[2, 2]"
2025-10-20 10:57:58,Limit_Judge_Triggered,"[-0.0, 157.43099975585938, 0.0]","[157.43099975585938, -170.0]","[-157.43099975585938, 0.0, 0.0]","[2, 2]"
2025-10-20 10:57:58,Limit_Judge_Triggered,"[-0.0, 157.43099975585938, 0.0]","[157.43099975585938, -170.0]","[-157.43099975585938, 0.0, 0.0]","[2, 2]"
2025-10-20 10:57:58,Limit_Judge_Triggered,"[-0.0, 157.43099975585938, 0.0]","[157.43099975585938, -170.0]","[-157.43099975585938, 0.0, 0.0]","[2, 2]"
2025-10-20 10:57:58,Limit_Judge_Triggered,"[-0.0, 157.43099975585938, 0.0]","[157.43099975585938, -170.0]","[-157.43099975585938, 0.0, 0.0]","[2, 2]"
2025-10-20 10:57:58,Limit_Judge_Triggered,"[-0.0, 157.43099975585938, 0.0]","[157.43099975585938, -170.0]","[-157.43099975585938, 0.0, 0.0]","[2, 2]"
2025-10-20 10:57:58,Limit_Judge_Triggered,"[-0.0, 157.43099975585938, 0.0]","[157.43099975585938, -170.0]","[-157.43099975585938, 0.0, 0.0]","[2, 2]"
2025-10-20 10:57:58,Limit_Judge_Triggered,"[-0.0, 157.43099975585938, 0.0]","[157.43099975585938, -170.0]","[-157.43099975585938, 0.0, 0.0]","[2, 2]"
2025-10-20 10:57:58,Limit_Judge_Triggered,"[-0.0, 157.43099975585938, 0.0]","[157.43099975585938, -170.0]","[-157.43099975585938, 0.0, 0.0]","[2, 2]"
2025-10-20 10:57:58,Limit_Judge_Triggered,"[-0.0, 157.43099975585938, 0.0]","[157.43099975585938, -170.0]","[-157.43099975585938, 0.0, 0.0]","[2, 2]"
2025-10-20 10:57:58,Limit_Judge_Triggered,"[-0.0, 157.43099975585938, 0.0]","[157.43099975585938, -170.0]","[-157.43099975585938, 0.0, 0.0]","[2, 2]"
2025-10-20 10:57:58,Limit_Judge_Triggered,"[-0.0, 157.43099975585938, 0.0]","[157.43099975585938, -170.0]","[-157.43099975585938, 0.0, 0.0]","[2, 2]"
2025-10-20 10:57:58,Limit_Judge_Triggered,"[-0.0, 157.43099975585938, 0.0]","[157.43099975585938, -170.0]","[-157.43099975585938, 0.0, 0.0]","[2, 2]"
2025-10-20 10:57:58,Limit_Judge_Triggered,"[-0.0, 157.43099975585938, 0.0]","[157.43099975585938, -170.0]","[-157.43099975585938, 0.0, 0.0]","[2, 2]"
2025-10-20 10:57:58,Limit_Judge_Triggered,"[-0.0, 157.43099975585938, 0.0]","[157.43099975585938, -170.0]","[-157.43099975585938, 0.0, 0.0]","[2, 2]"
2025-10-20 10:57:58,Limit_Judge_Triggered,"[-0.0, 157.43099975585938, 0.0]","[157.43099975585938, -170.0]","[-157.43099975585938, 0.0, 0.0]","[2, 2]"
2025-10-20 10:57:58,Limit_Judge_Triggered,"[-0.0, 157.43099975585938, 0.0]","[157.43099975585938, -170.0]","[-157.43099975585938, 0.0, 0.0]","[2, 2]"
2025-10-20 10:57:58,Limit_Judge_Triggered,"[-0.0, 157.43099975585938, 0.0]","[157.43099975585938, -170.0]","[-157.43099975585938, 0.0, 0.0]","[2, 2]"
2025-10-20 10:57:58,Limit_Judge_Triggered,"[-0.0, 157.43099975585938, 0.0]","[157.43099975585938, -170.0]","[-157.43099975585938, 0.0, 0.0]","[2, 2]"
2025-10-20 10:57:59,Limit_Judge_Triggered,"[-0.0, 157.43099975585938, 0.0]","[157.43099975585938, -170.0]","[-157.43099975585938, 0.0, 0.0]","[2, 2]"
2025-10-20 10:57:59,Limit_Judge_Triggered,"[-0.0, 157.43099975585938, 0.0]","[157.43099975585938, -170.0]","[-157.43099975585938, 0.0, 0.0]","[2, 2]"
2025-10-20 10:57:59,Limit_Judge_Triggered,"[-0.0, 157.43099975585938, 0.0]","[157.43099975585938, -170.0]","[-157.43099975585938, 0.0, 0.0]","[2, 2]"
2025-10-20 10:57:59,Limit_Judge_Triggered,"[-0.0, 157.43099975585938, 0.0]","[157.43099975585938, -170.0]","[-157.43099975585938, 0.0, 0.0]","[2, 2]"
2025-10-20 10:57:59,Limit_Judge_Triggered,"[-0.0, 157.43099975585938, 0.0]","[157.43099975585938, -170.0]","[-157.43099975585938, 0.0, 0.0]","[2, 2]"
2025-10-20 10:57:59,Limit_Judge_Triggered,"[-0.0, 157.43099975585938, 0.0]","[157.43099975585938, -170.0]","[-157.43099975585938, 0.0, 0.0]","[2, 2]"
2025-10-20 10:57:59,Limit_Judge_Triggered,"[-0.0, 157.43099975585938, 0.0]","[157.43099975585938, -170.0]","[-157.43099975585938, 0.0, 0.0]","[2, 2]"
2025-10-20 10:57:59,Limit_Judge_Triggered,"[-0.0, 157.43099975585938, 0.0]","[157.43099975585938, -170.0]","[-157.43099975585938, 0.0, 0.0]","[2, 2]"
2025-10-20 10:57:59,Limit_Judge_Triggered,"[-0.0, 157.43099975585938, 0.0]","[157.43099975585938, -170.0]","[-157.43099975585938, 0.0, 0.0]","[2, 2]"
2025-10-20 10:57:59,Limit_Judge_Triggered,"[-0.0, 157.43099975585938, 0.0]","[157.43099975585938, -170.0]","[-157.43099975585938, 0.0, 0.0]","[2, 2]"
2025-10-20 10:57:59,Limit_Judge_Triggered,"[-0.0, 157.43099975585938, 0.0]","[157.43099975585938, -170.0]","[-157.43099975585938, 0.0, 0.0]","[2, 2]"
2025-10-20 10:57:59,Limit_Judge_Triggered,"[-0.0, 157.43099975585938, 0.0]","[157.43099975585938, -170.0]","[-157.43099975585938, 0.0, 0.0]","[2, 2]"
2025-10-20 10:57:59,Limit_Judge_Triggered,"[-0.0, 157.43099975585938, 0.0]","[157.43099975585938, -170.0]","[-157.43099975585938, 0.0, 0.0]","[2, 2]"
2025-10-20 10:57:59,Limit_Judge_Triggered,"[-0.0, 157.43099975585938, 0.0]","[157.43099975585938, -170.0]","[-157.43099975585938, 0.0, 0.0]","[2, 2]"
2025-10-20 10:57:59,Limit_Judge_Triggered,"[-0.0, 157.43099975585938, 0.0]","[157.43099975585938, -170.0]","[-157.43099975585938, 0.0, 0.0]","[2, 2]"
2025-10-20 10:57:59,Limit_Judge_Triggered,"[-0.0, 157.43099975585938, 0.0]","[157.43099975585938, -170.0]","[-157.43099975585938, 0.0, 0.0]","[2, 2]"
2025-10-20 10:57:59,Limit_Judge_Triggered,"[-0.0, 157.43099975585938, 0.0]","[157.43099975585938, -170.0]","[-157.43099975585938, 0.0, 0.0]","[2, 2]"
2025-10-20 10:57:59,Limit_Judge_Triggered,"[-0.0, 157.43099975585938, 0.0]","[157.43099975585938, -170.0]","[-157.43099975585938, 0.0, 0.0]","[2, 2]"
2025-10-20 10:57:59,Limit_Judge_Triggered,"[-0.0, 157.43099975585938, 0.0]","[157.43099975585938, -170.0]","[-157.43099975585938, 0.0, 0.0]","[2, 2]"
2025-10-20 10:57:59,Limit_Judge_Triggered,"[-0.0, 157.43099975585938, 0.0]","[157.43099975585938, -170.0]","[-157.43099975585938, 0.0, 0.0]","[2, 2]"
2025-10-20 10:57:59,Limit_Judge_Triggered,"[-0.0, 157.43099975585938, 0.0]","[157.43099975585938, -170.0]","[-157.43099975585938, 0.0, 0.0]","[2, 2]"
2025-10-20 10:57:59,Limit_Judge_Triggered,"[-0.0, 157.43099975585938, 0.0]","[157.43099975585938, -170.0]","[-157.43099975585938, 0.0, 0.0]","[2, 2]"
2025-10-20 10:57:59,Limit_Judge_Triggered,"[-0.0, 157.43099975585938, 0.0]","[157.43099975585938, -170.0]","[-157.43099975585938, 0.0, 0.0]","[2, 2]"
2025-10-20 10:57:59,Limit_Judge_Triggered,"[-0.0, 157.43099975585938, 0.0]","[157.43099975585938, -170.0]","[-157.43099975585938, 0.0, 0.0]","[2, 2]"
2025-10-20 10:57:59,Limit_Judge_Triggered,"[-0.0, 157.43099975585938, 0.0]","[157.43099975585938, -170.0]","[-157.43099975585938, 0.0, 0.0]","[2, 2]"
2025-10-20 10:58:00,Limit_Judge_Triggered,"[-0.0, 157.43099975585938, 0.0]","[157.43099975585938, -170.0]","[-157.43099975585938, 0.0, 0.0]","[2, 2]"
2025-10-20 10:58:00,Limit_Judge_Triggered,"[-0.0, 157.43099975585938, 0.0]","[157.43099975585938, -170.0]","[-157.43099975585938, 0.0, 0.0]","[2, 2]"
2025-10-20 10:58:00,Limit_Judge_Triggered,"[-0.0, 157.43099975585938, 0.0]","[157.43099975585938, -170.0]","[-157.43099975585938, 0.0, 0.0]","[2, 2]"
2025-10-20 10:58:00,Limit_Judge_Triggered,"[-0.0, 157.43099975585938, 0.0]","[157.43099975585938, -170.0]","[-157.43099975585938, 0.0, 0.0]","[2, 2]"
2025-10-20 10:58:00,Limit_Judge_Triggered,"[-0.0, 157.43099975585938, 0.0]","[157.43099975585938, -170.0]","[-157.43099975585938, 0.0, 0.0]","[2, 2]"
2025-10-20 10:58:00,Limit_Judge_Triggered,"[-0.0, 157.43099975585938, 0.0]","[157.43099975585938, -170.0]","[-157.43099975585938, 0.0, 0.0]","[2, 2]"
2025-10-20 10:58:00,Limit_Judge_Triggered,"[-0.0, 157.43099975585938, 0.0]","[157.43099975585938, -170.0]","[-157.43099975585938, 0.0, 0.0]","[2, 2]"
2025-10-20 10:58:00,Limit_Judge_Triggered,"[-0.0, 157.43099975585938, 0.0]","[157.43099975585938, -170.0]","[-157.43099975585938, 0.0, 0.0]","[2, 2]"
2025-10-20 10:58:00,Limit_Judge_Triggered,"[-0.0, 157.43099975585938, 0.0]","[157.43099975585938, -170.0]","[-157.43099975585938, 0.0, 0.0]","[2, 2]"
2025-10-20 10:58:00,Limit_Judge_Triggered,"[-0.0, 157.43099975585938, 0.0]","[157.43099975585938, -170.0]","[-157.43099975585938, 0.0, 0.0]","[2, 2]"
2025-10-20 10:58:00,Limit_Judge_Triggered,"[-0.0, 157.43099975585938, 0.0]","[157.43099975585938, -170.0]","[-157.43099975585938, 0.0, 0.0]","[2, 2]"
2025-10-20 10:58:00,Limit_Judge_Triggered,"[-0.0, 157.43099975585938, 0.0]","[157.43099975585938, -170.0]","[-157.43099975585938, 0.0, 0.0]","[2, 2]"
2025-10-20 10:58:00,Limit_Judge_Triggered,"[-0.0, 157.43099975585938, 0.0]","[157.43099975585938, -170.0]","[-157.43099975585938, 0.0, 0.0]","[2, 2]"
2025-10-20 10:58:00,Limit_Judge_Triggered,"[-0.0, 157.43099975585938, 0.0]","[157.43099975585938, -170.0]","[-157.43099975585938, 0.0, 0.0]","[2, 2]"
2025-10-20 10:58:00,Limit_Judge_Triggered,"[-0.0, 157.43099975585938, 0.0]","[157.43099975585938, -170.0]","[-157.43099975585938, 0.0, 0.0]","[2, 2]"
2025-10-20 10:58:00,Limit_Judge_Triggered,"[-0.0, 157.43099975585938, 0.0]","[157.43099975585938, -170.0]","[-157.43099975585938, 0.0, 0.0]","[2, 2]"
2025-10-20 10:58:00,Limit_Judge_Triggered,"[-0.0, 157.43099975585938, 0.0]","[157.43099975585938, -170.0]","[-157.43099975585938, 0.0, 0.0]","[2, 2]"
2025-10-20 10:58:00,Limit_Judge_Triggered,"[-0.0, 157.43099975585938, 0.0]","[157.43099975585938, -170.0]","[-157.43099975585938, 0.0, 0.0]","[2, 2]"
2025-10-20 10:58:00,Limit_Judge_Triggered,"[-0.0, 157.43099975585938, 0.0]","[157.43099975585938, -170.0]","[-157.43099975585938, 0.0, 0.0]","[2, 2]"
2025-10-20 10:58:00,Limit_Judge_Triggered,"[-0.0, 157.43099975585938, 0.0]","[157.43099975585938, -170.0]","[-157.43099975585938, 0.0, 0.0]","[2, 2]"
2025-10-20 10:58:00,Limit_Judge_Triggered,"[-0.0, 157.43099975585938, 0.0]","[157.43099975585938, -170.0]","[-157.43099975585938, 0.0, 0.0]","[2, 2]"
2025-10-20 10:58:00,Limit_Judge_Triggered,"[-0.0, 157.43099975585938, 0.0]","[157.43099975585938, -170.0]","[-157.43099975585938, 0.0, 0.0]","[2, 2]"
2025-10-20 10:58:00,Limit_Judge_Triggered,"[-0.0, 157.43099975585938, 0.0]","[157.43099975585938, -170.0]","[-157.43099975585938, 0.0, 0.0]","[2, 2]"
2025-10-20 10:58:00,Limit_Judge_Triggered,"[-0.0, 157.43099975585938, 0.0]","[157.43099975585938, -170.0]","[-157.43099975585938, 0.0, 0.0]","[2, 2]"
2025-10-20 10:58:00,Limit_Judge_Triggered,"[-0.0, 157.43099975585938, 0.0]","[157.43099975585938, -170.0]","[-157.43099975585938, 0.0, 0.0]","[2, 2]"
2025-10-20 10:58:01,Limit_Judge_Triggered,"[-0.0, 157.43099975585938, 0.0]","[157.43099975585938, -170.0]","[-157.43099975585938, 0.0, 0.0]","[2, 2]"
2025-10-20 10:58:01,Limit_Judge_Triggered,"[-0.0, 157.43099975585938, 0.0]","[157.43099975585938, -170.0]","[-157.43099975585938, 0.0, 0.0]","[2, 2]"
2025-10-20 10:58:01,Limit_Judge_Triggered,"[-0.0, 157.43099975585938, 0.0]","[157.43099975585938, -170.0]","[-157.43099975585938, 0.0, 0.0]","[2, 2]"
2025-10-20 10:58:01,Limit_Judge_Triggered,"[-0.0, 157.43099975585938, 0.0]","[157.43099975585938, -170.0]","[-157.43099975585938, 0.0, 0.0]","[2, 2]"
2025-10-20 10:58:01,Limit_Judge_Triggered,"[-0.0, 157.43099975585938, 0.0]","[157.43099975585938, -170.0]","[-157.43099975585938, 0.0, 0.0]","[2, 2]"
2025-10-20 10:58:01,Limit_Judge_Triggered,"[-0.0, 157.43099975585938, 0.0]","[157.43099975585938, -170.0]","[-157.43099975585938, 0.0, 0.0]","[2, 2]"
2025-10-20 10:58:01,Limit_Judge_Triggered,"[-0.0, 157.43099975585938, 0.0]","[157.43099975585938, -170.0]","[-157.43099975585938, 0.0, 0.0]","[2, 2]"
2025-10-20 10:58:01,Limit_Judge_Triggered,"[-0.0, 157.43099975585938, 0.0]","[157.43099975585938, -170.0]","[-157.43099975585938, 0.0, 0.0]","[2, 2]"
2025-10-20 10:58:01,Limit_Judge_Triggered,"[-0.0, 157.43099975585938, 0.0]","[157.43099975585938, -170.0]","[-157.43099975585938, 0.0, 0.0]","[2, 2]"
2025-10-20 10:58:01,Limit_Judge_Triggered,"[-0.0, 157.43099975585938, 0.0]","[157.43099975585938, -170.0]","[-157.43099975585938, 0.0, 0.0]","[2, 2]"
2025-10-20 10:58:01,Limit_Judge_Triggered,"[-0.0, 157.43099975585938, 0.0]","[157.43099975585938, -170.0]","[-157.43099975585938, 0.0, 0.0]","[2, 2]"
2025-10-20 10:58:01,Limit_Judge_Triggered,"[-0.0, 157.43099975585938, 0.0]","[157.43099975585938, -170.0]","[-157.43099975585938, 0.0, 0.0]","[2, 2]"
2025-10-20 10:58:01,Limit_Judge_Triggered,"[-0.0, 157.43099975585938, 0.0]","[157.43099975585938, -170.0]","[-157.43099975585938, 0.0, 0.0]","[2, 2]"
2025-10-20 10:58:01,Limit_Judge_Triggered,"[-0.0, 157.43099975585938, 0.0]","[157.43099975585938, -170.0]","[-157.43099975585938, 0.0, 0.0]","[2, 2]"
2025-10-20 10:58:01,Limit_Judge_Triggered,"[-0.0, 157.43099975585938, 0.0]","[157.43099975585938, -170.0]","[-157.43099975585938, 0.0, 0.0]","[2, 2]"
2025-10-20 10:58:01,Limit_Judge_Triggered,"[-0.0, 157.43099975585938, 0.0]","[157.43099975585938, -170.0]","[-157.43099975585938, 0.0, 0.0]","[2, 2]"
2025-10-20 10:58:01,Limit_Judge_Triggered,"[-0.0, 157.43099975585938, 0.0]","[157.43099975585938, -170.0]","[-157.43099975585938, 0.0, 0.0]","[2, 2]"
2025-10-20 10:58:01,Limit_Judge_Triggered,"[-0.0, 157.43099975585938, 0.0]","[157.43099975585938, -170.0]","[-157.43099975585938, 0.0, 0.0]","[2, 2]"
2025-10-20 10:58:01,4,"[-0.0, 157.43099975585938, 0.0]",[0. 0. 0.],"[-157.43099975585938, 0.0, 0.0]","[2, 2]"
2025-10-20 10:58:01,Motion_Completed,"[-0.0, 157.43099975585938, 0.0]","[-157.4307995847933, -0.0, -0.0]","[-157.43099975585938, 0.0, 0.0]","[2, 2]"
2025-10-20 10:58:01,Motion_Completed,"[-0.0, 157.43099975585938, 0.0]","[-157.4307995847933, -0.0, -0.0]","[-157.43099975585938, 0.0, 0.0]","[2, 2]"
2025-10-20 10:58:01,Motion_Completed,"[-0.0, 157.43099975585938, 0.0]","[-157.4307995847933, -0.0, -0.0]","[-157.43099975585938, 0.0, 0.0]","[2, 2]"
2025-10-20 10:58:01,Motion_Completed,"[-0.0, 157.43099975585938, 0.0]","[-157.4307995847933, -0.0, -0.0]","[-157.43099975585938, 0.0, 0.0]","[2, 2]"
2025-10-20 10:58:01,Motion_Completed,"[-0.0, 157.43099975585938, 0.0]","[-157.4307995847933, -0.0, -0.0]","[-157.43099975585938, 0.0, 0.0]","[2, 2]"
2025-10-20 10:58:01,Motion_Completed,"[-0.0, 157.43099975585938, 0.0]","[-157.4307995847933, -0.0, -0.0]","[-157.43099975585938, 0.0, 0.0]","[2, 2]"
2025-10-20 10:58:01,Motion_Completed,"[-0.0, 157.43099975585938, 0.0]","[-157.4307995847933, -0.0, -0.0]","[-157.43099975585938, 0.0, 0.0]","[2, 2]"
2025-10-20 10:58:02,Motion_Completed,"[-0.0, 157.43099975585938, 0.0]","[-157.4307995847933, -0.0, -0.0]","[-157.43099975585938, 0.0, 0.0]","[2, 2]"
2025-10-20 10:58:02,Motion_Completed,"[-0.0, 157.43099975585938, 0.0]","[-157.4307995847933, -0.0, -0.0]","[-157.43099975585938, 0.0, 0.0]","[2, 2]"
2025-10-20 10:58:02,Motion_Completed,"[-0.0, 157.43099975585938, 0.0]","[-157.4307995847933, -0.0, -0.0]","[-157.43099975585938, 0.0, 0.0]","[2, 2]"
2025-10-20 10:58:02,Motion_Completed,"[-0.0, 157.43099975585938, 0.0]","[-157.4307995847933, -0.0, -0.0]","[-157.43099975585938, 0.0, 0.0]","[2, 2]"
2025-10-20 10:58:02,Motion_Completed,"[-0.0, 157.43099975585938, 0.0]","[-157.4307995847933, -0.0, -0.0]","[-157.43099975585938, 0.0, 0.0]","[2, 2]"
2025-10-20 10:58:02,Motion_Completed,"[-0.0, 157.43099975585938, 0.0]","[-157.4307995847933, -0.0, -0.0]","[-157.43099975585938, 0.0, 0.0]","[2, 2]"
2025-10-20 10:58:02,Motion_Completed,"[-0.0, 157.43099975585938, 0.0]","[-157.4307995847933, -0.0, -0.0]","[-157.43099975585938, 0.0, 0.0]","[2, 2]"
2025-10-20 10:58:02,Motion_Completed,"[-0.0, 157.43099975585938, 0.0]","[-157.4307995847933, -0.0, -0.0]","[-157.43099975585938, 0.0, 0.0]","[2, 2]"
2025-10-20 10:58:02,4,"[-0.0, 157.43099975585938, 0.0]",[0. 0. 0.],"[-157.43099975585938, 0.0, 0.0]","[2, 2]"
2025-10-20 10:58:02,Motion_Completed,"[-0.0, 157.43099975585938, 0.0]","[-157.4307995847933, -0.0, -0.0]","[-157.43099975585938, 0.0, 0.0]","[2, 2]"
2025-10-20 10:58:02,Motion_Completed,"[-0.0, 157.43099975585938, 0.0]","[-157.4307995847933, -0.0, -0.0]","[-157.43099975585938, 0.0, 0.0]","[2, 2]"
2025-10-20 10:58:02,Motion_Completed,"[-0.0, 157.43099975585938, 0.0]","[-157.4307995847933, -0.0, -0.0]","[-157.43099975585938, 0.0, 0.0]","[2, 2]"
2025-10-20 10:58:02,Motion_Completed,"[-0.0, 157.43099975585938, 0.0]","[-157.4307995847933, -0.0, -0.0]","[-157.43099975585938, 0.0, 0.0]","[2, 2]"
2025-10-20 10:58:02,Motion_Completed,"[-0.0, 157.43099975585938, 0.0]","[-157.4307995847933, -0.0, -0.0]","[-157.43099975585938, 0.0, 0.0]","[2, 2]"
2025-10-20 10:58:02,Motion_Completed,"[-0.0, 157.43099975585938, 0.0]","[-157.4307995847933, -0.0, -0.0]","[-157.43099975585938, 0.0, 0.0]","[2, 2]"
2025-10-20 10:58:02,Motion_Completed,"[-0.0, 157.43099975585938, 0.0]","[-157.4307995847933, -0.0, -0.0]","[-157.43099975585938, 0.0, 0.0]","[2, 2]"
2025-10-20 10:58:02,Motion_Completed,"[-0.0, 157.43099975585938, 0.0]","[-157.4307995847933, -0.0, -0.0]","[-157.43099975585938, 0.0, 0.0]","[2, 2]"
2025-10-20 10:58:02,Motion_Completed,"[-0.0, 157.43099975585938, 0.0]","[-157.4307995847933, -0.0, -0.0]","[-157.43099975585938, 0.0, 0.0]","[2, 2]"
2025-10-20 10:58:02,Motion_Completed,"[-0.0, 157.43099975585938, 0.0]","[-157.4307995847933, -0.0, -0.0]","[-157.43099975585938, 0.0, 0.0]","[2, 2]"
2025-10-20 10:58:02,Motion_Completed,"[-0.0, 157.43099975585938, 0.0]","[-157.4307995847933, -0.0, -0.0]","[-157.43099975585938, 0.0, 0.0]","[2, 2]"
2025-10-20 10:58:02,Motion_Completed,"[-0.0, 157.43099975585938, 0.0]","[-157.4307995847933, -0.0, -0.0]","[-157.43099975585938, 0.0, 0.0]","[2, 2]"
2025-10-20 10:58:02,Motion_Completed,"[-0.0, 157.43099975585938, 0.0]","[-157.4307995847933, -0.0, -0.0]","[-157.43099975585938, 0.0, 0.0]","[2, 2]"
2025-10-20 10:58:02,Motion_Completed,"[-0.0, 157.43099975585938, 0.0]","[-157.4307995847933, -0.0, -0.0]","[-157.43099975585938, 0.0, 0.0]","[2, 2]"
2025-10-20 10:58:02,Motion_Completed,"[-0.0, 157.43099975585938, 0.0]","[-157.4307995847933, -0.0, -0.0]","[-157.43099975585938, 0.0, 0.0]","[2, 2]"
2025-10-20 10:58:02,Motion_Completed,"[-0.0, 157.43099975585938, 0.0]","[-157.4307995847933, -0.0, -0.0]","[-157.43099975585938, 0.0, 0.0]","[2, 2]"
2025-10-20 10:58:02,Motion_Completed,"[-0.0, 157.43099975585938, 0.0]","[-157.4307995847933, -0.0, -0.0]","[-157.43099975585938, 0.0, 0.0]","[2, 2]"
2025-10-20 10:58:03,Motion_Completed,"[-0.0, 157.43099975585938, 0.0]","[-157.4307995847933, -0.0, -0.0]","[-157.43099975585938, 0.0, 0.0]","[2, 2]"
2025-10-20 10:58:03,Motion_Completed,"[-0.0, 157.43099975585938, 0.0]","[-157.4307995847933, -0.0, -0.0]","[-157.43099975585938, 0.0, 0.0]","[2, 2]"
2025-10-20 10:58:03,Motion_Completed,"[-0.0, 157.43099975585938, 0.0]","[-157.4307995847933, -0.0, -0.0]","[-157.43099975585938, 0.0, 0.0]","[2, 2]"
2025-10-20 10:58:03,Motion_Completed,"[-0.0, 157.43099975585938, 0.0]","[-157.4307995847933, -0.0, -0.0]","[-157.43099975585938, 0.0, 0.0]","[2, 2]"
2025-10-20 10:58:03,Motion_Completed,"[-0.0, 157.43099975585938, 0.0]","[-157.4307995847933, -0.0, -0.0]","[-157.43099975585938, 0.0, 0.0]","[2, 2]"
2025-10-20 10:58:03,Motion_Completed,"[-0.0, 157.43099975585938, 0.0]","[-157.4307995847933, -0.0, -0.0]","[-157.43099975585938, 0.0, 0.0]","[2, 2]"
2025-10-20 10:58:03,Motion_Completed,"[-0.0, 157.43099975585938, 0.0]","[-157.4307995847933, -0.0, -0.0]","[-157.43099975585938, 0.0, 0.0]","[2, 2]"
2025-10-20 10:58:03,Motion_Completed,"[-0.0, 157.43099975585938, 0.0]","[-157.4307995847933, -0.0, -0.0]","[-157.43099975585938, 0.0, 0.0]","[2, 2]"
2025-10-20 10:58:03,Motion_Completed,"[-0.0, 157.43099975585938, 0.0]","[-157.4307995847933, -0.0, -0.0]","[-157.43099975585938, 0.0, 0.0]","[2, 2]"
2025-10-20 10:58:03,Motion_Completed,"[-0.0, 157.43099975585938, 0.0]","[-157.4307995847933, -0.0, -0.0]","[-157.43099975585938, 0.0, 0.0]","[2, 2]"
2025-10-20 10:58:03,Motion_Completed,"[-0.0, 157.43099975585938, 0.0]","[-157.4307995847933, -0.0, -0.0]","[-157.43099975585938, 0.0, 0.0]","[2, 2]"
2025-10-20 10:58:03,Motion_Completed,"[-0.0, 157.43099975585938, 0.0]","[-157.4307995847933, -0.0, -0.0]","[-157.43099975585938, 0.0, 0.0]","[2, 2]"
2025-10-20 10:58:03,Motion_Completed,"[-0.0, 157.43099975585938, 0.0]","[-157.4307995847933, -0.0, -0.0]","[-157.43099975585938, 0.0, 0.0]","[2, 2]"
2025-10-20 10:58:03,Motion_Completed,"[-0.0, 157.43099975585938, 0.0]","[-157.4307995847933, -0.0, -0.0]","[-157.43099975585938, 0.0, 0.0]","[2, 2]"
2025-10-20 10:58:03,Motion_Completed,"[-0.0, 157.43099975585938, 0.0]","[-157.4307995847933, -0.0, -0.0]","[-157.43099975585938, 0.0, 0.0]","[2, 2]"
2025-10-20 10:58:03,Motion_Completed,"[-0.0, 157.43099975585938, 0.0]","[-157.4307995847933, -0.0, -0.0]","[-157.43099975585938, 0.0, 0.0]","[2, 2]"
2025-10-20 10:58:03,Motion_Completed,"[-0.0, 157.43099975585938, 0.0]","[-157.4307995847933, -0.0, -0.0]","[-157.43099975585938, 0.0, 0.0]","[2, 2]"
2025-10-20 10:58:03,Motion_Completed,"[-0.0, 157.43099975585938, 0.0]","[-157.4307995847933, -0.0, -0.0]","[-157.43099975585938, 0.0, 0.0]","[2, 2]"
2025-10-20 10:58:03,Motion_Completed,"[-0.0, 157.43099975585938, 0.0]","[-157.4307995847933, -0.0, -0.0]","[-157.43099975585938, 0.0, 0.0]","[2, 2]"
2025-10-20 10:58:03,Motion_Completed,"[-0.0, 157.43099975585938, 0.0]","[-157.4307995847933, -0.0, -0.0]","[-157.43099975585938, 0.0, 0.0]","[2, 2]"
2025-10-20 10:58:03,Motion_Completed,"[-0.0, 157.43099975585938, 0.0]","[-157.4307995847933, -0.0, -0.0]","[-157.43099975585938, 0.0, 0.0]","[2, 2]"
2025-10-20 10:58:03,Motion_Completed,"[-0.0, 157.43099975585938, 0.0]","[-157.4307995847933, -0.0, -0.0]","[-157.43099975585938, 0.0, 0.0]","[2, 2]"
2025-10-20 10:58:03,Motion_Completed,"[-0.0, 157.43099975585938, 0.0]","[-157.4307995847933, -0.0, -0.0]","[-157.43099975585938, 0.0, 0.0]","[2, 2]"
2025-10-20 10:58:03,Motion_Completed,"[-0.0, 157.43099975585938, 0.0]","[-157.4307995847933, -0.0, -0.0]","[-157.43099975585938, 0.0, 0.0]","[2, 2]"
2025-10-20 10:58:03,Motion_Completed,"[-0.0, 157.43099975585938, 0.0]","[-157.4307995847933, -0.0, -0.0]","[-157.43099975585938, 0.0, 0.0]","[2, 2]"
2025-10-20 10:58:04,Motion_Completed,"[-0.0, 157.43099975585938, 0.0]","[-157.4307995847933, -0.0, -0.0]","[-157.43099975585938, 0.0, 0.0]","[2, 2]"
2025-10-20 10:58:04,Motion_Completed,"[-0.0, 157.43099975585938, 0.0]","[-157.4307995847933, -0.0, -0.0]","[-157.43099975585938, 0.0, 0.0]","[2, 2]"
2025-10-20 10:58:04,Motion_Completed,"[-0.0, 157.43099975585938, 0.0]","[-157.4307995847933, -0.0, -0.0]","[-157.43099975585938, 0.0, 0.0]","[2, 2]"
2025-10-20 10:58:04,Motion_Completed,"[-0.0, 157.43099975585938, 0.0]","[-157.4307995847933, -0.0, -0.0]","[-157.43099975585938, 0.0, 0.0]","[2, 2]"
2025-10-20 10:58:04,Motion_Completed,"[-0.0, 157.43099975585938, 0.0]","[-157.4307995847933, -0.0, -0.0]","[-157.43099975585938, 0.0, 0.0]","[2, 2]"
2025-10-20 10:58:04,Motion_Completed,"[-0.0, 157.43099975585938, 0.0]","[-157.4307995847933, -0.0, -0.0]","[-157.43099975585938, 0.0, 0.0]","[2, 2]"
2025-10-20 10:58:04,Motion_Completed,"[-0.0, 157.43099975585938, 0.0]","[-157.4307995847933, -0.0, -0.0]","[-157.43099975585938, 0.0, 0.0]","[2, 2]"
2025-10-20 10:58:04,Motion_Completed,"[-0.0, 157.43099975585938, 0.0]","[-157.4307995847933, -0.0, -0.0]","[-157.43099975585938, 0.0, 0.0]","[2, 2]"
2025-10-20 10:58:04,Motion_Completed,"[-0.0, 157.43099975585938, 0.0]","[-157.4307995847933, -0.0, -0.0]","[-157.43099975585938, 0.0, 0.0]","[2, 2]"
2025-10-20 10:58:04,Motion_Completed,"[-0.0, 157.43099975585938, 0.0]","[-157.4307995847933, -0.0, -0.0]","[-157.43099975585938, 0.0, 0.0]","[2, 2]"
2025-10-20 10:58:04,Motion_Completed,"[-0.0, 157.43099975585938, 0.0]","[-157.4307995847933, -0.0, -0.0]","[-157.43099975585938, 0.0, 0.0]","[2, 2]"
2025-10-20 10:58:04,Motion_Completed,"[-0.0, 157.43099975585938, 0.0]","[-157.4307995847933, -0.0, -0.0]","[-157.43099975585938, 0.0, 0.0]","[2, 2]"
2025-10-20 10:58:04,0,"[-0.0, 157.43099975585938, 0.0]",[0. 0. 0.],"[-157.43099975585938, 0.0, 0.0]","[2, 2]"
2025-10-20 10:58:24,Motion_Completed,"[-0.0, -44.979000091552734, 0.0]","[45.0, 0.0, 0.0]","[44.979000091552734, 0.0, 0.0]","[2, 2]"
2025-10-20 10:58:24,Motion_Completed,"[-0.0, -44.987998962402344, 0.0]","[45.0, 0.0, 0.0]","[44.987998962402344, 0.0, 0.0]","[2, 2]"
2025-10-20 10:58:24,Motion_Completed,"[-0.0, -44.994998931884766, 0.0]","[45.0, 0.0, 0.0]","[44.994998931884766, 0.0, 0.0]","[2, 2]"
2025-10-20 10:58:24,Motion_Completed,"[-0.0, -45.0, 0.0]","[45.0, 0.0, 0.0]","[45.0, 0.0, 0.0]","[2, 2]"
2025-10-20 10:58:24,Motion_Completed,"[-0.0, -45.000999450683594, 0.0]","[45.0, 0.0, 0.0]","[45.000999450683594, 0.0, 0.0]","[2, 2]"
2025-10-20 10:58:24,Motion_Completed,"[-0.0, -45.00299835205078, 0.0]","[45.0, 0.0, 0.0]","[45.00299835205078, 0.0, 0.0]","[2, 2]"
2025-10-20 10:58:24,Motion_Completed,"[-0.0, -45.00299835205078, 0.0]","[45.0, 0.0, 0.0]","[45.00299835205078, 0.0, 0.0]","[2, 2]"
2025-10-20 10:58:25,Motion_Completed,"[-0.0, -45.00400161743164, 0.0]","[45.0, 0.0, 0.0]","[45.00400161743164, 0.0, 0.0]","[2, 2]"
2025-10-20 10:58:25,Motion_Completed,"[-0.0, -45.00400161743164, 0.0]","[45.0, 0.0, 0.0]","[45.00400161743164, 0.0, 0.0]","[2, 2]"
2025-10-20 10:58:25,Motion_Completed,"[-0.0, -45.00400161743164, 0.0]","[45.0, 0.0, 0.0]","[45.00400161743164, 0.0, 0.0]","[2, 2]"
2025-10-20 10:58:25,Motion_Completed,"[-0.0, -45.00400161743164, 0.0]","[45.0, 0.0, 0.0]","[45.00400161743164, 0.0, 0.0]","[2, 2]"
2025-10-20 10:58:25,Motion_Completed,"[-0.0, -45.00400161743164, 0.0]","[45.0, 0.0, 0.0]","[45.00400161743164, 0.0, 0.0]","[2, 2]"
2025-10-20 10:58:25,Motion_Completed,"[-0.0, -45.00400161743164, 0.0]","[45.0, 0.0, 0.0]","[45.00400161743164, 0.0, 0.0]","[2, 2]"
2025-10-20 10:58:25,Motion_Completed,"[-0.0, -45.00400161743164, 0.0]","[45.0, 0.0, 0.0]","[45.00400161743164, 0.0, 0.0]","[2, 2]"
2025-10-20 10:58:25,Motion_Completed,"[-0.0, -45.00400161743164, 0.0]","[45.0, 0.0, 0.0]","[45.00400161743164, 0.0, 0.0]","[2, 2]"
2025-10-20 10:58:25,Motion_Completed,"[-0.0, -45.00400161743164, 0.0]","[45.0, 0.0, 0.0]","[45.00400161743164, 0.0, 0.0]","[2, 2]"
2025-10-20 10:58:25,Motion_Completed,"[-0.0, -45.00400161743164, 0.0]","[45.0, 0.0, 0.0]","[45.00400161743164, 0.0, 0.0]","[2, 2]"
2025-10-20 10:58:25,Motion_Completed,"[-0.0, -45.00400161743164, 0.0]","[45.0, 0.0, 0.0]","[45.00400161743164, 0.0, 0.0]","[2, 2]"
2025-10-20 10:58:25,Motion_Completed,"[-0.0, -45.00400161743164, 0.0]","[45.0, 0.0, 0.0]","[45.00400161743164, 0.0, 0.0]","[2, 2]"
2025-10-20 10:58:25,Motion_Completed,"[-0.0, -45.00400161743164, 0.0]","[45.0, 0.0, 0.0]","[45.00400161743164, 0.0, 0.0]","[2, 2]"
2025-10-20 10:58:25,Motion_Completed,"[-0.0, -45.00400161743164, 0.0]","[45.0, 0.0, 0.0]","[45.00400161743164, 0.0, 0.0]","[2, 2]"
2025-10-20 10:58:25,Motion_Completed,"[-0.0, -45.00400161743164, 0.0]","[45.0, 0.0, 0.0]","[45.00400161743164, 0.0, 0.0]","[2, 2]"
2025-10-20 10:58:25,Motion_Completed,"[-0.0, -45.00400161743164, 0.0]","[45.0, 0.0, 0.0]","[45.00400161743164, 0.0, 0.0]","[2, 2]"
2025-10-20 10:58:25,Motion_Completed,"[-0.0, -45.00299835205078, 0.0]","[45.0, 0.0, 0.0]","[45.00299835205078, 0.0, 0.0]","[2, 2]"
2025-10-20 10:58:25,Motion_Completed,"[-0.0, -45.00299835205078, 0.0]","[45.0, 0.0, 0.0]","[45.00299835205078, 0.0, 0.0]","[2, 2]"
2025-10-20 10:58:25,Motion_Completed,"[-0.0, -45.00299835205078, 0.0]","[45.0, 0.0, 0.0]","[45.00299835205078, 0.0, 0.0]","[2, 2]"
2025-10-20 10:58:25,Motion_Completed,"[-0.0, -45.00299835205078, 0.0]","[45.0, 0.0, 0.0]","[45.00299835205078, 0.0, 0.0]","[2, 2]"
2025-10-20 10:58:25,Motion_Completed,"[-0.0, -45.00299835205078, 0.0]","[45.0, 0.0, 0.0]","[45.00299835205078, 0.0, 0.0]","[2, 2]"
2025-10-20 10:58:25,Motion_Completed,"[-0.0, -45.00299835205078, 0.0]","[45.0, 0.0, 0.0]","[45.00299835205078, 0.0, 0.0]","[2, 2]"
2025-10-20 10:58:25,Motion_Completed,"[-0.0, -45.00299835205078, 0.0]","[45.0, 0.0, 0.0]","[45.00299835205078, 0.0, 0.0]","[2, 2]"
2025-10-20 10:58:25,Motion_Completed,"[-0.0, -45.00299835205078, 0.0]","[45.0, 0.0, 0.0]","[45.00299835205078, 0.0, 0.0]","[2, 2]"
2025-10-20 10:58:25,Motion_Completed,"[-0.0, -45.00299835205078, 0.0]","[45.0, 0.0, 0.0]","[45.00299835205078, 0.0, 0.0]","[2, 2]"
2025-10-20 10:58:26,Motion_Completed,"[-0.0, -45.00299835205078, 0.0]","[45.0, 0.0, 0.0]","[45.00299835205078, 0.0, 0.0]","[2, 2]"
2025-10-20 10:58:26,Motion_Completed,"[-0.0, -45.00299835205078, 0.0]","[45.0, 0.0, 0.0]","[45.00299835205078, 0.0, 0.0]","[2, 2]"
2025-10-20 10:58:26,Motion_Completed,"[-0.0, -45.00299835205078, 0.0]","[45.0, 0.0, 0.0]","[45.00299835205078, 0.0, 0.0]","[2, 2]"
2025-10-20 10:58:26,Motion_Completed,"[-0.0, -45.00299835205078, 0.0]","[45.0, 0.0, 0.0]","[45.00299835205078, 0.0, 0.0]","[2, 2]"
2025-10-20 10:58:26,Motion_Completed,"[-0.0, -45.00299835205078, 0.0]","[45.0, 0.0, 0.0]","[45.00299835205078, 0.0, 0.0]","[2, 2]"
2025-10-20 10:58:26,Motion_Completed,"[-0.0, -45.00299835205078, 0.0]","[45.0, 0.0, 0.0]","[45.00299835205078, 0.0, 0.0]","[2, 2]"
2025-10-20 10:58:26,Motion_Completed,"[-0.0, -45.00299835205078, 0.0]","[45.0, 0.0, 0.0]","[45.00299835205078, 0.0, 0.0]","[2, 2]"
2025-10-20 10:58:26,Motion_Completed,"[-0.0, -45.00299835205078, 0.0]","[45.0, 0.0, 0.0]","[45.00299835205078, 0.0, 0.0]","[2, 2]"
2025-10-20 10:58:26,Motion_Completed,"[-0.0, -45.00299835205078, 0.0]","[45.0, 0.0, 0.0]","[45.00299835205078, 0.0, 0.0]","[2, 2]"
2025-10-20 10:58:26,Motion_Completed,"[-0.0, -45.00299835205078, 0.0]","[45.0, 0.0, 0.0]","[45.00299835205078, 0.0, 0.0]","[2, 2]"
2025-10-20 10:58:26,Motion_Completed,"[-0.0, -45.00299835205078, 0.0]","[45.0, 0.0, 0.0]","[45.00299835205078, 0.0, 0.0]","[2, 2]"
2025-10-20 10:58:26,Motion_Completed,"[-0.0, -45.00299835205078, 0.0]","[45.0, 0.0, 0.0]","[45.00299835205078, 0.0, 0.0]","[2, 2]"
2025-10-20 10:58:26,Motion_Completed,"[-0.0, -45.00199890136719, 0.0]","[45.0, 0.0, 0.0]","[45.00199890136719, 0.0, 0.0]","[2, 2]"
2025-10-20 10:58:26,Motion_Completed,"[-0.0, -45.00199890136719, 0.0]","[45.0, 0.0, 0.0]","[45.00199890136719, 0.0, 0.0]","[2, 2]"
2025-10-20 10:58:26,Motion_Completed,"[-0.0, -45.00199890136719, 0.0]","[45.0, 0.0, 0.0]","[45.00199890136719, 0.0, 0.0]","[2, 2]"
2025-10-20 10:58:26,Motion_Completed,"[-0.0, -45.00199890136719, 0.0]","[45.0, 0.0, 0.0]","[45.00199890136719, 0.0, 0.0]","[2, 2]"
2025-10-20 10:58:26,Motion_Completed,"[-0.0, -45.00199890136719, 0.0]","[45.0, 0.0, 0.0]","[45.00199890136719, 0.0, 0.0]","[2, 2]"
2025-10-20 10:58:26,Motion_Completed,"[-0.0, -45.00199890136719, 0.0]","[45.0, 0.0, 0.0]","[45.00199890136719, 0.0, 0.0]","[2, 2]"
2025-10-20 10:58:26,Motion_Completed,"[-0.0, -45.00199890136719, 0.0]","[45.0, 0.0, 0.0]","[45.00199890136719, 0.0, 0.0]","[2, 2]"
2025-10-20 10:58:26,Motion_Completed,"[-0.0, -45.00199890136719, 0.0]","[45.0, 0.0, 0.0]","[45.00199890136719, 0.0, 0.0]","[2, 2]"
2025-10-20 10:58:26,Motion_Completed,"[-0.0, -45.00199890136719, 0.0]","[45.0, 0.0, 0.0]","[45.00199890136719, 0.0, 0.0]","[2, 2]"
2025-10-20 10:58:26,Motion_Completed,"[-0.0, -45.00199890136719, 0.0]","[45.0, 0.0, 0.0]","[45.00199890136719, 0.0, 0.0]","[2, 2]"
2025-10-20 10:58:26,Motion_Completed,"[-0.0, -45.00199890136719, 0.0]","[45.0, 0.0, 0.0]","[45.00199890136719, 0.0, 0.0]","[2, 2]"
2025-10-20 10:58:26,Motion_Completed,"[-0.0, -45.00199890136719, 0.0]","[45.0, 0.0, 0.0]","[45.00199890136719, 0.0, 0.0]","[2, 2]"
2025-10-20 10:58:26,Motion_Completed,"[-0.0, -45.00199890136719, 0.0]","[45.0, 0.0, 0.0]","[45.00199890136719, 0.0, 0.0]","[2, 2]"
2025-10-20 10:58:27,Motion_Completed,"[-0.0, -45.00199890136719, 0.0]","[45.0, 0.0, 0.0]","[45.00199890136719, 0.0, 0.0]","[2, 2]"
2025-10-20 10:58:27,Motion_Completed,"[-0.0, -45.00199890136719, 0.0]","[45.0, 0.0, 0.0]","[45.00199890136719, 0.0, 0.0]","[2, 2]"
2025-10-20 10:58:27,Motion_Completed,"[-0.0, -45.00199890136719, 0.0]","[45.0, 0.0, 0.0]","[45.00199890136719, 0.0, 0.0]","[2, 2]"
2025-10-20 10:58:27,Motion_Completed,"[-0.0, -45.00199890136719, 0.0]","[45.0, 0.0, 0.0]","[45.00199890136719, 0.0, 0.0]","[2, 2]"
2025-10-20 10:58:27,Motion_Completed,"[-0.0, -45.00199890136719, 0.0]","[45.0, 0.0, 0.0]","[45.00199890136719, 0.0, 0.0]","[2, 2]"
2025-10-20 10:58:27,Motion_Completed,"[-0.0, -45.00199890136719, 0.0]","[45.0, 0.0, 0.0]","[45.00199890136719, 0.0, 0.0]","[2, 2]"
2025-10-20 10:58:27,Motion_Completed,"[-0.0, -45.00199890136719, 0.0]","[45.0, 0.0, 0.0]","[45.00199890136719, 0.0, 0.0]","[2, 2]"
2025-10-20 10:58:27,Motion_Completed,"[-0.0, -45.00199890136719, 0.0]","[45.0, 0.0, 0.0]","[45.00199890136719, 0.0, 0.0]","[2, 2]"
2025-10-20 10:58:27,Motion_Completed,"[-0.0, -45.00199890136719, 0.0]","[45.0, 0.0, 0.0]","[45.00199890136719, 0.0, 0.0]","[2, 2]"
2025-10-20 10:58:27,Motion_Completed,"[-0.0, -45.000999450683594, 0.0]","[45.0, 0.0, 0.0]","[45.000999450683594, 0.0, 0.0]","[2, 2]"
2025-10-20 10:58:27,Motion_Completed,"[-0.0, -45.000999450683594, 0.0]","[45.0, 0.0, 0.0]","[45.000999450683594, 0.0, 0.0]","[2, 2]"
2025-10-20 10:58:27,Motion_Completed,"[-0.0, -45.000999450683594, 0.0]","[45.0, 0.0, 0.0]","[45.000999450683594, 0.0, 0.0]","[2, 2]"
2025-10-20 10:58:27,Motion_Completed,"[-0.0, -45.000999450683594, 0.0]","[45.0, 0.0, 0.0]","[45.000999450683594, 0.0, 0.0]","[2, 2]"
2025-10-20 10:58:27,Motion_Completed,"[-0.0, -45.000999450683594, 0.0]","[45.0, 0.0, 0.0]","[45.000999450683594, 0.0, 0.0]","[2, 2]"
2025-10-20 10:58:27,Motion_Completed,"[-0.0, -45.000999450683594, 0.0]","[45.0, 0.0, 0.0]","[45.000999450683594, 0.0, 0.0]","[2, 2]"
2025-10-20 10:58:27,Motion_Completed,"[-0.0, -45.000999450683594, 0.0]","[45.0, 0.0, 0.0]","[45.000999450683594, 0.0, 0.0]","[2, 2]"
2025-10-20 10:58:27,Motion_Completed,"[-0.0, -45.000999450683594, 0.0]","[45.0, 0.0, 0.0]","[45.000999450683594, 0.0, 0.0]","[2, 2]"
2025-10-20 10:58:27,Motion_Completed,"[-0.0, -45.000999450683594, 0.0]","[45.0, 0.0, 0.0]","[45.000999450683594, 0.0, 0.0]","[2, 2]"
2025-10-20 10:58:27,Motion_Completed,"[-0.0, -45.000999450683594, 0.0]","[45.0, 0.0, 0.0]","[45.000999450683594, 0.0, 0.0]","[2, 2]"
2025-10-20 10:58:27,Motion_Completed,"[-0.0, -45.000999450683594, 0.0]","[45.0, 0.0, 0.0]","[45.000999450683594, 0.0, 0.0]","[2, 2]"
2025-10-20 10:58:27,Motion_Completed,"[-0.0, -45.000999450683594, 0.0]","[45.0, 0.0, 0.0]","[45.000999450683594, 0.0, 0.0]","[2, 2]"
2025-10-20 10:58:27,Motion_Completed,"[-0.0, -45.000999450683594, 0.0]","[45.0, 0.0, 0.0]","[45.000999450683594, 0.0, 0.0]","[2, 2]"
2025-10-20 10:58:27,Motion_Completed,"[-0.0, -45.000999450683594, 0.0]","[45.0, 0.0, 0.0]","[45.000999450683594, 0.0, 0.0]","[2, 2]"
2025-10-20 10:58:27,Motion_Completed,"[-0.0, -45.000999450683594, 0.0]","[45.0, 0.0, 0.0]","[45.000999450683594, 0.0, 0.0]","[2, 2]"
2025-10-20 10:58:27,Motion_Completed,"[-0.0, -45.000999450683594, 0.0]","[45.0, 0.0, 0.0]","[45.000999450683594, 0.0, 0.0]","[2, 2]"
2025-10-20 10:58:28,Motion_Completed,"[-0.0, -45.000999450683594, 0.0]","[45.0, 0.0, 0.0]","[45.000999450683594, 0.0, 0.0]","[2, 2]"
2025-10-20 10:58:28,Motion_Completed,"[-0.0, -45.000999450683594, 0.0]","[45.0, 0.0, 0.0]","[45.000999450683594, 0.0, 0.0]","[2, 2]"
2025-10-20 10:58:28,Motion_Completed,"[-0.0, -45.000999450683594, 0.0]","[45.0, 0.0, 0.0]","[45.000999450683594, 0.0, 0.0]","[2, 2]"
2025-10-20 10:58:28,Motion_Completed,"[-0.0, -45.000999450683594, 0.0]","[45.0, 0.0, 0.0]","[45.000999450683594, 0.0, 0.0]","[2, 2]"
2025-10-20 10:58:28,Motion_Completed,"[-0.0, -45.000999450683594, 0.0]","[45.0, 0.0, 0.0]","[45.000999450683594, 0.0, 0.0]","[2, 2]"
2025-10-20 10:58:28,Motion_Completed,"[-0.0, -45.000999450683594, 0.0]","[45.0, 0.0, 0.0]","[45.000999450683594, 0.0, 0.0]","[2, 2]"
2025-10-20 10:58:28,Motion_Completed,"[-0.0, -45.000999450683594, 0.0]","[45.0, 0.0, 0.0]","[45.000999450683594, 0.0, 0.0]","[2, 2]"
2025-10-20 10:58:28,Motion_Completed,"[-0.0, -45.000999450683594, 0.0]","[45.0, 0.0, 0.0]","[45.000999450683594, 0.0, 0.0]","[2, 2]"
2025-10-20 10:58:28,Motion_Completed,"[-0.0, -45.000999450683594, 0.0]","[45.0, 0.0, 0.0]","[45.000999450683594, 0.0, 0.0]","[2, 2]"
2025-10-20 10:58:28,Motion_Completed,"[-0.0, -45.000999450683594, 0.0]","[45.0, 0.0, 0.0]","[45.000999450683594, 0.0, 0.0]","[2, 2]"
2025-10-20 10:58:28,Motion_Completed,"[-0.0, -45.000999450683594, 0.0]","[45.0, 0.0, 0.0]","[45.000999450683594, 0.0, 0.0]","[2, 2]"
2025-10-20 10:58:28,Motion_Completed,"[-0.0, -45.000999450683594, 0.0]","[45.0, 0.0, 0.0]","[45.000999450683594, 0.0, 0.0]","[2, 2]"
2025-10-20 10:58:28,Motion_Completed,"[-0.0, -45.000999450683594, 0.0]","[45.0, 0.0, 0.0]","[45.000999450683594, 0.0, 0.0]","[2, 2]"
2025-10-20 10:58:28,Motion_Completed,"[-0.0, -45.000999450683594, 0.0]","[45.0, 0.0, 0.0]","[45.000999450683594, 0.0, 0.0]","[2, 2]"
2025-10-20 10:58:28,Motion_Completed,"[-0.0, -45.000999450683594, 0.0]","[45.0, 0.0, 0.0]","[45.000999450683594, 0.0, 0.0]","[2, 2]"
2025-10-20 10:58:28,Motion_Completed,"[-0.0, -45.000999450683594, 0.0]","[45.0, 0.0, 0.0]","[45.000999450683594, 0.0, 0.0]","[2, 2]"
2025-10-20 10:58:28,Motion_Completed,"[-0.0, -45.000999450683594, 0.0]","[45.0, 0.0, 0.0]","[45.000999450683594, 0.0, 0.0]","[2, 2]"
2025-10-20 10:58:28,Motion_Completed,"[-0.0, -45.000999450683594, 0.0]","[45.0, 0.0, 0.0]","[45.000999450683594, 0.0, 0.0]","[2, 2]"
2025-10-20 10:58:28,Motion_Completed,"[-0.0, -45.0, 0.0]","[45.0, 0.0, 0.0]","[45.0, 0.0, 0.0]","[2, 2]"
2025-10-20 10:58:28,Motion_Completed,"[-0.0, -45.0, 0.0]","[45.0, 0.0, 0.0]","[45.0, 0.0, 0.0]","[2, 2]"
2025-10-20 10:58:28,Motion_Completed,"[-0.0, -45.0, 0.0]","[45.0, 0.0, 0.0]","[45.0, 0.0, 0.0]","[2, 2]"
2025-10-20 10:58:28,Motion_Completed,"[-0.0, -45.0, 0.0]","[45.0, 0.0, 0.0]","[45.0, 0.0, 0.0]","[2, 2]"
2025-10-20 10:58:28,Motion_Completed,"[-0.0, -45.0, 0.0]","[45.0, 0.0, 0.0]","[45.0, 0.0, 0.0]","[2, 2]"
2025-10-20 10:58:28,Motion_Completed,"[-0.0, -45.0, 0.0]","[45.0, 0.0, 0.0]","[45.0, 0.0, 0.0]","[2, 2]"
2025-10-20 10:58:28,Motion_Completed,"[-0.0, -45.0, 0.0]","[45.0, 0.0, 0.0]","[45.0, 0.0, 0.0]","[2, 2]"
2025-10-20 10:58:29,Motion_Completed,"[-0.0, -45.0, 0.0]","[45.0, 0.0, 0.0]","[45.0, 0.0, 0.0]","[2, 2]"
2025-10-20 10:58:29,Motion_Completed,"[-0.0, -45.0, 0.0]","[45.0, 0.0, 0.0]","[45.0, 0.0, 0.0]","[2, 2]"
2025-10-20 10:58:29,Motion_Completed,"[-0.0, -45.0, 0.0]","[45.0, 0.0, 0.0]","[45.0, 0.0, 0.0]","[2, 2]"
2025-10-20 10:58:29,Motion_Completed,"[-0.0, -45.0, 0.0]","[45.0, 0.0, 0.0]","[45.0, 0.0, 0.0]","[2, 2]"
2025-10-20 10:58:29,Motion_Completed,"[-0.0, -45.0, 0.0]","[45.0, 0.0, 0.0]","[45.0, 0.0, 0.0]","[2, 2]"
2025-10-20 10:58:29,Motion_Completed,"[-0.0, -45.0, 0.0]","[45.0, 0.0, 0.0]","[45.0, 0.0, 0.0]","[2, 2]"
2025-10-20 10:58:29,Motion_Completed,"[-0.0, -45.0, 0.0]","[45.0, 0.0, 0.0]","[45.0, 0.0, 0.0]","[2, 2]"
2025-10-20 10:58:29,Motion_Completed,"[-0.0, -45.0, 0.0]","[45.0, 0.0, 0.0]","[45.0, 0.0, 0.0]","[2, 2]"
2025-10-20 10:58:29,Motion_Completed,"[-0.0, -45.0, 0.0]","[45.0, 0.0, 0.0]","[45.0, 0.0, 0.0]","[2, 2]"
2025-10-20 10:58:29,Motion_Completed,"[-0.0, -45.0, 0.0]","[45.0, 0.0, 0.0]","[45.0, 0.0, 0.0]","[2, 2]"
2025-10-20 10:58:29,Motion_Completed,"[-0.0, -45.0, 0.0]","[45.0, 0.0, 0.0]","[45.0, 0.0, 0.0]","[2, 2]"
2025-10-20 10:58:29,Motion_Completed,"[-0.0, -45.0, 0.0]","[45.0, 0.0, 0.0]","[45.0, 0.0, 0.0]","[2, 2]"
2025-10-20 10:58:29,Motion_Completed,"[-0.0, -45.0, 0.0]","[45.0, 0.0, 0.0]","[45.0, 0.0, 0.0]","[2, 2]"
2025-10-20 10:58:29,Motion_Completed,"[-0.0, -45.0, 0.0]","[45.0, 0.0, 0.0]","[45.0, 0.0, 0.0]","[2, 2]"
2025-10-20 10:58:29,Motion_Completed,"[-0.0, -45.0, 0.0]","[45.0, 0.0, 0.0]","[45.0, 0.0, 0.0]","[2, 2]"
2025-10-20 10:58:29,Motion_Completed,"[-0.0, -45.0, 0.0]","[45.0, 0.0, 0.0]","[45.0, 0.0, 0.0]","[2, 2]"
2025-10-20 10:58:29,Motion_Completed,"[-0.0, -45.0, 0.0]","[45.0, 0.0, 0.0]","[45.0, 0.0, 0.0]","[2, 2]"
2025-10-20 10:58:29,Motion_Completed,"[-0.0, -45.0, 0.0]","[45.0, 0.0, 0.0]","[45.0, 0.0, 0.0]","[2, 2]"
2025-10-20 10:58:29,Motion_Completed,"[-0.0, -45.0, 0.0]","[45.0, 0.0, 0.0]","[45.0, 0.0, 0.0]","[2, 2]"
2025-10-20 10:58:29,Motion_Completed,"[-0.0, -45.0, 0.0]","[45.0, 0.0, 0.0]","[45.0, 0.0, 0.0]","[2, 2]"
2025-10-20 10:58:29,Motion_Completed,"[-0.0, -45.0, 0.0]","[45.0, 0.0, 0.0]","[45.0, 0.0, 0.0]","[2, 2]"
2025-10-20 10:58:29,Motion_Completed,"[-0.0, -45.0, 0.0]","[45.0, 0.0, 0.0]","[45.0, 0.0, 0.0]","[2, 2]"
2025-10-20 10:58:29,Motion_Completed,"[-0.0, -45.0, 0.0]","[45.0, 0.0, 0.0]","[45.0, 0.0, 0.0]","[2, 2]"
2025-10-20 10:58:29,Motion_Completed,"[-0.0, -45.0, 0.0]","[45.0, 0.0, 0.0]","[45.0, 0.0, 0.0]","[2, 2]"
2025-10-20 10:58:29,Motion_Completed,"[-0.0, -45.0, 0.0]","[45.0, 0.0, 0.0]","[45.0, 0.0, 0.0]","[2, 2]"
2025-10-20 10:58:30,Motion_Completed,"[-0.0, -45.0, 0.0]","[45.0, 0.0, 0.0]","[45.0, 0.0, 0.0]","[2, 2]"
2025-10-20 10:58:30,Motion_Completed,"[-0.0, -45.0, 0.0]","[45.0, 0.0, 0.0]","[45.0, 0.0, 0.0]","[2, 2]"
2025-10-20 10:58:30,Motion_Completed,"[-0.0, -45.0, 0.0]","[45.0, 0.0, 0.0]","[45.0, 0.0, 0.0]","[2, 2]"
2025-10-20 10:58:30,Motion_Completed,"[-0.0, -45.0, 0.0]","[45.0, 0.0, 0.0]","[45.0, 0.0, 0.0]","[2, 2]"
2025-10-20 10:58:30,Motion_Completed,"[-0.0, -45.0, 0.0]","[45.0, 0.0, 0.0]","[45.0, 0.0, 0.0]","[2, 2]"
2025-10-20 10:58:30,Motion_Completed,"[-0.0, -45.0, 0.0]","[45.0, 0.0, 0.0]","[45.0, 0.0, 0.0]","[2, 2]"
2025-10-20 10:58:30,Motion_Completed,"[-0.0, -45.0, 0.0]","[45.0, 0.0, 0.0]","[45.0, 0.0, 0.0]","[2, 2]"
2025-10-20 10:58:30,Motion_Completed,"[-0.0, -45.0, 0.0]","[45.0, 0.0, 0.0]","[45.0, 0.0, 0.0]","[2, 2]"
2025-10-20 10:58:30,Motion_Completed,"[-0.0, -45.0, 0.0]","[45.0, 0.0, 0.0]","[45.0, 0.0, 0.0]","[2, 2]"
2025-10-20 10:58:30,Motion_Completed,"[-0.0, -45.0, 0.0]","[45.0, 0.0, 0.0]","[45.0, 0.0, 0.0]","[2, 2]"
2025-10-20 10:58:30,Motion_Completed,"[-0.0, -45.0, 0.0]","[45.0, 0.0, 0.0]","[45.0, 0.0, 0.0]","[2, 2]"
2025-10-20 10:58:30,Motion_Completed,"[-0.0, -45.0, 0.0]","[45.0, 0.0, 0.0]","[45.0, 0.0, 0.0]","[2, 2]"
2025-10-20 10:58:30,Motion_Completed,"[-0.0, -45.0, 0.0]","[45.0, 0.0, 0.0]","[45.0, 0.0, 0.0]","[2, 2]"
2025-10-20 10:58:30,Motion_Completed,"[-0.0, -45.0, 0.0]","[45.0, 0.0, 0.0]","[45.0, 0.0, 0.0]","[2, 2]"
2025-10-20 10:58:30,Motion_Completed,"[-0.0, -45.0, 0.0]","[45.0, 0.0, 0.0]","[45.0, 0.0, 0.0]","[2, 2]"
2025-10-20 10:58:30,Motion_Completed,"[-0.0, -45.0, 0.0]","[45.0, 0.0, 0.0]","[45.0, 0.0, 0.0]","[2, 2]"
2025-10-20 10:58:30,Motion_Completed,"[-0.0, -45.0, 0.0]","[45.0, 0.0, 0.0]","[45.0, 0.0, 0.0]","[2, 2]"
2025-10-20 10:58:30,Motion_Completed,"[-0.0, -45.0, 0.0]","[45.0, 0.0, 0.0]","[45.0, 0.0, 0.0]","[2, 2]"
2025-10-20 10:58:30,Motion_Completed,"[-0.0, -45.0, 0.0]","[45.0, 0.0, 0.0]","[45.0, 0.0, 0.0]","[2, 2]"
2025-10-20 10:58:30,Motion_Completed,"[-0.0, -45.0, 0.0]","[45.0, 0.0, 0.0]","[45.0, 0.0, 0.0]","[2, 2]"
2025-10-20 10:58:30,Motion_Completed,"[-0.0, -45.0, 0.0]","[45.0, 0.0, 0.0]","[45.0, 0.0, 0.0]","[2, 2]"
2025-10-20 10:58:30,Motion_Completed,"[-0.0, -45.0, 0.0]","[45.0, 0.0, 0.0]","[45.0, 0.0, 0.0]","[2, 2]"
2025-10-20 10:58:30,Motion_Completed,"[-0.0, -45.0, 0.0]","[45.0, 0.0, 0.0]","[45.0, 0.0, 0.0]","[2, 2]"
2025-10-20 10:58:30,Motion_Completed,"[-0.0, -45.0, 0.0]","[45.0, 0.0, 0.0]","[45.0, 0.0, 0.0]","[2, 2]"
2025-10-20 10:58:30,Motion_Completed,"[-0.0, -45.0, 0.0]","[45.0, 0.0, 0.0]","[45.0, 0.0, 0.0]","[2, 2]"
2025-10-20 10:58:31,Motion_Completed,"[-0.0, -45.0, 0.0]","[45.0, 0.0, 0.0]","[45.0, 0.0, 0.0]","[2, 2]"
2025-10-20 10:58:31,Motion_Completed,"[-0.0, -45.0, 0.0]","[45.0, 0.0, 0.0]","[45.0, 0.0, 0.0]","[2, 2]"
2025-10-20 10:58:31,Motion_Completed,"[-0.0, -45.0, 0.0]","[45.0, 0.0, 0.0]","[45.0, 0.0, 0.0]","[2, 2]"
2025-10-20 10:58:31,Motion_Completed,"[-0.0, -45.0, 0.0]","[45.0, 0.0, 0.0]","[45.0, 0.0, 0.0]","[2, 2]"
2025-10-20 10:58:31,Motion_Completed,"[-0.0, -45.0, 0.0]","[45.0, 0.0, 0.0]","[45.0, 0.0, 0.0]","[2, 2]"
2025-10-20 10:58:31,Motion_Completed,"[-0.0, -45.0, 0.0]","[45.0, 0.0, 0.0]","[45.0, 0.0, 0.0]","[2, 2]"
2025-10-20 10:58:31,Motion_Completed,"[-0.0, -45.0, 0.0]","[45.0, 0.0, 0.0]","[45.0, 0.0, 0.0]","[2, 2]"
2025-10-20 10:58:31,Motion_Completed,"[-0.0, -45.0, 0.0]","[45.0, 0.0, 0.0]","[45.0, 0.0, 0.0]","[2, 2]"
2025-10-20 10:58:31,Motion_Completed,"[-0.0, -45.0, 0.0]","[45.0, 0.0, 0.0]","[45.0, 0.0, 0.0]","[2, 2]"
2025-10-20 10:58:31,Motion_Completed,"[-0.0, -45.0, 0.0]","[45.0, 0.0, 0.0]","[45.0, 0.0, 0.0]","[2, 2]"
2025-10-20 10:58:31,Motion_Completed,"[-0.0, -45.0, 0.0]","[45.0, 0.0, 0.0]","[45.0, 0.0, 0.0]","[2, 2]"
2025-10-20 10:58:31,Motion_Completed,"[-0.0, -45.0, 0.0]","[45.0, 0.0, 0.0]","[45.0, 0.0, 0.0]","[2, 2]"
2025-10-20 10:58:31,Motion_Completed,"[-0.0, -45.0, 0.0]","[45.0, 0.0, 0.0]","[45.0, 0.0, 0.0]","[2, 2]"
2025-10-20 10:58:31,Motion_Completed,"[-0.0, -45.0, 0.0]","[45.0, 0.0, 0.0]","[45.0, 0.0, 0.0]","[2, 2]"
2025-10-20 10:58:31,Motion_Completed,"[-0.0, -45.0, 0.0]","[45.0, 0.0, 0.0]","[45.0, 0.0, 0.0]","[2, 2]"
2025-10-20 10:58:31,Motion_Completed,"[-0.0, -45.0, 0.0]","[45.0, 0.0, 0.0]","[45.0, 0.0, 0.0]","[2, 2]"
2025-10-20 10:58:31,Motion_Completed,"[-0.0, -45.0, 0.0]","[45.0, 0.0, 0.0]","[45.0, 0.0, 0.0]","[2, 2]"
2025-10-20 10:58:31,Motion_Completed,"[-0.0, -45.0, 0.0]","[45.0, 0.0, 0.0]","[45.0, 0.0, 0.0]","[2, 2]"
2025-10-20 10:58:31,Motion_Completed,"[-0.0, -45.0, 0.0]","[45.0, 0.0, 0.0]","[45.0, 0.0, 0.0]","[2, 2]"
2025-10-20 10:58:31,Motion_Completed,"[-0.0, -45.0, 0.0]","[45.0, 0.0, 0.0]","[45.0, 0.0, 0.0]","[2, 2]"
2025-10-20 10:58:31,Motion_Completed,"[-0.0, -45.0, 0.0]","[45.0, 0.0, 0.0]","[45.0, 0.0, 0.0]","[2, 2]"
2025-10-20 10:58:31,Motion_Completed,"[-0.0, -45.0, 0.0]","[45.0, 0.0, 0.0]","[45.0, 0.0, 0.0]","[2, 2]"
2025-10-20 10:58:31,Motion_Completed,"[-0.0, -45.0, 0.0]","[45.0, 0.0, 0.0]","[45.0, 0.0, 0.0]","[2, 2]"
2025-10-20 10:58:31,Motion_Completed,"[-0.0, -45.0, 0.0]","[45.0, 0.0, 0.0]","[45.0, 0.0, 0.0]","[2, 2]"
2025-10-20 10:58:31,Motion_Completed,"[-0.0, -45.0, 0.0]","[45.0, 0.0, 0.0]","[45.0, 0.0, 0.0]","[2, 2]"
2025-10-20 10:58:32,Motion_Completed,"[-0.0, -45.0, 0.0]","[45.0, 0.0, 0.0]","[45.0, 0.0, 0.0]","[2, 2]"
2025-10-20 10:58:32,Motion_Completed,"[-0.0, -45.0, 0.0]","[45.0, 0.0, 0.0]","[45.0, 0.0, 0.0]","[2, 2]"
2025-10-20 10:58:32,Motion_Completed,"[-0.0, -45.0, 0.0]","[45.0, 0.0, 0.0]","[45.0, 0.0, 0.0]","[2, 2]"
2025-10-20 10:58:32,Motion_Completed,"[-0.0, -45.0, 0.0]","[45.0, 0.0, 0.0]","[45.0, 0.0, 0.0]","[2, 2]"
2025-10-20 10:58:32,Motion_Completed,"[-0.0, -45.0, 0.0]","[45.0, 0.0, 0.0]","[45.0, 0.0, 0.0]","[2, 2]"
2025-10-20 10:58:32,Motion_Completed,"[-0.0, -45.0, 0.0]","[45.0, 0.0, 0.0]","[45.0, 0.0, 0.0]","[2, 2]"
2025-10-20 10:58:32,Motion_Completed,"[-0.0, -45.0, 0.0]","[45.0, 0.0, 0.0]","[45.0, 0.0, 0.0]","[2, 2]"
2025-10-20 10:58:32,Motion_Completed,"[-0.0, -45.0, 0.0]","[45.0, 0.0, 0.0]","[45.0, 0.0, 0.0]","[2, 2]"
2025-10-20 10:58:32,Motion_Completed,"[-0.0, -45.0, 0.0]","[45.0, 0.0, 0.0]","[45.0, 0.0, 0.0]","[2, 2]"
2025-10-20 10:58:32,Motion_Completed,"[-0.0, -45.0, 0.0]","[45.0, 0.0, 0.0]","[45.0, 0.0, 0.0]","[2, 2]"
2025-10-20 10:58:32,Motion_Completed,"[-0.0, -45.0, 0.0]","[45.0, 0.0, 0.0]","[45.0, 0.0, 0.0]","[2, 2]"
2025-10-20 10:58:32,Motion_Completed,"[-0.0, -45.0, 0.0]","[45.0, 0.0, 0.0]","[45.0, 0.0, 0.0]","[2, 2]"
2025-10-20 10:58:32,Motion_Completed,"[-0.0, -45.0, 0.0]","[45.0, 0.0, 0.0]","[45.0, 0.0, 0.0]","[2, 2]"
2025-10-20 10:58:32,Motion_Completed,"[-0.0, -45.0, 0.0]","[45.0, 0.0, 0.0]","[45.0, 0.0, 0.0]","[2, 2]"
2025-10-20 10:58:32,Motion_Completed,"[-0.0, -45.0, 0.0]","[45.0, 0.0, 0.0]","[45.0, 0.0, 0.0]","[2, 2]"
2025-10-20 10:58:32,Motion_Completed,"[-0.0, -45.0, 0.0]","[45.0, 0.0, 0.0]","[45.0, 0.0, 0.0]","[2, 2]"
2025-10-20 10:58:32,Motion_Completed,"[-0.0, -45.0, 0.0]","[45.0, 0.0, 0.0]","[45.0, 0.0, 0.0]","[2, 2]"
2025-10-20 10:58:32,Motion_Completed,"[-0.0, -45.0, 0.0]","[45.0, 0.0, 0.0]","[45.0, 0.0, 0.0]","[2, 2]"
2025-10-20 10:58:32,Motion_Completed,"[-0.0, -45.0, 0.0]","[45.0, 0.0, 0.0]","[45.0, 0.0, 0.0]","[2, 2]"
2025-10-20 10:58:32,3,"[-0.0, -45.0, 0.0]",[  0. 150.   0.],"[45.0, 0.0, 0.0]","[2, 2]"
2025-10-20 10:58:42,Motion_Completed,"[-0.0, 149.98199462890625, 0.0]","[-150.0, -0.0, -0.0]","[-149.98199462890625, 0.0, 0.0]","[2, 2]"
2025-10-20 10:58:42,Motion_Completed,"[-0.0, 149.9969940185547, 0.0]","[-150.0, -0.0, -0.0]","[-149.9969940185547, 0.0, 0.0]","[2, 2]"
2025-10-20 10:58:42,Motion_Completed,"[-0.0, 150.0030059814453, 0.0]","[-150.0, -0.0, -0.0]","[-150.0030059814453, 0.0, 0.0]","[2, 2]"
2025-10-20 10:58:42,Motion_Completed,"[-0.0, 150.0050048828125, 0.0]","[-150.0, -0.0, -0.0]","[-150.0050048828125, 0.0, 0.0]","[2, 2]"
2025-10-20 10:58:42,Motion_Completed,"[-0.0, 150.00599670410156, 0.0]","[-150.0, -0.0, -0.0]","[-150.00599670410156, 0.0, 0.0]","[2, 2]"
2025-10-20 10:58:42,Motion_Completed,"[-0.0, 150.00599670410156, 0.0]","[-150.0, -0.0, -0.0]","[-150.00599670410156, 0.0, 0.0]","[2, 2]"
2025-10-20 10:58:42,Motion_Completed,"[-0.0, 150.00599670410156, 0.0]","[-150.0, -0.0, -0.0]","[-150.00599670410156, 0.0, 0.0]","[2, 2]"
2025-10-20 10:58:42,Motion_Completed,"[-0.0, 150.00599670410156, 0.0]","[-150.0, -0.0, -0.0]","[-150.00599670410156, 0.0, 0.0]","[2, 2]"
2025-10-20 10:58:42,Motion_Completed,"[-0.0, 150.00599670410156, 0.0]","[-150.0, -0.0, -0.0]","[-150.00599670410156, 0.0, 0.0]","[2, 2]"
2025-10-20 10:58:42,Motion_Completed,"[-0.0, 150.00599670410156, 0.0]","[-150.0, -0.0, -0.0]","[-150.00599670410156, 0.0, 0.0]","[2, 2]"
2025-10-20 10:58:42,Motion_Completed,"[-0.0, 150.00599670410156, 0.0]","[-150.0, -0.0, -0.0]","[-150.00599670410156, 0.0, 0.0]","[2, 2]"
2025-10-20 10:58:43,Motion_Completed,"[-0.0, 150.00599670410156, 0.0]","[-150.0, -0.0, -0.0]","[-150.00599670410156, 0.0, 0.0]","[2, 2]"
2025-10-20 10:58:43,Motion_Completed,"[-0.0, 150.00599670410156, 0.0]","[-150.0, -0.0, -0.0]","[-150.00599670410156, 0.0, 0.0]","[2, 2]"
2025-10-20 10:58:43,Motion_Completed,"[-0.0, 150.00599670410156, 0.0]","[-150.0, -0.0, -0.0]","[-150.00599670410156, 0.0, 0.0]","[2, 2]"
2025-10-20 10:58:43,Motion_Completed,"[-0.0, 150.00599670410156, 0.0]","[-150.0, -0.0, -0.0]","[-150.00599670410156, 0.0, 0.0]","[2, 2]"
2025-10-20 10:58:43,Motion_Completed,"[-0.0, 150.00599670410156, 0.0]","[-150.0, -0.0, -0.0]","[-150.00599670410156, 0.0, 0.0]","[2, 2]"
2025-10-20 10:58:43,Motion_Completed,"[-0.0, 150.0050048828125, 0.0]","[-150.0, -0.0, -0.0]","[-150.0050048828125, 0.0, 0.0]","[2, 2]"
2025-10-20 10:58:43,Motion_Completed,"[-0.0, 150.0050048828125, 0.0]","[-150.0, -0.0, -0.0]","[-150.0050048828125, 0.0, 0.0]","[2, 2]"
2025-10-20 10:58:43,Motion_Completed,"[-0.0, 150.0050048828125, 0.0]","[-150.0, -0.0, -0.0]","[-150.0050048828125, 0.0, 0.0]","[2, 2]"
2025-10-20 10:58:43,Motion_Completed,"[-0.0, 150.0050048828125, 0.0]","[-150.0, -0.0, -0.0]","[-150.0050048828125, 0.0, 0.0]","[2, 2]"
2025-10-20 10:58:43,Motion_Completed,"[-0.0, 150.0050048828125, 0.0]","[-150.0, -0.0, -0.0]","[-150.0050048828125, 0.0, 0.0]","[2, 2]"
2025-10-20 10:58:43,Motion_Completed,"[-0.0, 150.0050048828125, 0.0]","[-150.0, -0.0, -0.0]","[-150.0050048828125, 0.0, 0.0]","[2, 2]"
2025-10-20 10:58:43,Motion_Completed,"[-0.0, 150.0050048828125, 0.0]","[-150.0, -0.0, -0.0]","[-150.0050048828125, 0.0, 0.0]","[2, 2]"
2025-10-20 10:58:43,Motion_Completed,"[-0.0, 150.0050048828125, 0.0]","[-150.0, -0.0, -0.0]","[-150.0050048828125, 0.0, 0.0]","[2, 2]"
2025-10-20 10:58:43,Motion_Completed,"[-0.0, 150.0050048828125, 0.0]","[-150.0, -0.0, -0.0]","[-150.0050048828125, 0.0, 0.0]","[2, 2]"
2025-10-20 10:58:43,Motion_Completed,"[-0.0, 150.0050048828125, 0.0]","[-150.0, -0.0, -0.0]","[-150.0050048828125, 0.0, 0.0]","[2, 2]"
2025-10-20 10:58:43,Motion_Completed,"[-0.0, 150.00399780273438, 0.0]","[-150.0, -0.0, -0.0]","[-150.00399780273438, 0.0, 0.0]","[2, 2]"
2025-10-20 10:58:43,Motion_Completed,"[-0.0, 150.00399780273438, 0.0]","[-150.0, -0.0, -0.0]","[-150.00399780273438, 0.0, 0.0]","[2, 2]"
2025-10-20 10:58:43,Motion_Completed,"[-0.0, 150.00399780273438, 0.0]","[-150.0, -0.0, -0.0]","[-150.00399780273438, 0.0, 0.0]","[2, 2]"
2025-10-20 10:58:43,Motion_Completed,"[-0.0, 150.00399780273438, 0.0]","[-150.0, -0.0, -0.0]","[-150.00399780273438, 0.0, 0.0]","[2, 2]"
2025-10-20 10:58:43,Motion_Completed,"[-0.0, 150.00399780273438, 0.0]","[-150.0, -0.0, -0.0]","[-150.00399780273438, 0.0, 0.0]","[2, 2]"
2025-10-20 10:58:43,Motion_Completed,"[-0.0, 150.00399780273438, 0.0]","[-150.0, -0.0, -0.0]","[-150.00399780273438, 0.0, 0.0]","[2, 2]"
2025-10-20 10:58:43,Motion_Completed,"[-0.0, 150.00399780273438, 0.0]","[-150.0, -0.0, -0.0]","[-150.00399780273438, 0.0, 0.0]","[2, 2]"
2025-10-20 10:58:43,Motion_Completed,"[-0.0, 150.00399780273438, 0.0]","[-150.0, -0.0, -0.0]","[-150.00399780273438, 0.0, 0.0]","[2, 2]"
2025-10-20 10:58:43,Motion_Completed,"[-0.0, 150.0030059814453, 0.0]","[-150.0, -0.0, -0.0]","[-150.0030059814453, 0.0, 0.0]","[2, 2]"
2025-10-20 10:58:43,Motion_Completed,"[-0.0, 150.0030059814453, 0.0]","[-150.0, -0.0, -0.0]","[-150.0030059814453, 0.0, 0.0]","[2, 2]"
2025-10-20 10:58:44,Motion_Completed,"[-0.0, 150.0030059814453, 0.0]","[-150.0, -0.0, -0.0]","[-150.0030059814453, 0.0, 0.0]","[2, 2]"
2025-10-20 10:58:44,Motion_Completed,"[-0.0, 150.0030059814453, 0.0]","[-150.0, -0.0, -0.0]","[-150.0030059814453, 0.0, 0.0]","[2, 2]"
2025-10-20 10:58:44,Motion_Completed,"[-0.0, 150.0030059814453, 0.0]","[-150.0, -0.0, -0.0]","[-150.0030059814453, 0.0, 0.0]","[2, 2]"
2025-10-20 10:58:44,Motion_Completed,"[-0.0, 150.0030059814453, 0.0]","[-150.0, -0.0, -0.0]","[-150.0030059814453, 0.0, 0.0]","[2, 2]"
2025-10-20 10:58:44,Motion_Completed,"[-0.0, 150.0030059814453, 0.0]","[-150.0, -0.0, -0.0]","[-150.0030059814453, 0.0, 0.0]","[2, 2]"
2025-10-20 10:58:44,Motion_Completed,"[-0.0, 150.0030059814453, 0.0]","[-150.0, -0.0, -0.0]","[-150.0030059814453, 0.0, 0.0]","[2, 2]"
2025-10-20 10:58:44,Motion_Completed,"[-0.0, 150.0019989013672, 0.0]","[-150.0, -0.0, -0.0]","[-150.0019989013672, 0.0, 0.0]","[2, 2]"
2025-10-20 10:58:44,Motion_Completed,"[-0.0, 150.0019989013672, 0.0]","[-150.0, -0.0, -0.0]","[-150.0019989013672, 0.0, 0.0]","[2, 2]"
2025-10-20 10:58:44,Motion_Completed,"[-0.0, 150.0019989013672, 0.0]","[-150.0, -0.0, -0.0]","[-150.0019989013672, 0.0, 0.0]","[2, 2]"
2025-10-20 10:58:44,Motion_Completed,"[-0.0, 150.0019989013672, 0.0]","[-150.0, -0.0, -0.0]","[-150.0019989013672, 0.0, 0.0]","[2, 2]"
2025-10-20 10:58:44,Motion_Completed,"[-0.0, 150.0019989013672, 0.0]","[-150.0, -0.0, -0.0]","[-150.0019989013672, 0.0, 0.0]","[2, 2]"
2025-10-20 10:58:44,Motion_Completed,"[-0.0, 150.0019989013672, 0.0]","[-150.0, -0.0, -0.0]","[-150.0019989013672, 0.0, 0.0]","[2, 2]"
2025-10-20 10:58:44,Motion_Completed,"[-0.0, 150.0019989013672, 0.0]","[-150.0, -0.0, -0.0]","[-150.0019989013672, 0.0, 0.0]","[2, 2]"
2025-10-20 10:58:44,Motion_Completed,"[-0.0, 150.0019989013672, 0.0]","[-150.0, -0.0, -0.0]","[-150.0019989013672, 0.0, 0.0]","[2, 2]"
2025-10-20 10:58:44,Motion_Completed,"[-0.0, 150.0019989013672, 0.0]","[-150.0, -0.0, -0.0]","[-150.0019989013672, 0.0, 0.0]","[2, 2]"
2025-10-20 10:58:44,Motion_Completed,"[-0.0, 150.00100708007812, 0.0]","[-150.0, -0.0, -0.0]","[-150.00100708007812, 0.0, 0.0]","[2, 2]"
2025-10-20 10:58:44,Motion_Completed,"[-0.0, 150.00100708007812, 0.0]","[-150.0, -0.0, -0.0]","[-150.00100708007812, 0.0, 0.0]","[2, 2]"
2025-10-20 10:58:44,Motion_Completed,"[-0.0, 150.00100708007812, 0.0]","[-150.0, -0.0, -0.0]","[-150.00100708007812, 0.0, 0.0]","[2, 2]"
2025-10-20 10:58:44,Motion_Completed,"[-0.0, 150.00100708007812, 0.0]","[-150.0, -0.0, -0.0]","[-150.00100708007812, 0.0, 0.0]","[2, 2]"
2025-10-20 10:58:44,Motion_Completed,"[-0.0, 150.00100708007812, 0.0]","[-150.0, -0.0, -0.0]","[-150.00100708007812, 0.0, 0.0]","[2, 2]"
2025-10-20 10:58:44,Motion_Completed,"[-0.0, 150.00100708007812, 0.0]","[-150.0, -0.0, -0.0]","[-150.00100708007812, 0.0, 0.0]","[2, 2]"
2025-10-20 10:58:44,Motion_Completed,"[-0.0, 150.00100708007812, 0.0]","[-150.0, -0.0, -0.0]","[-150.00100708007812, 0.0, 0.0]","[2, 2]"
2025-10-20 10:58:44,Motion_Completed,"[-0.0, 150.00100708007812, 0.0]","[-150.0, -0.0, -0.0]","[-150.00100708007812, 0.0, 0.0]","[2, 2]"
2025-10-20 10:58:44,Motion_Completed,"[-0.0, 150.00100708007812, 0.0]","[-150.0, -0.0, -0.0]","[-150.00100708007812, 0.0, 0.0]","[2, 2]"
2025-10-20 10:58:44,Motion_Completed,"[-0.0, 150.00100708007812, 0.0]","[-150.0, -0.0, -0.0]","[-150.00100708007812, 0.0, 0.0]","[2, 2]"
2025-10-20 10:58:45,Motion_Completed,"[-0.0, 150.00100708007812, 0.0]","[-150.0, -0.0, -0.0]","[-150.00100708007812, 0.0, 0.0]","[2, 2]"
2025-10-20 10:58:45,Motion_Completed,"[-0.0, 150.00100708007812, 0.0]","[-150.0, -0.0, -0.0]","[-150.00100708007812, 0.0, 0.0]","[2, 2]"
2025-10-20 10:58:45,Motion_Completed,"[-0.0, 150.00100708007812, 0.0]","[-150.0, -0.0, -0.0]","[-150.00100708007812, 0.0, 0.0]","[2, 2]"
2025-10-20 10:58:45,Motion_Completed,"[-0.0, 150.0, 0.0]","[-150.0, -0.0, -0.0]","[-150.0, 0.0, 0.0]","[2, 2]"
2025-10-20 10:58:45,Motion_Completed,"[-0.0, 150.0, 0.0]","[-150.0, -0.0, -0.0]","[-150.0, 0.0, 0.0]","[2, 2]"
2025-10-20 10:58:45,Motion_Completed,"[-0.0, 150.0, 0.0]","[-150.0, -0.0, -0.0]","[-150.0, 0.0, 0.0]","[2, 2]"
2025-10-20 10:58:45,Motion_Completed,"[-0.0, 150.0, 0.0]","[-150.0, -0.0, -0.0]","[-150.0, 0.0, 0.0]","[2, 2]"
2025-10-20 10:58:45,Motion_Completed,"[-0.0, 150.0, 0.0]","[-150.0, -0.0, -0.0]","[-150.0, 0.0, 0.0]","[2, 2]"
2025-10-20 10:58:45,Motion_Completed,"[-0.0, 150.0, 0.0]","[-150.0, -0.0, -0.0]","[-150.0, 0.0, 0.0]","[2, 2]"
2025-10-20 10:58:45,Motion_Completed,"[-0.0, 150.0, 0.0]","[-150.0, -0.0, -0.0]","[-150.0, 0.0, 0.0]","[2, 2]"
2025-10-20 10:58:45,Motion_Completed,"[-0.0, 150.0, 0.0]","[-150.0, -0.0, -0.0]","[-150.0, 0.0, 0.0]","[2, 2]"
2025-10-20 10:58:45,Motion_Completed,"[-0.0, 150.0, 0.0]","[-150.0, -0.0, -0.0]","[-150.0, 0.0, 0.0]","[2, 2]"
2025-10-20 10:58:45,Motion_Completed,"[-0.0, 150.0, 0.0]","[-150.0, -0.0, -0.0]","[-150.0, 0.0, 0.0]","[2, 2]"
2025-10-20 10:58:45,Motion_Completed,"[-0.0, 150.0, 0.0]","[-150.0, -0.0, -0.0]","[-150.0, 0.0, 0.0]","[2, 2]"
2025-10-20 10:58:45,Motion_Completed,"[-0.0, 150.0, 0.0]","[-150.0, -0.0, -0.0]","[-150.0, 0.0, 0.0]","[2, 2]"
2025-10-20 10:58:45,Motion_Completed,"[-0.0, 150.0, 0.0]","[-150.0, -0.0, -0.0]","[-150.0, 0.0, 0.0]","[2, 2]"
2025-10-20 10:58:45,Motion_Completed,"[-0.0, 150.0, 0.0]","[-150.0, -0.0, -0.0]","[-150.0, 0.0, 0.0]","[2, 2]"
2025-10-20 10:58:45,Motion_Completed,"[-0.0, 150.0, 0.0]","[-150.0, -0.0, -0.0]","[-150.0, 0.0, 0.0]","[2, 2]"
2025-10-20 10:58:45,Motion_Completed,"[-0.0, 150.0, 0.0]","[-150.0, -0.0, -0.0]","[-150.0, 0.0, 0.0]","[2, 2]"
2025-10-20 10:58:45,Motion_Completed,"[-0.0, 150.0, 0.0]","[-150.0, -0.0, -0.0]","[-150.0, 0.0, 0.0]","[2, 2]"
2025-10-20 10:58:45,Motion_Completed,"[-0.0, 150.0, 0.0]","[-150.0, -0.0, -0.0]","[-150.0, 0.0, 0.0]","[2, 2]"
2025-10-20 10:58:45,Motion_Completed,"[-0.0, 150.0, 0.0]","[-150.0, -0.0, -0.0]","[-150.0, 0.0, 0.0]","[2, 2]"
2025-10-20 10:58:45,Motion_Completed,"[-0.0, 150.0, 0.0]","[-150.0, -0.0, -0.0]","[-150.0, 0.0, 0.0]","[2, 2]"
2025-10-20 10:58:45,Motion_Completed,"[-0.0, 150.0, 0.0]","[-150.0, -0.0, -0.0]","[-150.0, 0.0, 0.0]","[2, 2]"
2025-10-20 10:58:45,Motion_Completed,"[-0.0, 150.0, 0.0]","[-150.0, -0.0, -0.0]","[-150.0, 0.0, 0.0]","[2, 2]"
2025-10-20 10:58:46,Motion_Completed,"[-0.0, 150.0, 0.0]","[-150.0, -0.0, -0.0]","[-150.0, 0.0, 0.0]","[2, 2]"
2025-10-20 10:58:46,Motion_Completed,"[-0.0, 150.0, 0.0]","[-150.0, -0.0, -0.0]","[-150.0, 0.0, 0.0]","[2, 2]"
2025-10-20 10:58:46,Motion_Completed,"[-0.0, 150.0, 0.0]","[-150.0, -0.0, -0.0]","[-150.0, 0.0, 0.0]","[2, 2]"
2025-10-20 10:58:46,Motion_Completed,"[-0.0, 150.0, 0.0]","[-150.0, -0.0, -0.0]","[-150.0, 0.0, 0.0]","[2, 2]"
2025-10-20 10:58:46,Motion_Completed,"[-0.0, 150.0, 0.0]","[-150.0, -0.0, -0.0]","[-150.0, 0.0, 0.0]","[2, 2]"
2025-10-20 10:58:46,Motion_Completed,"[-0.0, 150.0, 0.0]","[-150.0, -0.0, -0.0]","[-150.0, 0.0, 0.0]","[2, 2]"
2025-10-20 10:58:46,Motion_Completed,"[-0.0, 150.0, 0.0]","[-150.0, -0.0, -0.0]","[-150.0, 0.0, 0.0]","[2, 2]"
2025-10-20 10:58:46,Motion_Completed,"[-0.0, 150.0, 0.0]","[-150.0, -0.0, -0.0]","[-150.0, 0.0, 0.0]","[2, 2]"
2025-10-20 10:58:46,Motion_Completed,"[-0.0, 150.0, 0.0]","[-150.0, -0.0, -0.0]","[-150.0, 0.0, 0.0]","[2, 2]"
2025-10-20 10:58:46,Motion_Completed,"[-0.0, 150.0, 0.0]","[-150.0, -0.0, -0.0]","[-150.0, 0.0, 0.0]","[2, 2]"
2025-10-20 10:58:46,Motion_Completed,"[-0.0, 150.0, 0.0]","[-150.0, -0.0, -0.0]","[-150.0, 0.0, 0.0]","[2, 2]"
2025-10-20 10:58:46,Motion_Completed,"[-0.0, 150.0, 0.0]","[-150.0, -0.0, -0.0]","[-150.0, 0.0, 0.0]","[2, 2]"
2025-10-20 10:58:46,Motion_Completed,"[-0.0, 150.0, 0.0]","[-150.0, -0.0, -0.0]","[-150.0, 0.0, 0.0]","[2, 2]"
2025-10-20 10:58:46,Motion_Completed,"[-0.0, 150.0, 0.0]","[-150.0, -0.0, -0.0]","[-150.0, 0.0, 0.0]","[2, 2]"
2025-10-20 10:58:46,Motion_Completed,"[-0.0, 150.0, 0.0]","[-150.0, -0.0, -0.0]","[-150.0, 0.0, 0.0]","[2, 2]"
2025-10-20 10:58:46,Motion_Completed,"[-0.0, 150.0, 0.0]","[-150.0, -0.0, -0.0]","[-150.0, 0.0, 0.0]","[2, 2]"
2025-10-20 10:58:46,Motion_Completed,"[-0.0, 150.0, 0.0]","[-150.0, -0.0, -0.0]","[-150.0, 0.0, 0.0]","[2, 2]"
2025-10-20 10:58:46,Motion_Completed,"[-0.0, 150.0, 0.0]","[-150.0, -0.0, -0.0]","[-150.0, 0.0, 0.0]","[2, 2]"
2025-10-20 10:58:46,Motion_Completed,"[-0.0, 150.0, 0.0]","[-150.0, -0.0, -0.0]","[-150.0, 0.0, 0.0]","[2, 2]"
2025-10-20 10:58:46,Motion_Completed,"[-0.0, 150.0, 0.0]","[-150.0, -0.0, -0.0]","[-150.0, 0.0, 0.0]","[2, 2]"
2025-10-20 10:58:46,Motion_Completed,"[-0.0, 150.0, 0.0]","[-150.0, -0.0, -0.0]","[-150.0, 0.0, 0.0]","[2, 2]"
2025-10-20 10:58:46,Motion_Completed,"[-0.0, 150.0, 0.0]","[-150.0, -0.0, -0.0]","[-150.0, 0.0, 0.0]","[2, 2]"
2025-10-20 10:58:46,Motion_Completed,"[-0.0, 150.0, 0.0]","[-150.0, -0.0, -0.0]","[-150.0, 0.0, 0.0]","[2, 2]"
2025-10-20 10:58:46,Motion_Completed,"[-0.0, 150.0, 0.0]","[-150.0, -0.0, -0.0]","[-150.0, 0.0, 0.0]","[2, 2]"
2025-10-20 10:58:46,Motion_Completed,"[-0.0, 150.0, 0.0]","[-150.0, -0.0, -0.0]","[-150.0, 0.0, 0.0]","[2, 2]"
2025-10-20 10:58:47,Motion_Completed,"[-0.0, 150.0, 0.0]","[-150.0, -0.0, -0.0]","[-150.0, 0.0, 0.0]","[2, 2]"
2025-10-20 10:58:47,Motion_Completed,"[-0.0, 150.0, 0.0]","[-150.0, -0.0, -0.0]","[-150.0, 0.0, 0.0]","[2, 2]"
2025-10-20 10:58:47,Motion_Completed,"[-0.0, 150.0, 0.0]","[-150.0, -0.0, -0.0]","[-150.0, 0.0, 0.0]","[2, 2]"
2025-10-20 10:58:47,Motion_Completed,"[-0.0, 150.0, 0.0]","[-150.0, -0.0, -0.0]","[-150.0, 0.0, 0.0]","[2, 2]"
2025-10-20 10:58:47,Motion_Completed,"[-0.0, 150.0, 0.0]","[-150.0, -0.0, -0.0]","[-150.0, 0.0, 0.0]","[2, 2]"
2025-10-20 10:58:47,Motion_Completed,"[-0.0, 150.0, 0.0]","[-150.0, -0.0, -0.0]","[-150.0, 0.0, 0.0]","[2, 2]"
2025-10-20 10:58:47,Motion_Completed,"[-0.0, 150.0, 0.0]","[-150.0, -0.0, -0.0]","[-150.0, 0.0, 0.0]","[2, 2]"
2025-10-20 10:58:47,Motion_Completed,"[-0.0, 150.0, 0.0]","[-150.0, -0.0, -0.0]","[-150.0, 0.0, 0.0]","[2, 2]"
2025-10-20 10:58:47,Motion_Completed,"[-0.0, 150.0, 0.0]","[-150.0, -0.0, -0.0]","[-150.0, 0.0, 0.0]","[2, 2]"
2025-10-20 10:58:47,Motion_Completed,"[-0.0, 150.0, 0.0]","[-150.0, -0.0, -0.0]","[-150.0, 0.0, 0.0]","[2, 2]"
2025-10-20 10:58:47,Motion_Completed,"[-0.0, 150.0, 0.0]","[-150.0, -0.0, -0.0]","[-150.0, 0.0, 0.0]","[2, 2]"
2025-10-20 10:58:47,Motion_Completed,"[-0.0, 150.0, 0.0]","[-150.0, -0.0, -0.0]","[-150.0, 0.0, 0.0]","[2, 2]"
2025-10-20 10:58:47,Motion_Completed,"[-0.0, 150.0, 0.0]","[-150.0, -0.0, -0.0]","[-150.0, 0.0, 0.0]","[2, 2]"
2025-10-20 10:58:47,Motion_Completed,"[-0.0, 150.0, 0.0]","[-150.0, -0.0, -0.0]","[-150.0, 0.0, 0.0]","[2, 2]"
2025-10-20 10:58:47,Motion_Completed,"[-0.0, 150.0, 0.0]","[-150.0, -0.0, -0.0]","[-150.0, 0.0, 0.0]","[2, 2]"
2025-10-20 10:58:47,Motion_Completed,"[-0.0, 150.0, 0.0]","[-150.0, -0.0, -0.0]","[-150.0, 0.0, 0.0]","[2, 2]"
2025-10-20 10:58:47,Motion_Completed,"[-0.0, 150.0, 0.0]","[-150.0, -0.0, -0.0]","[-150.0, 0.0, 0.0]","[2, 2]"
2025-10-20 10:58:47,Motion_Completed,"[-0.0, 150.0, 0.0]","[-150.0, -0.0, -0.0]","[-150.0, 0.0, 0.0]","[2, 2]"
2025-10-20 10:58:47,Motion_Completed,"[-0.0, 150.0, 0.0]","[-150.0, -0.0, -0.0]","[-150.0, 0.0, 0.0]","[2, 2]"
2025-10-20 10:58:47,Motion_Completed,"[-0.0, 150.0, 0.0]","[-150.0, -0.0, -0.0]","[-150.0, 0.0, 0.0]","[2, 2]"
2025-10-20 10:58:47,Motion_Completed,"[-0.0, 150.0, 0.0]","[-150.0, -0.0, -0.0]","[-150.0, 0.0, 0.0]","[2, 2]"
2025-10-20 10:58:47,Motion_Completed,"[-0.0, 150.0, 0.0]","[-150.0, -0.0, -0.0]","[-150.0, 0.0, 0.0]","[2, 2]"
2025-10-20 10:58:47,Motion_Completed,"[-0.0, 150.0, 0.0]","[-150.0, -0.0, -0.0]","[-150.0, 0.0, 0.0]","[2, 2]"
2025-10-20 10:58:47,Motion_Completed,"[-0.0, 150.0, 0.0]","[-150.0, -0.0, -0.0]","[-150.0, 0.0, 0.0]","[2, 2]"
2025-10-20 10:58:47,Motion_Completed,"[-0.0, 150.0, 0.0]","[-150.0, -0.0, -0.0]","[-150.0, 0.0, 0.0]","[2, 2]"
2025-10-20 10:58:48,Motion_Completed,"[-0.0, 150.0, 0.0]","[-150.0, -0.0, -0.0]","[-150.0, 0.0, 0.0]","[2, 2]"
2025-10-20 10:58:48,Motion_Completed,"[-0.0, 150.0, 0.0]","[-150.0, -0.0, -0.0]","[-150.0, 0.0, 0.0]","[2, 2]"
2025-10-20 10:58:48,Motion_Completed,"[-0.0, 150.0, 0.0]","[-150.0, -0.0, -0.0]","[-150.0, 0.0, 0.0]","[2, 2]"
2025-10-20 10:58:48,Motion_Completed,"[-0.0, 150.0, 0.0]","[-150.0, -0.0, -0.0]","[-150.0, 0.0, 0.0]","[2, 2]"
2025-10-20 10:58:48,Motion_Completed,"[-0.0, 150.0, 0.0]","[-150.0, -0.0, -0.0]","[-150.0, 0.0, 0.0]","[2, 2]"
2025-10-20 10:58:48,Motion_Completed,"[-0.0, 150.0, 0.0]","[-150.0, -0.0, -0.0]","[-150.0, 0.0, 0.0]","[2, 2]"
2025-10-20 10:58:48,Motion_Completed,"[-0.0, 150.0, 0.0]","[-150.0, -0.0, -0.0]","[-150.0, 0.0, 0.0]","[2, 2]"
2025-10-20 10:58:48,Motion_Completed,"[-0.0, 150.0, 0.0]","[-150.0, -0.0, -0.0]","[-150.0, 0.0, 0.0]","[2, 2]"
2025-10-20 10:58:48,Motion_Completed,"[-0.0, 150.0, 0.0]","[-150.0, -0.0, -0.0]","[-150.0, 0.0, 0.0]","[2, 2]"
2025-10-20 10:58:48,Motion_Completed,"[-0.0, 150.0, 0.0]","[-150.0, -0.0, -0.0]","[-150.0, 0.0, 0.0]","[2, 2]"
2025-10-20 10:58:48,Motion_Completed,"[-0.0, 150.0, 0.0]","[-150.0, -0.0, -0.0]","[-150.0, 0.0, 0.0]","[2, 2]"
2025-10-20 10:58:48,Motion_Completed,"[-0.0, 150.0, 0.0]","[-150.0, -0.0, -0.0]","[-150.0, 0.0, 0.0]","[2, 2]"
2025-10-20 10:58:48,Motion_Completed,"[-0.0, 150.0, 0.0]","[-150.0, -0.0, -0.0]","[-150.0, 0.0, 0.0]","[2, 2]"
2025-10-20 10:58:48,Motion_Completed,"[-0.0, 150.0, 0.0]","[-150.0, -0.0, -0.0]","[-150.0, 0.0, 0.0]","[2, 2]"
2025-10-20 10:58:48,Motion_Completed,"[-0.0, 150.0, 0.0]","[-150.0, -0.0, -0.0]","[-150.0, 0.0, 0.0]","[2, 2]"
2025-10-20 10:58:48,Motion_Completed,"[-0.0, 150.0, 0.0]","[-150.0, -0.0, -0.0]","[-150.0, 0.0, 0.0]","[2, 2]"
2025-10-20 10:58:48,Motion_Completed,"[-0.0, 150.0, 0.0]","[-150.0, -0.0, -0.0]","[-150.0, 0.0, 0.0]","[2, 2]"
2025-10-20 10:58:48,Motion_Completed,"[-0.0, 150.0, 0.0]","[-150.0, -0.0, -0.0]","[-150.0, 0.0, 0.0]","[2, 2]"
2025-10-20 10:58:48,Motion_Completed,"[-0.0, 150.0, 0.0]","[-150.0, -0.0, -0.0]","[-150.0, 0.0, 0.0]","[2, 2]"
2025-10-20 10:58:48,Motion_Completed,"[-0.0, 150.0, 0.0]","[-150.0, -0.0, -0.0]","[-150.0, 0.0, 0.0]","[2, 2]"
2025-10-20 10:58:48,Motion_Completed,"[-0.0, 150.0, 0.0]","[-150.0, -0.0, -0.0]","[-150.0, 0.0, 0.0]","[2, 2]"
2025-10-20 10:58:48,Motion_Completed,"[-0.0, 150.0, 0.0]","[-150.0, -0.0, -0.0]","[-150.0, 0.0, 0.0]","[2, 2]"
2025-10-20 10:58:48,Motion_Completed,"[-0.0, 150.0, 0.0]","[-150.0, -0.0, -0.0]","[-150.0, 0.0, 0.0]","[2, 2]"
2025-10-20 10:58:48,Motion_Completed,"[-0.0, 150.0, 0.0]","[-150.0, -0.0, -0.0]","[-150.0, 0.0, 0.0]","[2, 2]"
2025-10-20 10:58:48,Motion_Completed,"[-0.0, 150.0, 0.0]","[-150.0, -0.0, -0.0]","[-150.0, 0.0, 0.0]","[2, 2]"
2025-10-20 10:58:49,Motion_Completed,"[-0.0, 150.0, 0.0]","[-150.0, -0.0, -0.0]","[-150.0, 0.0, 0.0]","[2, 2]"
2025-10-20 10:58:49,Motion_Completed,"[-0.0, 150.0, 0.0]","[-150.0, -0.0, -0.0]","[-150.0, 0.0, 0.0]","[2, 2]"
2025-10-20 10:58:49,Motion_Completed,"[-0.0, 150.0, 0.0]","[-150.0, -0.0, -0.0]","[-150.0, 0.0, 0.0]","[2, 2]"
2025-10-20 10:58:49,Motion_Completed,"[-0.0, 150.0, 0.0]","[-150.0, -0.0, -0.0]","[-150.0, 0.0, 0.0]","[2, 2]"
2025-10-20 10:58:49,Motion_Completed,"[-0.0, 150.0, 0.0]","[-150.0, -0.0, -0.0]","[-150.0, 0.0, 0.0]","[2, 2]"
2025-10-20 10:58:49,Motion_Completed,"[-0.0, 150.0, 0.0]","[-150.0, -0.0, -0.0]","[-150.0, 0.0, 0.0]","[2, 2]"
2025-10-20 10:58:49,Motion_Completed,"[-0.0, 150.0, 0.0]","[-150.0, -0.0, -0.0]","[-150.0, 0.0, 0.0]","[2, 2]"
2025-10-20 10:58:49,Motion_Completed,"[-0.0, 150.0, 0.0]","[-150.0, -0.0, -0.0]","[-150.0, 0.0, 0.0]","[2, 2]"
2025-10-20 10:58:49,Motion_Completed,"[-0.0, 150.0, 0.0]","[-150.0, -0.0, -0.0]","[-150.0, 0.0, 0.0]","[2, 2]"
2025-10-20 10:58:49,Motion_Completed,"[-0.0, 150.0, 0.0]","[-150.0, -0.0, -0.0]","[-150.0, 0.0, 0.0]","[2, 2]"
2025-10-20 10:58:49,Motion_Completed,"[-0.0, 150.0, 0.0]","[-150.0, -0.0, -0.0]","[-150.0, 0.0, 0.0]","[2, 2]"
2025-10-20 10:58:49,Motion_Completed,"[-0.0, 150.0, 0.0]","[-150.0, -0.0, -0.0]","[-150.0, 0.0, 0.0]","[2, 2]"
2025-10-20 10:58:49,Motion_Completed,"[-0.0, 150.0, 0.0]","[-150.0, -0.0, -0.0]","[-150.0, 0.0, 0.0]","[2, 2]"
2025-10-20 10:58:49,Motion_Completed,"[-0.0, 150.0, 0.0]","[-150.0, -0.0, -0.0]","[-150.0, 0.0, 0.0]","[2, 2]"
2025-10-20 10:58:49,Motion_Completed,"[-0.0, 150.0, 0.0]","[-150.0, -0.0, -0.0]","[-150.0, 0.0, 0.0]","[2, 2]"
2025-10-20 10:58:49,Motion_Completed,"[-0.0, 150.0, 0.0]","[-150.0, -0.0, -0.0]","[-150.0, 0.0, 0.0]","[2, 2]"
2025-10-20 10:58:49,Motion_Completed,"[-0.0, 150.0, 0.0]","[-150.0, -0.0, -0.0]","[-150.0, 0.0, 0.0]","[2, 2]"
2025-10-20 10:58:49,Motion_Completed,"[-0.0, 150.0, 0.0]","[-150.0, -0.0, -0.0]","[-150.0, 0.0, 0.0]","[2, 2]"
2025-10-20 10:58:49,Motion_Completed,"[-0.0, 150.0, 0.0]","[-150.0, -0.0, -0.0]","[-150.0, 0.0, 0.0]","[2, 2]"
2025-10-20 10:58:49,Motion_Completed,"[-0.0, 150.0, 0.0]","[-150.0, -0.0, -0.0]","[-150.0, 0.0, 0.0]","[2, 2]"
2025-10-20 10:58:49,Motion_Completed,"[-0.0, 150.0, 0.0]","[-150.0, -0.0, -0.0]","[-150.0, 0.0, 0.0]","[2, 2]"
2025-10-20 10:58:49,Motion_Completed,"[-0.0, 150.0, 0.0]","[-150.0, -0.0, -0.0]","[-150.0, 0.0, 0.0]","[2, 2]"
2025-10-20 10:58:49,Motion_Completed,"[-0.0, 150.0, 0.0]","[-150.0, -0.0, -0.0]","[-150.0, 0.0, 0.0]","[2, 2]"
2025-10-20 10:58:49,Motion_Completed,"[-0.0, 150.0, 0.0]","[-150.0, -0.0, -0.0]","[-150.0, 0.0, 0.0]","[2, 2]"
2025-10-20 10:58:49,Motion_Completed,"[-0.0, 150.0, 0.0]","[-150.0, -0.0, -0.0]","[-150.0, 0.0, 0.0]","[2, 2]"
2025-10-20 10:58:50,Motion_Completed,"[-0.0, 150.0, 0.0]","[-150.0, -0.0, -0.0]","[-150.0, 0.0, 0.0]","[2, 2]"
2025-10-20 10:58:50,Motion_Completed,"[-0.0, 150.0, 0.0]","[-150.0, -0.0, -0.0]","[-150.0, 0.0, 0.0]","[2, 2]"
2025-10-20 10:58:50,Motion_Completed,"[-0.0, 150.0, 0.0]","[-150.0, -0.0, -0.0]","[-150.0, 0.0, 0.0]","[2, 2]"
2025-10-20 10:58:50,Motion_Completed,"[-0.0, 150.0, 0.0]","[-150.0, -0.0, -0.0]","[-150.0, 0.0, 0.0]","[2, 2]"
2025-10-20 10:58:50,Motion_Completed,"[-0.0, 150.0, 0.0]","[-150.0, -0.0, -0.0]","[-150.0, 0.0, 0.0]","[2, 2]"
2025-10-20 10:58:50,Motion_Completed,"[-0.0, 150.0, 0.0]","[-150.0, -0.0, -0.0]","[-150.0, 0.0, 0.0]","[2, 2]"
2025-10-20 10:58:50,Motion_Completed,"[-0.0, 150.0, 0.0]","[-150.0, -0.0, -0.0]","[-150.0, 0.0, 0.0]","[2, 2]"
2025-10-20 10:58:50,Motion_Completed,"[-0.0, 150.0, 0.0]","[-150.0, -0.0, -0.0]","[-150.0, 0.0, 0.0]","[2, 2]"
2025-10-20 10:58:50,Motion_Completed,"[-0.0, 150.0, 0.0]","[-150.0, -0.0, -0.0]","[-150.0, 0.0, 0.0]","[2, 2]"
2025-10-20 10:58:50,Motion_Completed,"[-0.0, 150.0, 0.0]","[-150.0, -0.0, -0.0]","[-150.0, 0.0, 0.0]","[2, 2]"
2025-10-20 10:58:50,Motion_Completed,"[-0.0, 150.0, 0.0]","[-150.0, -0.0, -0.0]","[-150.0, 0.0, 0.0]","[2, 2]"
2025-10-20 10:58:50,Motion_Completed,"[-0.0, 150.0, 0.0]","[-150.0, -0.0, -0.0]","[-150.0, 0.0, 0.0]","[2, 2]"
2025-10-20 10:58:50,Motion_Completed,"[-0.0, 150.0, 0.0]","[-150.0, -0.0, -0.0]","[-150.0, 0.0, 0.0]","[2, 2]"
2025-10-20 10:58:50,Motion_Completed,"[-0.0, 150.0, 0.0]","[-150.0, -0.0, -0.0]","[-150.0, 0.0, 0.0]","[2, 2]"
2025-10-20 10:58:50,Motion_Completed,"[-0.0, 150.0, 0.0]","[-150.0, -0.0, -0.0]","[-150.0, 0.0, 0.0]","[2, 2]"
2025-10-20 10:58:50,Motion_Completed,"[-0.0, 150.0, 0.0]","[-150.0, -0.0, -0.0]","[-150.0, 0.0, 0.0]","[2, 2]"
2025-10-20 10:58:50,Motion_Completed,"[-0.0, 150.0, 0.0]","[-150.0, -0.0, -0.0]","[-150.0, 0.0, 0.0]","[2, 2]"
2025-10-20 10:58:50,Motion_Completed,"[-0.0, 150.0, 0.0]","[-150.0, -0.0, -0.0]","[-150.0, 0.0, 0.0]","[2, 2]"
2025-10-20 10:58:50,Motion_Completed,"[-0.0, 150.0, 0.0]","[-150.0, -0.0, -0.0]","[-150.0, 0.0, 0.0]","[2, 2]"
2025-10-20 10:58:50,Motion_Completed,"[-0.0, 150.0, 0.0]","[-150.0, -0.0, -0.0]","[-150.0, 0.0, 0.0]","[2, 2]"
2025-10-20 10:58:50,Motion_Completed,"[-0.0, 150.0, 0.0]","[-150.0, -0.0, -0.0]","[-150.0, 0.0, 0.0]","[2, 2]"
2025-10-20 10:58:50,Motion_Completed,"[-0.0, 150.0, 0.0]","[-150.0, -0.0, -0.0]","[-150.0, 0.0, 0.0]","[2, 2]"
2025-10-20 10:58:50,Motion_Completed,"[-0.0, 150.0, 0.0]","[-150.0, -0.0, -0.0]","[-150.0, 0.0, 0.0]","[2, 2]"
2025-10-20 10:58:50,Motion_Completed,"[-0.0, 150.0, 0.0]","[-150.0, -0.0, -0.0]","[-150.0, 0.0, 0.0]","[2, 2]"
2025-10-20 10:58:50,Motion_Completed,"[-0.0, 150.0, 0.0]","[-150.0, -0.0, -0.0]","[-150.0, 0.0, 0.0]","[2, 2]"
2025-10-20 10:58:51,Motion_Completed,"[-0.0, 150.0, 0.0]","[-150.0, -0.0, -0.0]","[-150.0, 0.0, 0.0]","[2, 2]"
2025-10-20 10:58:51,Motion_Completed,"[-0.0, 150.0, 0.0]","[-150.0, -0.0, -0.0]","[-150.0, 0.0, 0.0]","[2, 2]"
2025-10-20 10:58:51,Motion_Completed,"[-0.0, 150.0, 0.0]","[-150.0, -0.0, -0.0]","[-150.0, 0.0, 0.0]","[2, 2]"
2025-10-20 10:58:51,Motion_Completed,"[-0.0, 150.0, 0.0]","[-150.0, -0.0, -0.0]","[-150.0, 0.0, 0.0]","[2, 2]"
2025-10-20 10:58:51,Motion_Completed,"[-0.0, 150.0, 0.0]","[-150.0, -0.0, -0.0]","[-150.0, 0.0, 0.0]","[2, 2]"
2025-10-20 10:58:51,Motion_Completed,"[-0.0, 150.0, 0.0]","[-150.0, -0.0, -0.0]","[-150.0, 0.0, 0.0]","[2, 2]"
2025-10-20 10:58:51,Motion_Completed,"[-0.0, 150.0, 0.0]","[-150.0, -0.0, -0.0]","[-150.0, 0.0, 0.0]","[2, 2]"
2025-10-20 10:58:51,Motion_Completed,"[-0.0, 150.0, 0.0]","[-150.0, -0.0, -0.0]","[-150.0, 0.0, 0.0]","[2, 2]"
2025-10-20 10:58:51,Motion_Completed,"[-0.0, 150.0, 0.0]","[-150.0, -0.0, -0.0]","[-150.0, 0.0, 0.0]","[2, 2]"
2025-10-20 10:58:51,Motion_Completed,"[-0.0, 150.0, 0.0]","[-150.0, -0.0, -0.0]","[-150.0, 0.0, 0.0]","[2, 2]"
2025-10-20 10:58:51,Motion_Completed,"[-0.0, 150.0, 0.0]","[-150.0, -0.0, -0.0]","[-150.0, 0.0, 0.0]","[2, 2]"
2025-10-20 10:58:51,Motion_Completed,"[-0.0, 150.0, 0.0]","[-150.0, -0.0, -0.0]","[-150.0, 0.0, 0.0]","[2, 2]"
2025-10-20 10:58:51,2,"[-0.0, 150.0, 0.0]",[ 0. 10.  0.],"[-150.0, 0.0, 0.0]","[2, 2]"
2025-10-20 10:58:53,Motion_Completed,"[-0.0, 159.94900512695312, 0.0]","[-160.0, -0.0, -0.0]","[-159.94900512695312, 0.0, 0.0]","[2, 2]"
2025-10-20 10:58:53,Motion_Completed,"[-0.0, 159.9759979248047, 0.0]","[-160.0, -0.0, -0.0]","[-159.9759979248047, 0.0, 0.0]","[2, 2]"
2025-10-20 10:58:53,Motion_Completed,"[-0.0, 160.0, 0.0]","[-160.0, -0.0, -0.0]","[-160.0, 0.0, 0.0]","[2, 2]"
2025-10-20 10:58:53,Motion_Completed,"[-0.0, 160.0050048828125, 0.0]","[-160.0, -0.0, -0.0]","[-160.0050048828125, 0.0, 0.0]","[2, 2]"
2025-10-20 10:58:53,Motion_Completed,"[-0.0, 160.0070037841797, 0.0]","[-160.0, -0.0, -0.0]","[-160.0070037841797, 0.0, 0.0]","[2, 2]"
2025-10-20 10:58:53,Motion_Completed,"[-0.0, 160.0070037841797, 0.0]","[-160.0, -0.0, -0.0]","[-160.0070037841797, 0.0, 0.0]","[2, 2]"
2025-10-20 10:58:53,Motion_Completed,"[-0.0, 160.00799560546875, 0.0]","[-160.0, -0.0, -0.0]","[-160.00799560546875, 0.0, 0.0]","[2, 2]"
2025-10-20 10:58:53,Motion_Completed,"[-0.0, 160.00799560546875, 0.0]","[-160.0, -0.0, -0.0]","[-160.00799560546875, 0.0, 0.0]","[2, 2]"
2025-10-20 10:58:53,Motion_Completed,"[-0.0, 160.0070037841797, 0.0]","[-160.0, -0.0, -0.0]","[-160.0070037841797, 0.0, 0.0]","[2, 2]"
2025-10-20 10:58:53,Motion_Completed,"[-0.0, 160.0070037841797, 0.0]","[-160.0, -0.0, -0.0]","[-160.0070037841797, 0.0, 0.0]","[2, 2]"
2025-10-20 10:58:53,Motion_Completed,"[-0.0, 160.0070037841797, 0.0]","[-160.0, -0.0, -0.0]","[-160.0070037841797, 0.0, 0.0]","[2, 2]"
2025-10-20 10:58:53,Motion_Completed,"[-0.0, 160.0070037841797, 0.0]","[-160.0, -0.0, -0.0]","[-160.0070037841797, 0.0, 0.0]","[2, 2]"
2025-10-20 10:58:53,Motion_Completed,"[-0.0, 160.0070037841797, 0.0]","[-160.0, -0.0, -0.0]","[-160.0070037841797, 0.0, 0.0]","[2, 2]"
2025-10-20 10:58:54,Motion_Completed,"[-0.0, 160.0070037841797, 0.0]","[-160.0, -0.0, -0.0]","[-160.0070037841797, 0.0, 0.0]","[2, 2]"
2025-10-20 10:58:54,Motion_Completed,"[-0.0, 160.0070037841797, 0.0]","[-160.0, -0.0, -0.0]","[-160.0070037841797, 0.0, 0.0]","[2, 2]"
2025-10-20 10:58:54,Motion_Completed,"[-0.0, 160.0070037841797, 0.0]","[-160.0, -0.0, -0.0]","[-160.0070037841797, 0.0, 0.0]","[2, 2]"
2025-10-20 10:58:54,Motion_Completed,"[-0.0, 160.0070037841797, 0.0]","[-160.0, -0.0, -0.0]","[-160.0070037841797, 0.0, 0.0]","[2, 2]"
2025-10-20 10:58:54,Motion_Completed,"[-0.0, 160.0070037841797, 0.0]","[-160.0, -0.0, -0.0]","[-160.0070037841797, 0.0, 0.0]","[2, 2]"
2025-10-20 10:58:54,Motion_Completed,"[-0.0, 160.0070037841797, 0.0]","[-160.0, -0.0, -0.0]","[-160.0070037841797, 0.0, 0.0]","[2, 2]"
2025-10-20 10:58:54,Motion_Completed,"[-0.0, 160.00599670410156, 0.0]","[-160.0, -0.0, -0.0]","[-160.00599670410156, 0.0, 0.0]","[2, 2]"
2025-10-20 10:58:54,Motion_Completed,"[-0.0, 160.00599670410156, 0.0]","[-160.0, -0.0, -0.0]","[-160.00599670410156, 0.0, 0.0]","[2, 2]"
2025-10-20 10:58:54,Motion_Completed,"[-0.0, 160.00599670410156, 0.0]","[-160.0, -0.0, -0.0]","[-160.00599670410156, 0.0, 0.0]","[2, 2]"
2025-10-20 10:58:54,Motion_Completed,"[-0.0, 160.00599670410156, 0.0]","[-160.0, -0.0, -0.0]","[-160.00599670410156, 0.0, 0.0]","[2, 2]"
2025-10-20 10:58:54,Motion_Completed,"[-0.0, 160.00599670410156, 0.0]","[-160.0, -0.0, -0.0]","[-160.00599670410156, 0.0, 0.0]","[2, 2]"
2025-10-20 10:58:54,Motion_Completed,"[-0.0, 160.00599670410156, 0.0]","[-160.0, -0.0, -0.0]","[-160.00599670410156, 0.0, 0.0]","[2, 2]"
2025-10-20 10:58:54,Motion_Completed,"[-0.0, 160.00599670410156, 0.0]","[-160.0, -0.0, -0.0]","[-160.00599670410156, 0.0, 0.0]","[2, 2]"
2025-10-20 10:58:54,Motion_Completed,"[-0.0, 160.0050048828125, 0.0]","[-160.0, -0.0, -0.0]","[-160.0050048828125, 0.0, 0.0]","[2, 2]"
2025-10-20 10:58:54,Motion_Completed,"[-0.0, 160.0050048828125, 0.0]","[-160.0, -0.0, -0.0]","[-160.0050048828125, 0.0, 0.0]","[2, 2]"
2025-10-20 10:58:54,Motion_Completed,"[-0.0, 160.0050048828125, 0.0]","[-160.0, -0.0, -0.0]","[-160.0050048828125, 0.0, 0.0]","[2, 2]"
2025-10-20 10:58:54,Motion_Completed,"[-0.0, 160.0050048828125, 0.0]","[-160.0, -0.0, -0.0]","[-160.0050048828125, 0.0, 0.0]","[2, 2]"
2025-10-20 10:58:54,Motion_Completed,"[-0.0, 160.0050048828125, 0.0]","[-160.0, -0.0, -0.0]","[-160.0050048828125, 0.0, 0.0]","[2, 2]"
2025-10-20 10:58:54,Motion_Completed,"[-0.0, 160.0050048828125, 0.0]","[-160.0, -0.0, -0.0]","[-160.0050048828125, 0.0, 0.0]","[2, 2]"
2025-10-20 10:58:54,Motion_Completed,"[-0.0, 160.00399780273438, 0.0]","[-160.0, -0.0, -0.0]","[-160.00399780273438, 0.0, 0.0]","[2, 2]"
2025-10-20 10:58:54,Motion_Completed,"[-0.0, 160.00399780273438, 0.0]","[-160.0, -0.0, -0.0]","[-160.00399780273438, 0.0, 0.0]","[2, 2]"
2025-10-20 10:58:54,Motion_Completed,"[-0.0, 160.00399780273438, 0.0]","[-160.0, -0.0, -0.0]","[-160.00399780273438, 0.0, 0.0]","[2, 2]"
2025-10-20 10:58:54,Motion_Completed,"[-0.0, 160.00399780273438, 0.0]","[-160.0, -0.0, -0.0]","[-160.00399780273438, 0.0, 0.0]","[2, 2]"
2025-10-20 10:58:54,Motion_Completed,"[-0.0, 160.00399780273438, 0.0]","[-160.0, -0.0, -0.0]","[-160.00399780273438, 0.0, 0.0]","[2, 2]"
2025-10-20 10:58:54,Motion_Completed,"[-0.0, 160.0030059814453, 0.0]","[-160.0, -0.0, -0.0]","[-160.0030059814453, 0.0, 0.0]","[2, 2]"
2025-10-20 10:58:55,Motion_Completed,"[-0.0, 160.0030059814453, 0.0]","[-160.0, -0.0, -0.0]","[-160.0030059814453, 0.0, 0.0]","[2, 2]"
2025-10-20 10:58:55,Motion_Completed,"[-0.0, 160.0030059814453, 0.0]","[-160.0, -0.0, -0.0]","[-160.0030059814453, 0.0, 0.0]","[2, 2]"
2025-10-20 10:58:55,Motion_Completed,"[-0.0, 160.0030059814453, 0.0]","[-160.0, -0.0, -0.0]","[-160.0030059814453, 0.0, 0.0]","[2, 2]"
2025-10-20 10:58:55,Motion_Completed,"[-0.0, 160.0030059814453, 0.0]","[-160.0, -0.0, -0.0]","[-160.0030059814453, 0.0, 0.0]","[2, 2]"
2025-10-20 10:58:55,Motion_Completed,"[-0.0, 160.0030059814453, 0.0]","[-160.0, -0.0, -0.0]","[-160.0030059814453, 0.0, 0.0]","[2, 2]"
2025-10-20 10:58:55,Motion_Completed,"[-0.0, 160.0019989013672, 0.0]","[-160.0, -0.0, -0.0]","[-160.0019989013672, 0.0, 0.0]","[2, 2]"
2025-10-20 10:58:55,Motion_Completed,"[-0.0, 160.0019989013672, 0.0]","[-160.0, -0.0, -0.0]","[-160.0019989013672, 0.0, 0.0]","[2, 2]"
2025-10-20 10:58:55,Motion_Completed,"[-0.0, 160.0019989013672, 0.0]","[-160.0, -0.0, -0.0]","[-160.0019989013672, 0.0, 0.0]","[2, 2]"
2025-10-20 10:58:55,Motion_Completed,"[-0.0, 160.0019989013672, 0.0]","[-160.0, -0.0, -0.0]","[-160.0019989013672, 0.0, 0.0]","[2, 2]"
2025-10-20 10:58:55,Motion_Completed,"[-0.0, 160.0019989013672, 0.0]","[-160.0, -0.0, -0.0]","[-160.0019989013672, 0.0, 0.0]","[2, 2]"
2025-10-20 10:58:55,Motion_Completed,"[-0.0, 160.0019989013672, 0.0]","[-160.0, -0.0, -0.0]","[-160.0019989013672, 0.0, 0.0]","[2, 2]"
2025-10-20 10:58:55,Motion_Completed,"[-0.0, 160.0019989013672, 0.0]","[-160.0, -0.0, -0.0]","[-160.0019989013672, 0.0, 0.0]","[2, 2]"
2025-10-20 10:58:55,Motion_Completed,"[-0.0, 160.00100708007812, 0.0]","[-160.0, -0.0, -0.0]","[-160.00100708007812, 0.0, 0.0]","[2, 2]"
2025-10-20 10:58:55,Motion_Completed,"[-0.0, 160.00100708007812, 0.0]","[-160.0, -0.0, -0.0]","[-160.00100708007812, 0.0, 0.0]","[2, 2]"
2025-10-20 10:58:55,Motion_Completed,"[-0.0, 160.00100708007812, 0.0]","[-160.0, -0.0, -0.0]","[-160.00100708007812, 0.0, 0.0]","[2, 2]"
2025-10-20 10:58:55,Motion_Completed,"[-0.0, 160.00100708007812, 0.0]","[-160.0, -0.0, -0.0]","[-160.00100708007812, 0.0, 0.0]","[2, 2]"
2025-10-20 10:58:55,Motion_Completed,"[-0.0, 160.00100708007812, 0.0]","[-160.0, -0.0, -0.0]","[-160.00100708007812, 0.0, 0.0]","[2, 2]"
2025-10-20 10:58:55,Motion_Completed,"[-0.0, 160.00100708007812, 0.0]","[-160.0, -0.0, -0.0]","[-160.00100708007812, 0.0, 0.0]","[2, 2]"
2025-10-20 10:58:55,Motion_Completed,"[-0.0, 160.00100708007812, 0.0]","[-160.0, -0.0, -0.0]","[-160.00100708007812, 0.0, 0.0]","[2, 2]"
2025-10-20 10:58:55,Motion_Completed,"[-0.0, 160.00100708007812, 0.0]","[-160.0, -0.0, -0.0]","[-160.00100708007812, 0.0, 0.0]","[2, 2]"
2025-10-20 10:58:55,Motion_Completed,"[-0.0, 160.00100708007812, 0.0]","[-160.0, -0.0, -0.0]","[-160.00100708007812, 0.0, 0.0]","[2, 2]"
2025-10-20 10:58:55,Motion_Completed,"[-0.0, 160.00100708007812, 0.0]","[-160.0, -0.0, -0.0]","[-160.00100708007812, 0.0, 0.0]","[2, 2]"
2025-10-20 10:58:55,Motion_Completed,"[-0.0, 160.00100708007812, 0.0]","[-160.0, -0.0, -0.0]","[-160.00100708007812, 0.0, 0.0]","[2, 2]"
2025-10-20 10:58:55,Motion_Completed,"[-0.0, 160.0, 0.0]","[-160.0, -0.0, -0.0]","[-160.0, 0.0, 0.0]","[2, 2]"
2025-10-20 10:58:55,Motion_Completed,"[-0.0, 160.0, 0.0]","[-160.0, -0.0, -0.0]","[-160.0, 0.0, 0.0]","[2, 2]"
2025-10-20 10:58:56,Motion_Completed,"[-0.0, 160.0, 0.0]","[-160.0, -0.0, -0.0]","[-160.0, 0.0, 0.0]","[2, 2]"
2025-10-20 10:58:56,Motion_Completed,"[-0.0, 160.0, 0.0]","[-160.0, -0.0, -0.0]","[-160.0, 0.0, 0.0]","[2, 2]"
2025-10-20 10:58:56,Motion_Completed,"[-0.0, 160.0, 0.0]","[-160.0, -0.0, -0.0]","[-160.0, 0.0, 0.0]","[2, 2]"
2025-10-20 10:58:56,Motion_Completed,"[-0.0, 160.0, 0.0]","[-160.0, -0.0, -0.0]","[-160.0, 0.0, 0.0]","[2, 2]"
2025-10-20 10:58:56,Motion_Completed,"[-0.0, 160.0, 0.0]","[-160.0, -0.0, -0.0]","[-160.0, 0.0, 0.0]","[2, 2]"
2025-10-20 10:58:56,Motion_Completed,"[-0.0, 160.0, 0.0]","[-160.0, -0.0, -0.0]","[-160.0, 0.0, 0.0]","[2, 2]"
2025-10-20 10:58:56,Motion_Completed,"[-0.0, 160.0, 0.0]","[-160.0, -0.0, -0.0]","[-160.0, 0.0, 0.0]","[2, 2]"
2025-10-20 10:58:56,Motion_Completed,"[-0.0, 160.0, 0.0]","[-160.0, -0.0, -0.0]","[-160.0, 0.0, 0.0]","[2, 2]"
2025-10-20 10:58:56,Motion_Completed,"[-0.0, 160.0, 0.0]","[-160.0, -0.0, -0.0]","[-160.0, 0.0, 0.0]","[2, 2]"
2025-10-20 10:58:56,Motion_Completed,"[-0.0, 160.0, 0.0]","[-160.0, -0.0, -0.0]","[-160.0, 0.0, 0.0]","[2, 2]"
2025-10-20 10:58:56,Motion_Completed,"[-0.0, 160.0, 0.0]","[-160.0, -0.0, -0.0]","[-160.0, 0.0, 0.0]","[2, 2]"
2025-10-20 10:58:56,Motion_Completed,"[-0.0, 160.0, 0.0]","[-160.0, -0.0, -0.0]","[-160.0, 0.0, 0.0]","[2, 2]"
2025-10-20 10:58:56,Motion_Completed,"[-0.0, 160.0, 0.0]","[-160.0, -0.0, -0.0]","[-160.0, 0.0, 0.0]","[2, 2]"
2025-10-20 10:58:56,Motion_Completed,"[-0.0, 160.0, 0.0]","[-160.0, -0.0, -0.0]","[-160.0, 0.0, 0.0]","[2, 2]"
2025-10-20 10:58:56,Motion_Completed,"[-0.0, 160.0, 0.0]","[-160.0, -0.0, -0.0]","[-160.0, 0.0, 0.0]","[2, 2]"
2025-10-20 10:58:56,Motion_Completed,"[-0.0, 160.0, 0.0]","[-160.0, -0.0, -0.0]","[-160.0, 0.0, 0.0]","[2, 2]"
2025-10-20 10:58:56,Motion_Completed,"[-0.0, 160.0, 0.0]","[-160.0, -0.0, -0.0]","[-160.0, 0.0, 0.0]","[2, 2]"
2025-10-20 10:58:56,Motion_Completed,"[-0.0, 160.0, 0.0]","[-160.0, -0.0, -0.0]","[-160.0, 0.0, 0.0]","[2, 2]"
2025-10-20 10:58:56,Motion_Completed,"[-0.0, 160.0, 0.0]","[-160.0, -0.0, -0.0]","[-160.0, 0.0, 0.0]","[2, 2]"
2025-10-20 10:58:56,Motion_Completed,"[-0.0, 160.0, 0.0]","[-160.0, -0.0, -0.0]","[-160.0, 0.0, 0.0]","[2, 2]"
2025-10-20 10:58:56,Motion_Completed,"[-0.0, 160.0, 0.0]","[-160.0, -0.0, -0.0]","[-160.0, 0.0, 0.0]","[2, 2]"
2025-10-20 10:58:56,Motion_Completed,"[-0.0, 160.0, 0.0]","[-160.0, -0.0, -0.0]","[-160.0, 0.0, 0.0]","[2, 2]"
2025-10-20 10:58:56,Motion_Completed,"[-0.0, 160.0, 0.0]","[-160.0, -0.0, -0.0]","[-160.0, 0.0, 0.0]","[2, 2]"
2025-10-20 10:58:56,Motion_Completed,"[-0.0, 160.0, 0.0]","[-160.0, -0.0, -0.0]","[-160.0, 0.0, 0.0]","[2, 2]"
2025-10-20 10:58:56,Motion_Completed,"[-0.0, 160.0, 0.0]","[-160.0, -0.0, -0.0]","[-160.0, 0.0, 0.0]","[2, 2]"
2025-10-20 10:58:57,Motion_Completed,"[-0.0, 160.0, 0.0]","[-160.0, -0.0, -0.0]","[-160.0, 0.0, 0.0]","[2, 2]"
2025-10-20 10:58:57,Motion_Completed,"[-0.0, 160.0, 0.0]","[-160.0, -0.0, -0.0]","[-160.0, 0.0, 0.0]","[2, 2]"
2025-10-20 10:58:57,Motion_Completed,"[-0.0, 160.0, 0.0]","[-160.0, -0.0, -0.0]","[-160.0, 0.0, 0.0]","[2, 2]"
2025-10-20 10:58:57,Motion_Completed,"[-0.0, 160.0, 0.0]","[-160.0, -0.0, -0.0]","[-160.0, 0.0, 0.0]","[2, 2]"
2025-10-20 10:58:57,Motion_Completed,"[-0.0, 160.0, 0.0]","[-160.0, -0.0, -0.0]","[-160.0, 0.0, 0.0]","[2, 2]"
2025-10-20 10:58:57,Motion_Completed,"[-0.0, 160.0, 0.0]","[-160.0, -0.0, -0.0]","[-160.0, 0.0, 0.0]","[2, 2]"
2025-10-20 10:58:57,Motion_Completed,"[-0.0, 160.0, 0.0]","[-160.0, -0.0, -0.0]","[-160.0, 0.0, 0.0]","[2, 2]"
2025-10-20 10:58:57,Motion_Completed,"[-0.0, 160.0, 0.0]","[-160.0, -0.0, -0.0]","[-160.0, 0.0, 0.0]","[2, 2]"
2025-10-20 10:58:57,Motion_Completed,"[-0.0, 160.0, 0.0]","[-160.0, -0.0, -0.0]","[-160.0, 0.0, 0.0]","[2, 2]"
2025-10-20 10:58:57,Motion_Completed,"[-0.0, 160.0, 0.0]","[-160.0, -0.0, -0.0]","[-160.0, 0.0, 0.0]","[2, 2]"
2025-10-20 10:58:57,Motion_Completed,"[-0.0, 160.0, 0.0]","[-160.0, -0.0, -0.0]","[-160.0, 0.0, 0.0]","[2, 2]"
2025-10-20 10:58:57,Motion_Completed,"[-0.0, 160.0, 0.0]","[-160.0, -0.0, -0.0]","[-160.0, 0.0, 0.0]","[2, 2]"
2025-10-20 10:58:57,Motion_Completed,"[-0.0, 160.0, 0.0]","[-160.0, -0.0, -0.0]","[-160.0, 0.0, 0.0]","[2, 2]"
2025-10-20 10:58:57,Motion_Completed,"[-0.0, 160.0, 0.0]","[-160.0, -0.0, -0.0]","[-160.0, 0.0, 0.0]","[2, 2]"
2025-10-20 10:58:57,Motion_Completed,"[-0.0, 160.0, 0.0]","[-160.0, -0.0, -0.0]","[-160.0, 0.0, 0.0]","[2, 2]"
2025-10-20 10:58:57,Motion_Completed,"[-0.0, 160.0, 0.0]","[-160.0, -0.0, -0.0]","[-160.0, 0.0, 0.0]","[2, 2]"
2025-10-20 10:58:57,Motion_Completed,"[-0.0, 160.0, 0.0]","[-160.0, -0.0, -0.0]","[-160.0, 0.0, 0.0]","[2, 2]"
2025-10-20 10:58:57,Motion_Completed,"[-0.0, 160.0, 0.0]","[-160.0, -0.0, -0.0]","[-160.0, 0.0, 0.0]","[2, 2]"
2025-10-20 10:58:57,Motion_Completed,"[-0.0, 160.0, 0.0]","[-160.0, -0.0, -0.0]","[-160.0, 0.0, 0.0]","[2, 2]"
2025-10-20 10:58:57,Motion_Completed,"[-0.0, 160.0, 0.0]","[-160.0, -0.0, -0.0]","[-160.0, 0.0, 0.0]","[2, 2]"
2025-10-20 10:58:57,Motion_Completed,"[-0.0, 160.0, 0.0]","[-160.0, -0.0, -0.0]","[-160.0, 0.0, 0.0]","[2, 2]"
2025-10-20 10:58:57,Motion_Completed,"[-0.0, 160.0, 0.0]","[-160.0, -0.0, -0.0]","[-160.0, 0.0, 0.0]","[2, 2]"
2025-10-20 10:58:57,Motion_Completed,"[-0.0, 160.0, 0.0]","[-160.0, -0.0, -0.0]","[-160.0, 0.0, 0.0]","[2, 2]"
2025-10-20 10:58:57,Motion_Completed,"[-0.0, 160.0, 0.0]","[-160.0, -0.0, -0.0]","[-160.0, 0.0, 0.0]","[2, 2]"
2025-10-20 10:58:57,Motion_Completed,"[-0.0, 160.0, 0.0]","[-160.0, -0.0, -0.0]","[-160.0, 0.0, 0.0]","[2, 2]"
2025-10-20 10:58:58,Motion_Completed,"[-0.0, 160.0, 0.0]","[-160.0, -0.0, -0.0]","[-160.0, 0.0, 0.0]","[2, 2]"
2025-10-20 10:58:58,Motion_Completed,"[-0.0, 160.0, 0.0]","[-160.0, -0.0, -0.0]","[-160.0, 0.0, 0.0]","[2, 2]"
2025-10-20 10:58:58,Motion_Completed,"[-0.0, 160.0, 0.0]","[-160.0, -0.0, -0.0]","[-160.0, 0.0, 0.0]","[2, 2]"
2025-10-20 10:58:58,Motion_Completed,"[-0.0, 160.0, 0.0]","[-160.0, -0.0, -0.0]","[-160.0, 0.0, 0.0]","[2, 2]"
2025-10-20 10:58:58,Motion_Completed,"[-0.0, 160.0, 0.0]","[-160.0, -0.0, -0.0]","[-160.0, 0.0, 0.0]","[2, 2]"
2025-10-20 10:58:58,Motion_Completed,"[-0.0, 160.0, 0.0]","[-160.0, -0.0, -0.0]","[-160.0, 0.0, 0.0]","[2, 2]"
2025-10-20 10:58:58,Motion_Completed,"[-0.0, 160.0, 0.0]","[-160.0, -0.0, -0.0]","[-160.0, 0.0, 0.0]","[2, 2]"
2025-10-20 10:58:58,Motion_Completed,"[-0.0, 160.0, 0.0]","[-160.0, -0.0, -0.0]","[-160.0, 0.0, 0.0]","[2, 2]"
2025-10-20 10:58:58,Motion_Completed,"[-0.0, 160.0, 0.0]","[-160.0, -0.0, -0.0]","[-160.0, 0.0, 0.0]","[2, 2]"
2025-10-20 10:58:58,Motion_Completed,"[-0.0, 160.0, 0.0]","[-160.0, -0.0, -0.0]","[-160.0, 0.0, 0.0]","[2, 2]"
2025-10-20 10:58:58,Motion_Completed,"[-0.0, 160.0, 0.0]","[-160.0, -0.0, -0.0]","[-160.0, 0.0, 0.0]","[2, 2]"
2025-10-20 10:58:58,Motion_Completed,"[-0.0, 160.0, 0.0]","[-160.0, -0.0, -0.0]","[-160.0, 0.0, 0.0]","[2, 2]"
2025-10-20 10:58:58,Motion_Completed,"[-0.0, 160.0, 0.0]","[-160.0, -0.0, -0.0]","[-160.0, 0.0, 0.0]","[2, 2]"
2025-10-20 10:58:58,Motion_Completed,"[-0.0, 160.0, 0.0]","[-160.0, -0.0, -0.0]","[-160.0, 0.0, 0.0]","[2, 2]"
2025-10-20 10:58:58,Motion_Completed,"[-0.0, 160.0, 0.0]","[-160.0, -0.0, -0.0]","[-160.0, 0.0, 0.0]","[2, 2]"
2025-10-20 10:58:58,Motion_Completed,"[-0.0, 160.0, 0.0]","[-160.0, -0.0, -0.0]","[-160.0, 0.0, 0.0]","[2, 2]"
2025-10-20 10:58:58,Motion_Completed,"[-0.0, 160.0, 0.0]","[-160.0, -0.0, -0.0]","[-160.0, 0.0, 0.0]","[2, 2]"
2025-10-20 10:58:58,Motion_Completed,"[-0.0, 160.0, 0.0]","[-160.0, -0.0, -0.0]","[-160.0, 0.0, 0.0]","[2, 2]"
2025-10-20 10:58:58,Motion_Completed,"[-0.0, 160.0, 0.0]","[-160.0, -0.0, -0.0]","[-160.0, 0.0, 0.0]","[2, 2]"
2025-10-20 10:58:58,Motion_Completed,"[-0.0, 160.0, 0.0]","[-160.0, -0.0, -0.0]","[-160.0, 0.0, 0.0]","[2, 2]"
2025-10-20 10:58:58,Motion_Completed,"[-0.0, 160.0, 0.0]","[-160.0, -0.0, -0.0]","[-160.0, 0.0, 0.0]","[2, 2]"
2025-10-20 10:58:58,Motion_Completed,"[-0.0, 160.0, 0.0]","[-160.0, -0.0, -0.0]","[-160.0, 0.0, 0.0]","[2, 2]"
2025-10-20 10:58:58,Motion_Completed,"[-0.0, 160.0, 0.0]","[-160.0, -0.0, -0.0]","[-160.0, 0.0, 0.0]","[2, 2]"
2025-10-20 10:58:58,Motion_Completed,"[-0.0, 160.0, 0.0]","[-160.0, -0.0, -0.0]","[-160.0, 0.0, 0.0]","[2, 2]"
2025-10-20 10:58:58,Motion_Completed,"[-0.0, 160.0, 0.0]","[-160.0, -0.0, -0.0]","[-160.0, 0.0, 0.0]","[2, 2]"
2025-10-20 10:58:59,Motion_Completed,"[-0.0, 160.0, 0.0]","[-160.0, -0.0, -0.0]","[-160.0, 0.0, 0.0]","[2, 2]"
2025-10-20 10:58:59,Motion_Completed,"[-0.0, 160.0, 0.0]","[-160.0, -0.0, -0.0]","[-160.0, 0.0, 0.0]","[2, 2]"
2025-10-20 10:58:59,Motion_Completed,"[-0.0, 160.0, 0.0]","[-160.0, -0.0, -0.0]","[-160.0, 0.0, 0.0]","[2, 2]"
2025-10-20 10:58:59,Motion_Completed,"[-0.0, 160.0, 0.0]","[-160.0, -0.0, -0.0]","[-160.0, 0.0, 0.0]","[2, 2]"
2025-10-20 10:58:59,Motion_Completed,"[-0.0, 160.0, 0.0]","[-160.0, -0.0, -0.0]","[-160.0, 0.0, 0.0]","[2, 2]"
2025-10-20 10:58:59,Motion_Completed,"[-0.0, 160.0, 0.0]","[-160.0, -0.0, -0.0]","[-160.0, 0.0, 0.0]","[2, 2]"
2025-10-20 10:58:59,Motion_Completed,"[-0.0, 160.0, 0.0]","[-160.0, -0.0, -0.0]","[-160.0, 0.0, 0.0]","[2, 2]"
2025-10-20 10:58:59,Motion_Completed,"[-0.0, 160.0, 0.0]","[-160.0, -0.0, -0.0]","[-160.0, 0.0, 0.0]","[2, 2]"
2025-10-20 10:58:59,Motion_Completed,"[-0.0, 160.0, 0.0]","[-160.0, -0.0, -0.0]","[-160.0, 0.0, 0.0]","[2, 2]"
2025-10-20 10:58:59,Motion_Completed,"[-0.0, 160.0, 0.0]","[-160.0, -0.0, -0.0]","[-160.0, 0.0, 0.0]","[2, 2]"
2025-10-20 10:58:59,Motion_Completed,"[-0.0, 160.0, 0.0]","[-160.0, -0.0, -0.0]","[-160.0, 0.0, 0.0]","[2, 2]"
2025-10-20 10:58:59,Motion_Completed,"[-0.0, 160.0, 0.0]","[-160.0, -0.0, -0.0]","[-160.0, 0.0, 0.0]","[2, 2]"
2025-10-20 10:58:59,Motion_Completed,"[-0.0, 160.0, 0.0]","[-160.0, -0.0, -0.0]","[-160.0, 0.0, 0.0]","[2, 2]"
2025-10-20 10:58:59,Motion_Completed,"[-0.0, 160.0, 0.0]","[-160.0, -0.0, -0.0]","[-160.0, 0.0, 0.0]","[2, 2]"
2025-10-20 10:58:59,Motion_Completed,"[-0.0, 160.0, 0.0]","[-160.0, -0.0, -0.0]","[-160.0, 0.0, 0.0]","[2, 2]"
2025-10-20 10:58:59,Motion_Completed,"[-0.0, 160.0, 0.0]","[-160.0, -0.0, -0.0]","[-160.0, 0.0, 0.0]","[2, 2]"
2025-10-20 10:58:59,Motion_Completed,"[-0.0, 160.0, 0.0]","[-160.0, -0.0, -0.0]","[-160.0, 0.0, 0.0]","[2, 2]"
2025-10-20 10:58:59,Motion_Completed,"[-0.0, 160.0, 0.0]","[-160.0, -0.0, -0.0]","[-160.0, 0.0, 0.0]","[2, 2]"
2025-10-20 10:58:59,Motion_Completed,"[-0.0, 160.0, 0.0]","[-160.0, -0.0, -0.0]","[-160.0, 0.0, 0.0]","[2, 2]"
2025-10-20 10:58:59,Motion_Completed,"[-0.0, 160.0, 0.0]","[-160.0, -0.0, -0.0]","[-160.0, 0.0, 0.0]","[2, 2]"
2025-10-20 10:58:59,Motion_Completed,"[-0.0, 160.0, 0.0]","[-160.0, -0.0, -0.0]","[-160.0, 0.0, 0.0]","[2, 2]"
2025-10-20 10:58:59,Motion_Completed,"[-0.0, 160.0, 0.0]","[-160.0, -0.0, -0.0]","[-160.0, 0.0, 0.0]","[2, 2]"
2025-10-20 10:58:59,Motion_Completed,"[-0.0, 160.0, 0.0]","[-160.0, -0.0, -0.0]","[-160.0, 0.0, 0.0]","[2, 2]"
2025-10-20 10:58:59,Motion_Completed,"[-0.0, 160.0, 0.0]","[-160.0, -0.0, -0.0]","[-160.0, 0.0, 0.0]","[2, 2]"
2025-10-20 10:58:59,Motion_Completed,"[-0.0, 160.0, 0.0]","[-160.0, -0.0, -0.0]","[-160.0, 0.0, 0.0]","[2, 2]"
2025-10-20 10:59:00,Motion_Completed,"[-0.0, 160.0, 0.0]","[-160.0, -0.0, -0.0]","[-160.0, 0.0, 0.0]","[2, 2]"
2025-10-20 10:59:00,Motion_Completed,"[-0.0, 160.0, 0.0]","[-160.0, -0.0, -0.0]","[-160.0, 0.0, 0.0]","[2, 2]"
2025-10-20 10:59:00,Motion_Completed,"[-0.0, 160.0, 0.0]","[-160.0, -0.0, -0.0]","[-160.0, 0.0, 0.0]","[2, 2]"
2025-10-20 10:59:00,Motion_Completed,"[-0.0, 160.0, 0.0]","[-160.0, -0.0, -0.0]","[-160.0, 0.0, 0.0]","[2, 2]"
2025-10-20 10:59:00,Motion_Completed,"[-0.0, 160.0, 0.0]","[-160.0, -0.0, -0.0]","[-160.0, 0.0, 0.0]","[2, 2]"
2025-10-20 10:59:00,Motion_Completed,"[-0.0, 160.0, 0.0]","[-160.0, -0.0, -0.0]","[-160.0, 0.0, 0.0]","[2, 2]"
2025-10-20 10:59:00,Motion_Completed,"[-0.0, 160.0, 0.0]","[-160.0, -0.0, -0.0]","[-160.0, 0.0, 0.0]","[2, 2]"
2025-10-20 10:59:00,Motion_Completed,"[-0.0, 160.0, 0.0]","[-160.0, -0.0, -0.0]","[-160.0, 0.0, 0.0]","[2, 2]"
2025-10-20 10:59:00,Motion_Completed,"[-0.0, 160.0, 0.0]","[-160.0, -0.0, -0.0]","[-160.0, 0.0, 0.0]","[2, 2]"
2025-10-20 10:59:00,Motion_Completed,"[-0.0, 160.0, 0.0]","[-160.0, -0.0, -0.0]","[-160.0, 0.0, 0.0]","[2, 2]"
2025-10-20 10:59:00,Motion_Completed,"[-0.0, 160.0, 0.0]","[-160.0, -0.0, -0.0]","[-160.0, 0.0, 0.0]","[2, 2]"
2025-10-20 10:59:00,Motion_Completed,"[-0.0, 160.0, 0.0]","[-160.0, -0.0, -0.0]","[-160.0, 0.0, 0.0]","[2, 2]"
2025-10-20 10:59:00,Motion_Completed,"[-0.0, 160.0, 0.0]","[-160.0, -0.0, -0.0]","[-160.0, 0.0, 0.0]","[2, 2]"
2025-10-20 10:59:00,Motion_Completed,"[-0.0, 160.0, 0.0]","[-160.0, -0.0, -0.0]","[-160.0, 0.0, 0.0]","[2, 2]"
2025-10-20 10:59:00,Motion_Completed,"[-0.0, 160.0, 0.0]","[-160.0, -0.0, -0.0]","[-160.0, 0.0, 0.0]","[2, 2]"
2025-10-20 10:59:00,Motion_Completed,"[-0.0, 160.0, 0.0]","[-160.0, -0.0, -0.0]","[-160.0, 0.0, 0.0]","[2, 2]"
2025-10-20 10:59:00,Motion_Completed,"[-0.0, 160.0, 0.0]","[-160.0, -0.0, -0.0]","[-160.0, 0.0, 0.0]","[2, 2]"
2025-10-20 10:59:00,Motion_Completed,"[-0.0, 160.0, 0.0]","[-160.0, -0.0, -0.0]","[-160.0, 0.0, 0.0]","[2, 2]"
2025-10-20 10:59:00,Motion_Completed,"[-0.0, 160.0, 0.0]","[-160.0, -0.0, -0.0]","[-160.0, 0.0, 0.0]","[2, 2]"
2025-10-20 10:59:00,Motion_Completed,"[-0.0, 160.0, 0.0]","[-160.0, -0.0, -0.0]","[-160.0, 0.0, 0.0]","[2, 2]"
2025-10-20 10:59:00,Motion_Completed,"[-0.0, 160.0, 0.0]","[-160.0, -0.0, -0.0]","[-160.0, 0.0, 0.0]","[2, 2]"
2025-10-20 10:59:00,Motion_Completed,"[-0.0, 160.0, 0.0]","[-160.0, -0.0, -0.0]","[-160.0, 0.0, 0.0]","[2, 2]"
2025-10-20 10:59:00,Motion_Completed,"[-0.0, 160.0, 0.0]","[-160.0, -0.0, -0.0]","[-160.0, 0.0, 0.0]","[2, 2]"
2025-10-20 10:59:00,Motion_Completed,"[-0.0, 160.0, 0.0]","[-160.0, -0.0, -0.0]","[-160.0, 0.0, 0.0]","[2, 2]"
2025-10-20 10:59:00,Motion_Completed,"[-0.0, 160.0, 0.0]","[-160.0, -0.0, -0.0]","[-160.0, 0.0, 0.0]","[2, 2]"
2025-10-20 10:59:01,Motion_Completed,"[-0.0, 160.0, 0.0]","[-160.0, -0.0, -0.0]","[-160.0, 0.0, 0.0]","[2, 2]"
2025-10-20 10:59:01,Motion_Completed,"[-0.0, 160.0, 0.0]","[-160.0, -0.0, -0.0]","[-160.0, 0.0, 0.0]","[2, 2]"
2025-10-20 10:59:01,Motion_Completed,"[-0.0, 160.0, 0.0]","[-160.0, -0.0, -0.0]","[-160.0, 0.0, 0.0]","[2, 2]"
2025-10-20 10:59:01,Motion_Completed,"[-0.0, 160.0, 0.0]","[-160.0, -0.0, -0.0]","[-160.0, 0.0, 0.0]","[2, 2]"
2025-10-20 10:59:01,Motion_Completed,"[-0.0, 160.0, 0.0]","[-160.0, -0.0, -0.0]","[-160.0, 0.0, 0.0]","[2, 2]"
2025-10-20 10:59:01,Motion_Completed,"[-0.0, 160.0, 0.0]","[-160.0, -0.0, -0.0]","[-160.0, 0.0, 0.0]","[2, 2]"
2025-10-20 10:59:01,Motion_Completed,"[-0.0, 160.0, 0.0]","[-160.0, -0.0, -0.0]","[-160.0, 0.0, 0.0]","[2, 2]"
2025-10-20 10:59:01,Motion_Completed,"[-0.0, 160.0, 0.0]","[-160.0, -0.0, -0.0]","[-160.0, 0.0, 0.0]","[2, 2]"
2025-10-20 10:59:01,Motion_Completed,"[-0.0, 160.0, 0.0]","[-160.0, -0.0, -0.0]","[-160.0, 0.0, 0.0]","[2, 2]"
2025-10-20 10:59:01,Motion_Completed,"[-0.0, 160.0, 0.0]","[-160.0, -0.0, -0.0]","[-160.0, 0.0, 0.0]","[2, 2]"
2025-10-20 10:59:01,Motion_Completed,"[-0.0, 160.0, 0.0]","[-160.0, -0.0, -0.0]","[-160.0, 0.0, 0.0]","[2, 2]"
2025-10-20 10:59:01,Motion_Completed,"[-0.0, 160.0, 0.0]","[-160.0, -0.0, -0.0]","[-160.0, 0.0, 0.0]","[2, 2]"
2025-10-20 10:59:01,Motion_Completed,"[-0.0, 160.0, 0.0]","[-160.0, -0.0, -0.0]","[-160.0, 0.0, 0.0]","[2, 2]"
2025-10-20 10:59:01,Motion_Completed,"[-0.0, 160.0, 0.0]","[-160.0, -0.0, -0.0]","[-160.0, 0.0, 0.0]","[2, 2]"
2025-10-20 10:59:01,Motion_Completed,"[-0.0, 160.0, 0.0]","[-160.0, -0.0, -0.0]","[-160.0, 0.0, 0.0]","[2, 2]"
2025-10-20 10:59:01,Motion_Completed,"[-0.0, 160.0, 0.0]","[-160.0, -0.0, -0.0]","[-160.0, 0.0, 0.0]","[2, 2]"
2025-10-20 10:59:01,Motion_Completed,"[-0.0, 160.0, 0.0]","[-160.0, -0.0, -0.0]","[-160.0, 0.0, 0.0]","[2, 2]"
2025-10-20 10:59:01,Motion_Completed,"[-0.0, 160.0, 0.0]","[-160.0, -0.0, -0.0]","[-160.0, 0.0, 0.0]","[2, 2]"
2025-10-20 10:59:01,Motion_Completed,"[-0.0, 160.0, 0.0]","[-160.0, -0.0, -0.0]","[-160.0, 0.0, 0.0]","[2, 2]"
2025-10-20 10:59:01,Motion_Completed,"[-0.0, 160.0, 0.0]","[-160.0, -0.0, -0.0]","[-160.0, 0.0, 0.0]","[2, 2]"
2025-10-20 10:59:01,Motion_Completed,"[-0.0, 160.0, 0.0]","[-160.0, -0.0, -0.0]","[-160.0, 0.0, 0.0]","[2, 2]"
2025-10-20 10:59:01,Motion_Completed,"[-0.0, 160.0, 0.0]","[-160.0, -0.0, -0.0]","[-160.0, 0.0, 0.0]","[2, 2]"
2025-10-20 10:59:01,Motion_Completed,"[-0.0, 160.0, 0.0]","[-160.0, -0.0, -0.0]","[-160.0, 0.0, 0.0]","[2, 2]"
2025-10-20 10:59:01,Motion_Completed,"[-0.0, 160.0, 0.0]","[-160.0, -0.0, -0.0]","[-160.0, 0.0, 0.0]","[2, 2]"
2025-10-20 10:59:01,Motion_Completed,"[-0.0, 160.0, 0.0]","[-160.0, -0.0, -0.0]","[-160.0, 0.0, 0.0]","[2, 2]"
2025-10-20 10:59:02,Motion_Completed,"[-0.0, 160.0, 0.0]","[-160.0, -0.0, -0.0]","[-160.0, 0.0, 0.0]","[2, 2]"
2025-10-20 10:59:02,Motion_Completed,"[-0.0, 160.0, 0.0]","[-160.0, -0.0, -0.0]","[-160.0, 0.0, 0.0]","[2, 2]"
2025-10-20 10:59:02,Motion_Completed,"[-0.0, 160.0, 0.0]","[-160.0, -0.0, -0.0]","[-160.0, 0.0, 0.0]","[2, 2]"
2025-10-20 10:59:02,Motion_Completed,"[-0.0, 160.0, 0.0]","[-160.0, -0.0, -0.0]","[-160.0, 0.0, 0.0]","[2, 2]"
2025-10-20 10:59:02,Motion_Completed,"[-0.0, 160.0, 0.0]","[-160.0, -0.0, -0.0]","[-160.0, 0.0, 0.0]","[2, 2]"
2025-10-20 10:59:02,Motion_Completed,"[-0.0, 160.0, 0.0]","[-160.0, -0.0, -0.0]","[-160.0, 0.0, 0.0]","[2, 2]"
2025-10-20 10:59:02,Motion_Completed,"[-0.0, 160.0, 0.0]","[-160.0, -0.0, -0.0]","[-160.0, 0.0, 0.0]","[2, 2]"
2025-10-20 10:59:02,Motion_Completed,"[-0.0, 160.0, 0.0]","[-160.0, -0.0, -0.0]","[-160.0, 0.0, 0.0]","[2, 2]"
2025-10-20 10:59:02,Motion_Completed,"[-0.0, 160.0, 0.0]","[-160.0, -0.0, -0.0]","[-160.0, 0.0, 0.0]","[2, 2]"
2025-10-20 10:59:02,Motion_Completed,"[-0.0, 160.0, 0.0]","[-160.0, -0.0, -0.0]","[-160.0, 0.0, 0.0]","[2, 2]"
2025-10-20 10:59:02,Motion_Completed,"[-0.0, 160.0, 0.0]","[-160.0, -0.0, -0.0]","[-160.0, 0.0, 0.0]","[2, 2]"
2025-10-20 10:59:02,Motion_Completed,"[-0.0, 160.0, 0.0]","[-160.0, -0.0, -0.0]","[-160.0, 0.0, 0.0]","[2, 2]"
2025-10-20 10:59:02,Motion_Completed,"[-0.0, 160.0, 0.0]","[-160.0, -0.0, -0.0]","[-160.0, 0.0, 0.0]","[2, 2]"
2025-10-20 10:59:02,2,"[-0.0, 160.0, 0.0]",[ 0. 10.  0.],"[-160.0, 0.0, 0.0]","[2, 2]"
2025-10-20 10:59:02,Limit_Judge_Triggered,"[-0.0, 160.0, 0.0]","[160.0, -170.0]","[-160.0, 0.0, 0.0]","[2, 2]"
2025-10-20 10:59:02,Limit_Judge_Triggered,"[-0.0, 160.0, 0.0]","[160.0, -170.0]","[-160.0, 0.0, 0.0]","[2, 2]"
2025-10-20 10:59:02,Limit_Judge_Triggered,"[-0.0, 160.0, 0.0]","[160.0, -170.0]","[-160.0, 0.0, 0.0]","[2, 2]"
2025-10-20 10:59:02,Limit_Judge_Triggered,"[-0.0, 160.0, 0.0]","[160.0, -170.0]","[-160.0, 0.0, 0.0]","[2, 2]"
2025-10-20 10:59:02,Limit_Judge_Triggered,"[-0.0, 160.0, 0.0]","[160.0, -170.0]","[-160.0, 0.0, 0.0]","[2, 2]"
2025-10-20 10:59:02,Limit_Judge_Triggered,"[-0.0, 160.0, 0.0]","[160.0, -170.0]","[-160.0, 0.0, 0.0]","[2, 2]"
2025-10-20 10:59:02,Limit_Judge_Triggered,"[-0.0, 160.0, 0.0]","[160.0, -170.0]","[-160.0, 0.0, 0.0]","[2, 2]"
2025-10-20 10:59:02,Limit_Judge_Triggered,"[-0.0, 160.0, 0.0]","[160.0, -170.0]","[-160.0, 0.0, 0.0]","[2, 2]"
2025-10-20 10:59:02,Limit_Judge_Triggered,"[-0.0, 160.0, 0.0]","[160.0, -170.0]","[-160.0, 0.0, 0.0]","[2, 2]"
2025-10-20 10:59:02,Limit_Judge_Triggered,"[-0.0, 160.0, 0.0]","[160.0, -170.0]","[-160.0, 0.0, 0.0]","[2, 2]"
2025-10-20 10:59:02,Limit_Judge_Triggered,"[-0.0, 160.0, 0.0]","[160.0, -170.0]","[-160.0, 0.0, 0.0]","[2, 2]"
2025-10-20 10:59:02,Limit_Judge_Triggered,"[-0.0, 160.0, 0.0]","[160.0, -170.0]","[-160.0, 0.0, 0.0]","[2, 2]"
2025-10-20 10:59:03,Limit_Judge_Triggered,"[-0.0, 160.0, 0.0]","[160.0, -170.0]","[-160.0, 0.0, 0.0]","[2, 2]"
2025-10-20 10:59:03,Limit_Judge_Triggered,"[-0.0, 160.0, 0.0]","[160.0, -170.0]","[-160.0, 0.0, 0.0]","[2, 2]"
2025-10-20 10:59:03,Limit_Judge_Triggered,"[-0.0, 160.0, 0.0]","[160.0, -170.0]","[-160.0, 0.0, 0.0]","[2, 2]"
2025-10-20 10:59:03,Limit_Judge_Triggered,"[-0.0, 160.0, 0.0]","[160.0, -170.0]","[-160.0, 0.0, 0.0]","[2, 2]"
2025-10-20 10:59:03,Limit_Judge_Triggered,"[-0.0, 160.0, 0.0]","[160.0, -170.0]","[-160.0, 0.0, 0.0]","[2, 2]"
2025-10-20 10:59:03,Limit_Judge_Triggered,"[-0.0, 160.0, 0.0]","[160.0, -170.0]","[-160.0, 0.0, 0.0]","[2, 2]"
2025-10-20 10:59:03,Limit_Judge_Triggered,"[-0.0, 160.0, 0.0]","[160.0, -170.0]","[-160.0, 0.0, 0.0]","[2, 2]"
2025-10-20 10:59:03,Limit_Judge_Triggered,"[-0.0, 160.0, 0.0]","[160.0, -170.0]","[-160.0, 0.0, 0.0]","[2, 2]"
2025-10-20 10:59:03,Limit_Judge_Triggered,"[-0.0, 160.0, 0.0]","[160.0, -170.0]","[-160.0, 0.0, 0.0]","[2, 2]"
2025-10-20 10:59:03,Limit_Judge_Triggered,"[-0.0, 160.0, 0.0]","[160.0, -170.0]","[-160.0, 0.0, 0.0]","[2, 2]"
2025-10-20 10:59:03,Limit_Judge_Triggered,"[-0.0, 160.0, 0.0]","[160.0, -170.0]","[-160.0, 0.0, 0.0]","[2, 2]"
2025-10-20 10:59:03,Limit_Judge_Triggered,"[-0.0, 160.0, 0.0]","[160.0, -170.0]","[-160.0, 0.0, 0.0]","[2, 2]"
2025-10-20 10:59:03,Limit_Judge_Triggered,"[-0.0, 160.0, 0.0]","[160.0, -170.0]","[-160.0, 0.0, 0.0]","[2, 2]"
2025-10-20 10:59:03,Limit_Judge_Triggered,"[-0.0, 160.0, 0.0]","[160.0, -170.0]","[-160.0, 0.0, 0.0]","[2, 2]"
2025-10-20 10:59:03,Limit_Judge_Triggered,"[-0.0, 160.0, 0.0]","[160.0, -170.0]","[-160.0, 0.0, 0.0]","[2, 2]"
2025-10-20 10:59:03,Limit_Judge_Triggered,"[-0.0, 160.0, 0.0]","[160.0, -170.0]","[-160.0, 0.0, 0.0]","[2, 2]"
2025-10-20 10:59:03,Limit_Judge_Triggered,"[-0.0, 160.0, 0.0]","[160.0, -170.0]","[-160.0, 0.0, 0.0]","[2, 2]"
2025-10-20 10:59:03,Limit_Judge_Triggered,"[-0.0, 160.0, 0.0]","[160.0, -170.0]","[-160.0, 0.0, 0.0]","[2, 2]"
2025-10-20 10:59:03,Limit_Judge_Triggered,"[-0.0, 160.0, 0.0]","[160.0, -170.0]","[-160.0, 0.0, 0.0]","[2, 2]"
2025-10-20 10:59:03,Limit_Judge_Triggered,"[-0.0, 160.0, 0.0]","[160.0, -170.0]","[-160.0, 0.0, 0.0]","[2, 2]"
2025-10-20 10:59:03,Limit_Judge_Triggered,"[-0.0, 160.0, 0.0]","[160.0, -170.0]","[-160.0, 0.0, 0.0]","[2, 2]"
2025-10-20 10:59:03,Limit_Judge_Triggered,"[-0.0, 160.0, 0.0]","[160.0, -170.0]","[-160.0, 0.0, 0.0]","[2, 2]"
2025-10-20 10:59:03,Limit_Judge_Triggered,"[-0.0, 160.0, 0.0]","[160.0, -170.0]","[-160.0, 0.0, 0.0]","[2, 2]"
2025-10-20 10:59:03,Limit_Judge_Triggered,"[-0.0, 160.0, 0.0]","[160.0, -170.0]","[-160.0, 0.0, 0.0]","[2, 2]"
2025-10-20 10:59:03,Limit_Judge_Triggered,"[-0.0, 160.0, 0.0]","[160.0, -170.0]","[-160.0, 0.0, 0.0]","[2, 2]"
2025-10-20 10:59:04,Limit_Judge_Triggered,"[-0.0, 160.0, 0.0]","[160.0, -170.0]","[-160.0, 0.0, 0.0]","[2, 2]"
2025-10-20 10:59:04,Limit_Judge_Triggered,"[-0.0, 160.0, 0.0]","[160.0, -170.0]","[-160.0, 0.0, 0.0]","[2, 2]"
2025-10-20 10:59:04,Limit_Judge_Triggered,"[-0.0, 160.0, 0.0]","[160.0, -170.0]","[-160.0, 0.0, 0.0]","[2, 2]"
2025-10-20 10:59:04,Limit_Judge_Triggered,"[-0.0, 160.0, 0.0]","[160.0, -170.0]","[-160.0, 0.0, 0.0]","[2, 2]"
2025-10-20 10:59:04,Limit_Judge_Triggered,"[-0.0, 160.0, 0.0]","[160.0, -170.0]","[-160.0, 0.0, 0.0]","[2, 2]"
2025-10-20 10:59:04,Limit_Judge_Triggered,"[-0.0, 160.0, 0.0]","[160.0, -170.0]","[-160.0, 0.0, 0.0]","[2, 2]"
2025-10-20 10:59:04,Limit_Judge_Triggered,"[-0.0, 160.0, 0.0]","[160.0, -170.0]","[-160.0, 0.0, 0.0]","[2, 2]"
2025-10-20 10:59:04,Limit_Judge_Triggered,"[-0.0, 160.0, 0.0]","[160.0, -170.0]","[-160.0, 0.0, 0.0]","[2, 2]"
2025-10-20 10:59:04,Limit_Judge_Triggered,"[-0.0, 160.0, 0.0]","[160.0, -170.0]","[-160.0, 0.0, 0.0]","[2, 2]"
2025-10-20 10:59:04,Limit_Judge_Triggered,"[-0.0, 160.0, 0.0]","[160.0, -170.0]","[-160.0, 0.0, 0.0]","[2, 2]"
2025-10-20 10:59:04,Limit_Judge_Triggered,"[-0.0, 160.0, 0.0]","[160.0, -170.0]","[-160.0, 0.0, 0.0]","[2, 2]"
2025-10-20 10:59:04,Limit_Judge_Triggered,"[-0.0, 160.0, 0.0]","[160.0, -170.0]","[-160.0, 0.0, 0.0]","[2, 2]"
2025-10-20 10:59:04,Limit_Judge_Triggered,"[-0.0, 160.0, 0.0]","[160.0, -170.0]","[-160.0, 0.0, 0.0]","[2, 2]"
2025-10-20 10:59:04,Limit_Judge_Triggered,"[-0.0, 160.0, 0.0]","[160.0, -170.0]","[-160.0, 0.0, 0.0]","[2, 2]"
2025-10-20 10:59:04,Limit_Judge_Triggered,"[-0.0, 160.0, 0.0]","[160.0, -170.0]","[-160.0, 0.0, 0.0]","[2, 2]"
2025-10-20 10:59:04,Limit_Judge_Triggered,"[-0.0, 160.0, 0.0]","[160.0, -170.0]","[-160.0, 0.0, 0.0]","[2, 2]"
2025-10-20 10:59:04,Limit_Judge_Triggered,"[-0.0, 160.0, 0.0]","[160.0, -170.0]","[-160.0, 0.0, 0.0]","[2, 2]"
2025-10-20 10:59:04,Limit_Judge_Triggered,"[-0.0, 160.0, 0.0]","[160.0, -170.0]","[-160.0, 0.0, 0.0]","[2, 2]"
2025-10-20 10:59:04,Limit_Judge_Triggered,"[-0.0, 160.0, 0.0]","[160.0, -170.0]","[-160.0, 0.0, 0.0]","[2, 2]"
2025-10-20 10:59:04,Limit_Judge_Triggered,"[-0.0, 160.0, 0.0]","[160.0, -170.0]","[-160.0, 0.0, 0.0]","[2, 2]"
2025-10-20 10:59:04,Limit_Judge_Triggered,"[-0.0, 160.0, 0.0]","[160.0, -170.0]","[-160.0, 0.0, 0.0]","[2, 2]"
2025-10-20 10:59:04,Limit_Judge_Triggered,"[-0.0, 160.0, 0.0]","[160.0, -170.0]","[-160.0, 0.0, 0.0]","[2, 2]"
2025-10-20 10:59:04,Limit_Judge_Triggered,"[-0.0, 160.0, 0.0]","[160.0, -170.0]","[-160.0, 0.0, 0.0]","[2, 2]"
2025-10-20 10:59:04,Limit_Judge_Triggered,"[-0.0, 160.0, 0.0]","[160.0, -170.0]","[-160.0, 0.0, 0.0]","[2, 2]"
2025-10-20 10:59:04,Limit_Judge_Triggered,"[-0.0, 160.0, 0.0]","[160.0, -170.0]","[-160.0, 0.0, 0.0]","[2, 2]"
2025-10-20 10:59:05,Limit_Judge_Triggered,"[-0.0, 160.0, 0.0]","[160.0, -170.0]","[-160.0, 0.0, 0.0]","[2, 2]"
2025-10-20 10:59:05,Limit_Judge_Triggered,"[-0.0, 160.0, 0.0]","[160.0, -170.0]","[-160.0, 0.0, 0.0]","[2, 2]"
2025-10-20 10:59:05,Limit_Judge_Triggered,"[-0.0, 160.0, 0.0]","[160.0, -170.0]","[-160.0, 0.0, 0.0]","[2, 2]"
2025-10-20 10:59:05,Limit_Judge_Triggered,"[-0.0, 160.0, 0.0]","[160.0, -170.0]","[-160.0, 0.0, 0.0]","[2, 2]"
2025-10-20 10:59:05,Limit_Judge_Triggered,"[-0.0, 160.0, 0.0]","[160.0, -170.0]","[-160.0, 0.0, 0.0]","[2, 2]"
2025-10-20 10:59:05,Limit_Judge_Triggered,"[-0.0, 160.0, 0.0]","[160.0, -170.0]","[-160.0, 0.0, 0.0]","[2, 2]"
2025-10-20 10:59:05,Limit_Judge_Triggered,"[-0.0, 160.0, 0.0]","[160.0, -170.0]","[-160.0, 0.0, 0.0]","[2, 2]"
2025-10-20 10:59:05,Limit_Judge_Triggered,"[-0.0, 160.0, 0.0]","[160.0, -170.0]","[-160.0, 0.0, 0.0]","[2, 2]"
2025-10-20 10:59:05,Limit_Judge_Triggered,"[-0.0, 160.0, 0.0]","[160.0, -170.0]","[-160.0, 0.0, 0.0]","[2, 2]"
2025-10-20 10:59:05,Limit_Judge_Triggered,"[-0.0, 160.0, 0.0]","[160.0, -170.0]","[-160.0, 0.0, 0.0]","[2, 2]"
2025-10-20 10:59:05,Limit_Judge_Triggered,"[-0.0, 160.0, 0.0]","[160.0, -170.0]","[-160.0, 0.0, 0.0]","[2, 2]"
2025-10-20 10:59:05,Limit_Judge_Triggered,"[-0.0, 160.0, 0.0]","[160.0, -170.0]","[-160.0, 0.0, 0.0]","[2, 2]"
2025-10-20 10:59:05,Limit_Judge_Triggered,"[-0.0, 160.0, 0.0]","[160.0, -170.0]","[-160.0, 0.0, 0.0]","[2, 2]"
2025-10-20 10:59:05,Limit_Judge_Triggered,"[-0.0, 160.0, 0.0]","[160.0, -170.0]","[-160.0, 0.0, 0.0]","[2, 2]"
2025-10-20 10:59:05,Limit_Judge_Triggered,"[-0.0, 160.0, 0.0]","[160.0, -170.0]","[-160.0, 0.0, 0.0]","[2, 2]"
2025-10-20 10:59:05,Limit_Judge_Triggered,"[-0.0, 160.0, 0.0]","[160.0, -170.0]","[-160.0, 0.0, 0.0]","[2, 2]"
2025-10-20 10:59:05,Limit_Judge_Triggered,"[-0.0, 160.0, 0.0]","[160.0, -170.0]","[-160.0, 0.0, 0.0]","[2, 2]"
2025-10-20 10:59:05,Limit_Judge_Triggered,"[-0.0, 160.0, 0.0]","[160.0, -170.0]","[-160.0, 0.0, 0.0]","[2, 2]"
2025-10-20 10:59:05,Limit_Judge_Triggered,"[-0.0, 160.0, 0.0]","[160.0, -170.0]","[-160.0, 0.0, 0.0]","[2, 2]"
2025-10-20 10:59:05,Limit_Judge_Triggered,"[-0.0, 160.0, 0.0]","[160.0, -170.0]","[-160.0, 0.0, 0.0]","[2, 2]"
2025-10-20 10:59:05,Limit_Judge_Triggered,"[-0.0, 160.0, 0.0]","[160.0, -170.0]","[-160.0, 0.0, 0.0]","[2, 2]"
2025-10-20 10:59:05,Limit_Judge_Triggered,"[-0.0, 160.0, 0.0]","[160.0, -170.0]","[-160.0, 0.0, 0.0]","[2, 2]"
2025-10-20 10:59:05,Limit_Judge_Triggered,"[-0.0, 160.0, 0.0]","[160.0, -170.0]","[-160.0, 0.0, 0.0]","[2, 2]"
2025-10-20 10:59:05,Limit_Judge_Triggered,"[-0.0, 160.0, 0.0]","[160.0, -170.0]","[-160.0, 0.0, 0.0]","[2, 2]"
2025-10-20 10:59:05,Limit_Judge_Triggered,"[-0.0, 160.0, 0.0]","[160.0, -170.0]","[-160.0, 0.0, 0.0]","[2, 2]"
2025-10-20 10:59:06,Limit_Judge_Triggered,"[-0.0, 160.0, 0.0]","[160.0, -170.0]","[-160.0, 0.0, 0.0]","[2, 2]"
2025-10-20 10:59:06,Limit_Judge_Triggered,"[-0.0, 160.0, 0.0]","[160.0, -170.0]","[-160.0, 0.0, 0.0]","[2, 2]"
2025-10-20 10:59:06,Limit_Judge_Triggered,"[-0.0, 160.0, 0.0]","[160.0, -170.0]","[-160.0, 0.0, 0.0]","[2, 2]"
2025-10-20 10:59:06,Limit_Judge_Triggered,"[-0.0, 160.0, 0.0]","[160.0, -170.0]","[-160.0, 0.0, 0.0]","[2, 2]"
2025-10-20 10:59:06,Limit_Judge_Triggered,"[-0.0, 160.0, 0.0]","[160.0, -170.0]","[-160.0, 0.0, 0.0]","[2, 2]"
2025-10-20 10:59:06,Limit_Judge_Triggered,"[-0.0, 160.0, 0.0]","[160.0, -170.0]","[-160.0, 0.0, 0.0]","[2, 2]"
2025-10-20 10:59:06,Limit_Judge_Triggered,"[-0.0, 160.0, 0.0]","[160.0, -170.0]","[-160.0, 0.0, 0.0]","[2, 2]"
2025-10-20 10:59:06,Limit_Judge_Triggered,"[-0.0, 160.0, 0.0]","[160.0, -170.0]","[-160.0, 0.0, 0.0]","[2, 2]"
2025-10-20 10:59:06,Limit_Judge_Triggered,"[-0.0, 160.0, 0.0]","[160.0, -170.0]","[-160.0, 0.0, 0.0]","[2, 2]"
2025-10-20 10:59:06,Limit_Judge_Triggered,"[-0.0, 160.0, 0.0]","[160.0, -170.0]","[-160.0, 0.0, 0.0]","[2, 2]"
2025-10-20 10:59:06,Limit_Judge_Triggered,"[-0.0, 160.0, 0.0]","[160.0, -170.0]","[-160.0, 0.0, 0.0]","[2, 2]"
2025-10-20 10:59:06,Limit_Judge_Triggered,"[-0.0, 160.0, 0.0]","[160.0, -170.0]","[-160.0, 0.0, 0.0]","[2, 2]"
2025-10-20 10:59:06,Limit_Judge_Triggered,"[-0.0, 160.0, 0.0]","[160.0, -170.0]","[-160.0, 0.0, 0.0]","[2, 2]"
2025-10-20 10:59:06,Limit_Judge_Triggered,"[-0.0, 160.0, 0.0]","[160.0, -170.0]","[-160.0, 0.0, 0.0]","[2, 2]"
2025-10-20 10:59:06,Limit_Judge_Triggered,"[-0.0, 160.0, 0.0]","[160.0, -170.0]","[-160.0, 0.0, 0.0]","[2, 2]"
2025-10-20 10:59:06,Limit_Judge_Triggered,"[-0.0, 160.0, 0.0]","[160.0, -170.0]","[-160.0, 0.0, 0.0]","[2, 2]"
2025-10-20 10:59:06,Limit_Judge_Triggered,"[-0.0, 160.0, 0.0]","[160.0, -170.0]","[-160.0, 0.0, 0.0]","[2, 2]"
2025-10-20 10:59:06,Limit_Judge_Triggered,"[-0.0, 160.0, 0.0]","[160.0, -170.0]","[-160.0, 0.0, 0.0]","[2, 2]"
2025-10-20 10:59:06,Limit_Judge_Triggered,"[-0.0, 160.0, 0.0]","[160.0, -170.0]","[-160.0, 0.0, 0.0]","[2, 2]"
2025-10-20 10:59:06,Limit_Judge_Triggered,"[-0.0, 160.0, 0.0]","[160.0, -170.0]","[-160.0, 0.0, 0.0]","[2, 2]"
2025-10-20 10:59:06,Limit_Judge_Triggered,"[-0.0, 160.0, 0.0]","[160.0, -170.0]","[-160.0, 0.0, 0.0]","[2, 2]"
2025-10-20 10:59:06,Limit_Judge_Triggered,"[-0.0, 160.0, 0.0]","[160.0, -170.0]","[-160.0, 0.0, 0.0]","[2, 2]"
2025-10-20 10:59:06,Limit_Judge_Triggered,"[-0.0, 160.0, 0.0]","[160.0, -170.0]","[-160.0, 0.0, 0.0]","[2, 2]"
2025-10-20 10:59:06,Limit_Judge_Triggered,"[-0.0, 160.0, 0.0]","[160.0, -170.0]","[-160.0, 0.0, 0.0]","[2, 2]"
2025-10-20 10:59:06,Limit_Judge_Triggered,"[-0.0, 160.0, 0.0]","[160.0, -170.0]","[-160.0, 0.0, 0.0]","[2, 2]"
2025-10-20 10:59:07,Limit_Judge_Triggered,"[-0.0, 160.0, 0.0]","[160.0, -170.0]","[-160.0, 0.0, 0.0]","[2, 2]"
2025-10-20 10:59:07,Limit_Judge_Triggered,"[-0.0, 160.0, 0.0]","[160.0, -170.0]","[-160.0, 0.0, 0.0]","[2, 2]"
2025-10-20 10:59:07,Limit_Judge_Triggered,"[-0.0, 160.0, 0.0]","[160.0, -170.0]","[-160.0, 0.0, 0.0]","[2, 2]"
2025-10-20 10:59:07,Limit_Judge_Triggered,"[-0.0, 160.0, 0.0]","[160.0, -170.0]","[-160.0, 0.0, 0.0]","[2, 2]"
2025-10-20 10:59:07,Limit_Judge_Triggered,"[-0.0, 160.0, 0.0]","[160.0, -170.0]","[-160.0, 0.0, 0.0]","[2, 2]"
2025-10-20 10:59:07,Limit_Judge_Triggered,"[-0.0, 160.0, 0.0]","[160.0, -170.0]","[-160.0, 0.0, 0.0]","[2, 2]"
2025-10-20 10:59:07,Limit_Judge_Triggered,"[-0.0, 160.0, 0.0]","[160.0, -170.0]","[-160.0, 0.0, 0.0]","[2, 2]"
2025-10-20 10:59:07,Limit_Judge_Triggered,"[-0.0, 160.0, 0.0]","[160.0, -170.0]","[-160.0, 0.0, 0.0]","[2, 2]"
2025-10-20 10:59:07,Limit_Judge_Triggered,"[-0.0, 160.0, 0.0]","[160.0, -170.0]","[-160.0, 0.0, 0.0]","[2, 2]"
2025-10-20 10:59:07,Limit_Judge_Triggered,"[-0.0, 160.0, 0.0]","[160.0, -170.0]","[-160.0, 0.0, 0.0]","[2, 2]"
2025-10-20 10:59:07,Limit_Judge_Triggered,"[-0.0, 160.0, 0.0]","[160.0, -170.0]","[-160.0, 0.0, 0.0]","[2, 2]"
2025-10-20 10:59:07,Limit_Judge_Triggered,"[-0.0, 160.0, 0.0]","[160.0, -170.0]","[-160.0, 0.0, 0.0]","[2, 2]"
2025-10-20 10:59:07,Limit_Judge_Triggered,"[-0.0, 160.0, 0.0]","[160.0, -170.0]","[-160.0, 0.0, 0.0]","[2, 2]"
2025-10-20 10:59:07,Limit_Judge_Triggered,"[-0.0, 160.0, 0.0]","[160.0, -170.0]","[-160.0, 0.0, 0.0]","[2, 2]"
2025-10-20 10:59:07,Limit_Judge_Triggered,"[-0.0, 160.0, 0.0]","[160.0, -170.0]","[-160.0, 0.0, 0.0]","[2, 2]"
2025-10-20 10:59:07,Limit_Judge_Triggered,"[-0.0, 160.0, 0.0]","[160.0, -170.0]","[-160.0, 0.0, 0.0]","[2, 2]"
2025-10-20 10:59:07,Limit_Judge_Triggered,"[-0.0, 160.0, 0.0]","[160.0, -170.0]","[-160.0, 0.0, 0.0]","[2, 2]"
2025-10-20 10:59:07,Limit_Judge_Triggered,"[-0.0, 160.0, 0.0]","[160.0, -170.0]","[-160.0, 0.0, 0.0]","[2, 2]"
2025-10-20 10:59:07,Limit_Judge_Triggered,"[-0.0, 160.0, 0.0]","[160.0, -170.0]","[-160.0, 0.0, 0.0]","[2, 2]"
2025-10-20 10:59:07,Limit_Judge_Triggered,"[-0.0, 160.0, 0.0]","[160.0, -170.0]","[-160.0, 0.0, 0.0]","[2, 2]"
2025-10-20 10:59:07,Limit_Judge_Triggered,"[-0.0, 160.0, 0.0]","[160.0, -170.0]","[-160.0, 0.0, 0.0]","[2, 2]"
2025-10-20 10:59:07,Limit_Judge_Triggered,"[-0.0, 160.0, 0.0]","[160.0, -170.0]","[-160.0, 0.0, 0.0]","[2, 2]"
2025-10-20 10:59:07,Limit_Judge_Triggered,"[-0.0, 160.0, 0.0]","[160.0, -170.0]","[-160.0, 0.0, 0.0]","[2, 2]"
2025-10-20 10:59:07,Limit_Judge_Triggered,"[-0.0, 160.0, 0.0]","[160.0, -170.0]","[-160.0, 0.0, 0.0]","[2, 2]"
2025-10-20 10:59:07,Limit_Judge_Triggered,"[-0.0, 160.0, 0.0]","[160.0, -170.0]","[-160.0, 0.0, 0.0]","[2, 2]"
2025-10-20 10:59:08,Limit_Judge_Triggered,"[-0.0, 160.0, 0.0]","[160.0, -170.0]","[-160.0, 0.0, 0.0]","[2, 2]"
2025-10-20 10:59:08,Limit_Judge_Triggered,"[-0.0, 160.0, 0.0]","[160.0, -170.0]","[-160.0, 0.0, 0.0]","[2, 2]"
2025-10-20 10:59:08,Limit_Judge_Triggered,"[-0.0, 160.0, 0.0]","[160.0, -170.0]","[-160.0, 0.0, 0.0]","[2, 2]"
2025-10-20 10:59:08,Limit_Judge_Triggered,"[-0.0, 160.0, 0.0]","[160.0, -170.0]","[-160.0, 0.0, 0.0]","[2, 2]"
2025-10-20 10:59:08,Limit_Judge_Triggered,"[-0.0, 160.0, 0.0]","[160.0, -170.0]","[-160.0, 0.0, 0.0]","[2, 2]"
2025-10-20 10:59:08,Limit_Judge_Triggered,"[-0.0, 160.0, 0.0]","[160.0, -170.0]","[-160.0, 0.0, 0.0]","[2, 2]"
2025-10-20 10:59:08,Limit_Judge_Triggered,"[-0.0, 160.0, 0.0]","[160.0, -170.0]","[-160.0, 0.0, 0.0]","[2, 2]"
2025-10-20 10:59:08,Limit_Judge_Triggered,"[-0.0, 160.0, 0.0]","[160.0, -170.0]","[-160.0, 0.0, 0.0]","[2, 2]"
2025-10-20 10:59:08,Limit_Judge_Triggered,"[-0.0, 160.0, 0.0]","[160.0, -170.0]","[-160.0, 0.0, 0.0]","[2, 2]"
2025-10-20 10:59:08,Limit_Judge_Triggered,"[-0.0, 160.0, 0.0]","[160.0, -170.0]","[-160.0, 0.0, 0.0]","[2, 2]"
2025-10-20 10:59:08,Limit_Judge_Triggered,"[-0.0, 160.0, 0.0]","[160.0, -170.0]","[-160.0, 0.0, 0.0]","[2, 2]"
2025-10-20 10:59:08,Limit_Judge_Triggered,"[-0.0, 160.0, 0.0]","[160.0, -170.0]","[-160.0, 0.0, 0.0]","[2, 2]"
2025-10-20 10:59:08,Limit_Judge_Triggered,"[-0.0, 160.0, 0.0]","[160.0, -170.0]","[-160.0, 0.0, 0.0]","[2, 2]"
2025-10-20 10:59:08,Limit_Judge_Triggered,"[-0.0, 160.0, 0.0]","[160.0, -170.0]","[-160.0, 0.0, 0.0]","[2, 2]"
2025-10-20 10:59:08,Limit_Judge_Triggered,"[-0.0, 160.0, 0.0]","[160.0, -170.0]","[-160.0, 0.0, 0.0]","[2, 2]"
2025-10-20 10:59:08,Limit_Judge_Triggered,"[-0.0, 160.0, 0.0]","[160.0, -170.0]","[-160.0, 0.0, 0.0]","[2, 2]"
2025-10-20 10:59:08,Limit_Judge_Triggered,"[-0.0, 160.0, 0.0]","[160.0, -170.0]","[-160.0, 0.0, 0.0]","[2, 2]"
2025-10-20 10:59:08,Limit_Judge_Triggered,"[-0.0, 160.0, 0.0]","[160.0, -170.0]","[-160.0, 0.0, 0.0]","[2, 2]"
2025-10-20 10:59:08,Limit_Judge_Triggered,"[-0.0, 160.0, 0.0]","[160.0, -170.0]","[-160.0, 0.0, 0.0]","[2, 2]"
2025-10-20 10:59:08,Limit_Judge_Triggered,"[-0.0, 160.0, 0.0]","[160.0, -170.0]","[-160.0, 0.0, 0.0]","[2, 2]"
2025-10-20 10:59:08,Limit_Judge_Triggered,"[-0.0, 160.0, 0.0]","[160.0, -170.0]","[-160.0, 0.0, 0.0]","[2, 2]"
2025-10-20 10:59:08,Limit_Judge_Triggered,"[-0.0, 160.0, 0.0]","[160.0, -170.0]","[-160.0, 0.0, 0.0]","[2, 2]"
2025-10-20 10:59:08,Limit_Judge_Triggered,"[-0.0, 160.0, 0.0]","[160.0, -170.0]","[-160.0, 0.0, 0.0]","[2, 2]"
2025-10-20 10:59:08,Limit_Judge_Triggered,"[-0.0, 160.0, 0.0]","[160.0, -170.0]","[-160.0, 0.0, 0.0]","[2, 2]"
2025-10-20 10:59:08,Limit_Judge_Triggered,"[-0.0, 160.0, 0.0]","[160.0, -170.0]","[-160.0, 0.0, 0.0]","[2, 2]"
2025-10-20 10:59:09,Limit_Judge_Triggered,"[-0.0, 160.0, 0.0]","[160.0, -170.0]","[-160.0, 0.0, 0.0]","[2, 2]"
2025-10-20 10:59:09,Limit_Judge_Triggered,"[-0.0, 160.0, 0.0]","[160.0, -170.0]","[-160.0, 0.0, 0.0]","[2, 2]"
2025-10-20 10:59:09,Limit_Judge_Triggered,"[-0.0, 160.0, 0.0]","[160.0, -170.0]","[-160.0, 0.0, 0.0]","[2, 2]"
2025-10-20 10:59:09,Limit_Judge_Triggered,"[-0.0, 160.0, 0.0]","[160.0, -170.0]","[-160.0, 0.0, 0.0]","[2, 2]"
2025-10-20 10:59:09,Limit_Judge_Triggered,"[-0.0, 160.0, 0.0]","[160.0, -170.0]","[-160.0, 0.0, 0.0]","[2, 2]"
2025-10-20 10:59:09,Limit_Judge_Triggered,"[-0.0, 160.0, 0.0]","[160.0, -170.0]","[-160.0, 0.0, 0.0]","[2, 2]"
2025-10-20 10:59:09,Limit_Judge_Triggered,"[-0.0, 160.0, 0.0]","[160.0, -170.0]","[-160.0, 0.0, 0.0]","[2, 2]"
2025-10-20 10:59:09,Limit_Judge_Triggered,"[-0.0, 160.0, 0.0]","[160.0, -170.0]","[-160.0, 0.0, 0.0]","[2, 2]"
2025-10-20 10:59:09,Limit_Judge_Triggered,"[-0.0, 160.0, 0.0]","[160.0, -170.0]","[-160.0, 0.0, 0.0]","[2, 2]"
2025-10-20 10:59:09,Limit_Judge_Triggered,"[-0.0, 160.0, 0.0]","[160.0, -170.0]","[-160.0, 0.0, 0.0]","[2, 2]"
2025-10-20 10:59:09,Limit_Judge_Triggered,"[-0.0, 160.0, 0.0]","[160.0, -170.0]","[-160.0, 0.0, 0.0]","[2, 2]"
2025-10-20 10:59:09,Limit_Judge_Triggered,"[-0.0, 160.0, 0.0]","[160.0, -170.0]","[-160.0, 0.0, 0.0]","[2, 2]"
2025-10-20 10:59:09,Limit_Judge_Triggered,"[-0.0, 160.0, 0.0]","[160.0, -170.0]","[-160.0, 0.0, 0.0]","[2, 2]"
2025-10-20 10:59:09,Limit_Judge_Triggered,"[-0.0, 160.0, 0.0]","[160.0, -170.0]","[-160.0, 0.0, 0.0]","[2, 2]"
2025-10-20 10:59:09,Limit_Judge_Triggered,"[-0.0, 160.0, 0.0]","[160.0, -170.0]","[-160.0, 0.0, 0.0]","[2, 2]"
2025-10-20 10:59:09,Limit_Judge_Triggered,"[-0.0, 160.0, 0.0]","[160.0, -170.0]","[-160.0, 0.0, 0.0]","[2, 2]"
2025-10-20 10:59:09,Limit_Judge_Triggered,"[-0.0, 160.0, 0.0]","[160.0, -170.0]","[-160.0, 0.0, 0.0]","[2, 2]"
2025-10-20 10:59:09,Limit_Judge_Triggered,"[-0.0, 160.0, 0.0]","[160.0, -170.0]","[-160.0, 0.0, 0.0]","[2, 2]"
2025-10-20 10:59:09,Limit_Judge_Triggered,"[-0.0, 160.0, 0.0]","[160.0, -170.0]","[-160.0, 0.0, 0.0]","[2, 2]"
2025-10-20 10:59:09,Limit_Judge_Triggered,"[-0.0, 160.0, 0.0]","[160.0, -170.0]","[-160.0, 0.0, 0.0]","[2, 2]"
2025-10-20 10:59:09,Limit_Judge_Triggered,"[-0.0, 160.0, 0.0]","[160.0, -170.0]","[-160.0, 0.0, 0.0]","[2, 2]"
2025-10-20 10:59:09,Limit_Judge_Triggered,"[-0.0, 160.0, 0.0]","[160.0, -170.0]","[-160.0, 0.0, 0.0]","[2, 2]"
2025-10-20 10:59:09,Limit_Judge_Triggered,"[-0.0, 160.0, 0.0]","[160.0, -170.0]","[-160.0, 0.0, 0.0]","[2, 2]"
2025-10-20 10:59:09,Limit_Judge_Triggered,"[-0.0, 160.0, 0.0]","[160.0, -170.0]","[-160.0, 0.0, 0.0]","[2, 2]"
2025-10-20 10:59:09,Limit_Judge_Triggered,"[-0.0, 160.0, 0.0]","[160.0, -170.0]","[-160.0, 0.0, 0.0]","[2, 2]"
2025-10-20 10:59:10,Limit_Judge_Triggered,"[-0.0, 160.0, 0.0]","[160.0, -170.0]","[-160.0, 0.0, 0.0]","[2, 2]"
2025-10-20 10:59:10,Limit_Judge_Triggered,"[-0.0, 160.0, 0.0]","[160.0, -170.0]","[-160.0, 0.0, 0.0]","[2, 2]"
2025-10-20 10:59:10,Limit_Judge_Triggered,"[-0.0, 160.0, 0.0]","[160.0, -170.0]","[-160.0, 0.0, 0.0]","[2, 2]"
2025-10-20 10:59:10,Limit_Judge_Triggered,"[-0.0, 160.0, 0.0]","[160.0, -170.0]","[-160.0, 0.0, 0.0]","[2, 2]"
2025-10-20 10:59:10,Limit_Judge_Triggered,"[-0.0, 160.0, 0.0]","[160.0, -170.0]","[-160.0, 0.0, 0.0]","[2, 2]"
2025-10-20 10:59:10,Limit_Judge_Triggered,"[-0.0, 160.0, 0.0]","[160.0, -170.0]","[-160.0, 0.0, 0.0]","[2, 2]"
2025-10-20 10:59:10,Limit_Judge_Triggered,"[-0.0, 160.0, 0.0]","[160.0, -170.0]","[-160.0, 0.0, 0.0]","[2, 2]"
2025-10-20 10:59:10,Limit_Judge_Triggered,"[-0.0, 160.0, 0.0]","[160.0, -170.0]","[-160.0, 0.0, 0.0]","[2, 2]"
2025-10-20 10:59:10,Limit_Judge_Triggered,"[-0.0, 160.0, 0.0]","[160.0, -170.0]","[-160.0, 0.0, 0.0]","[2, 2]"
2025-10-20 10:59:10,Limit_Judge_Triggered,"[-0.0, 160.0, 0.0]","[160.0, -170.0]","[-160.0, 0.0, 0.0]","[2, 2]"
2025-10-20 10:59:10,Limit_Judge_Triggered,"[-0.0, 160.0, 0.0]","[160.0, -170.0]","[-160.0, 0.0, 0.0]","[2, 2]"
2025-10-20 10:59:10,Limit_Judge_Triggered,"[-0.0, 160.0, 0.0]","[160.0, -170.0]","[-160.0, 0.0, 0.0]","[2, 2]"
2025-10-20 10:59:10,Limit_Judge_Triggered,"[-0.0, 160.0, 0.0]","[160.0, -170.0]","[-160.0, 0.0, 0.0]","[2, 2]"
2025-10-20 10:59:10,Limit_Judge_Triggered,"[-0.0, 160.0, 0.0]","[160.0, -170.0]","[-160.0, 0.0, 0.0]","[2, 2]"
2025-10-20 10:59:10,Limit_Judge_Triggered,"[-0.0, 160.0, 0.0]","[160.0, -170.0]","[-160.0, 0.0, 0.0]","[2, 2]"
2025-10-20 10:59:10,Limit_Judge_Triggered,"[-0.0, 160.0, 0.0]","[160.0, -170.0]","[-160.0, 0.0, 0.0]","[2, 2]"
2025-10-20 10:59:10,Limit_Judge_Triggered,"[-0.0, 160.0, 0.0]","[160.0, -170.0]","[-160.0, 0.0, 0.0]","[2, 2]"
2025-10-20 10:59:10,Limit_Judge_Triggered,"[-0.0, 160.0, 0.0]","[160.0, -170.0]","[-160.0, 0.0, 0.0]","[2, 2]"
2025-10-20 10:59:10,Limit_Judge_Triggered,"[-0.0, 160.0, 0.0]","[160.0, -170.0]","[-160.0, 0.0, 0.0]","[2, 2]"
2025-10-20 10:59:10,Limit_Judge_Triggered,"[-0.0, 160.0, 0.0]","[160.0, -170.0]","[-160.0, 0.0, 0.0]","[2, 2]"
2025-10-20 10:59:10,Limit_Judge_Triggered,"[-0.0, 160.0, 0.0]","[160.0, -170.0]","[-160.0, 0.0, 0.0]","[2, 2]"
2025-10-20 10:59:10,Limit_Judge_Triggered,"[-0.0, 160.0, 0.0]","[160.0, -170.0]","[-160.0, 0.0, 0.0]","[2, 2]"
2025-10-20 10:59:10,Limit_Judge_Triggered,"[-0.0, 160.0, 0.0]","[160.0, -170.0]","[-160.0, 0.0, 0.0]","[2, 2]"
2025-10-20 10:59:10,Limit_Judge_Triggered,"[-0.0, 160.0, 0.0]","[160.0, -170.0]","[-160.0, 0.0, 0.0]","[2, 2]"
2025-10-20 10:59:10,Limit_Judge_Triggered,"[-0.0, 160.0, 0.0]","[160.0, -170.0]","[-160.0, 0.0, 0.0]","[2, 2]"
2025-10-20 10:59:11,Limit_Judge_Triggered,"[-0.0, 160.0, 0.0]","[160.0, -170.0]","[-160.0, 0.0, 0.0]","[2, 2]"
2025-10-20 10:59:11,Limit_Judge_Triggered,"[-0.0, 160.0, 0.0]","[160.0, -170.0]","[-160.0, 0.0, 0.0]","[2, 2]"
2025-10-20 10:59:11,Limit_Judge_Triggered,"[-0.0, 160.0, 0.0]","[160.0, -170.0]","[-160.0, 0.0, 0.0]","[2, 2]"
2025-10-20 10:59:11,Limit_Judge_Triggered,"[-0.0, 160.0, 0.0]","[160.0, -170.0]","[-160.0, 0.0, 0.0]","[2, 2]"
2025-10-20 10:59:11,Limit_Judge_Triggered,"[-0.0, 160.0, 0.0]","[160.0, -170.0]","[-160.0, 0.0, 0.0]","[2, 2]"
2025-10-20 10:59:11,Limit_Judge_Triggered,"[-0.0, 160.0, 0.0]","[160.0, -170.0]","[-160.0, 0.0, 0.0]","[2, 2]"
2025-10-20 10:59:11,Limit_Judge_Triggered,"[-0.0, 160.0, 0.0]","[160.0, -170.0]","[-160.0, 0.0, 0.0]","[2, 2]"
2025-10-20 10:59:11,Limit_Judge_Triggered,"[-0.0, 160.0, 0.0]","[160.0, -170.0]","[-160.0, 0.0, 0.0]","[2, 2]"
2025-10-20 10:59:11,Limit_Judge_Triggered,"[-0.0, 160.0, 0.0]","[160.0, -170.0]","[-160.0, 0.0, 0.0]","[2, 2]"
2025-10-20 10:59:11,Limit_Judge_Triggered,"[-0.0, 160.0, 0.0]","[160.0, -170.0]","[-160.0, 0.0, 0.0]","[2, 2]"
2025-10-20 10:59:11,Limit_Judge_Triggered,"[-0.0, 160.0, 0.0]","[160.0, -170.0]","[-160.0, 0.0, 0.0]","[2, 2]"
2025-10-20 10:59:11,Limit_Judge_Triggered,"[-0.0, 160.0, 0.0]","[160.0, -170.0]","[-160.0, 0.0, 0.0]","[2, 2]"
2025-10-20 10:59:11,Limit_Judge_Triggered,"[-0.0, 160.0, 0.0]","[160.0, -170.0]","[-160.0, 0.0, 0.0]","[2, 2]"
2025-10-20 10:59:11,Limit_Judge_Triggered,"[-0.0, 160.0, 0.0]","[160.0, -170.0]","[-160.0, 0.0, 0.0]","[2, 2]"
2025-10-20 10:59:11,Limit_Judge_Triggered,"[-0.0, 160.0, 0.0]","[160.0, -170.0]","[-160.0, 0.0, 0.0]","[2, 2]"
2025-10-20 10:59:11,Limit_Judge_Triggered,"[-0.0, 160.0, 0.0]","[160.0, -170.0]","[-160.0, 0.0, 0.0]","[2, 2]"
2025-10-20 10:59:11,Limit_Judge_Triggered,"[-0.0, 160.0, 0.0]","[160.0, -170.0]","[-160.0, 0.0, 0.0]","[2, 2]"
2025-10-20 10:59:11,Limit_Judge_Triggered,"[-0.0, 160.0, 0.0]","[160.0, -170.0]","[-160.0, 0.0, 0.0]","[2, 2]"
2025-10-20 10:59:11,Limit_Judge_Triggered,"[-0.0, 160.0, 0.0]","[160.0, -170.0]","[-160.0, 0.0, 0.0]","[2, 2]"
2025-10-20 10:59:11,Limit_Judge_Triggered,"[-0.0, 160.0, 0.0]","[160.0, -170.0]","[-160.0, 0.0, 0.0]","[2, 2]"
2025-10-20 10:59:11,Limit_Judge_Triggered,"[-0.0, 160.0, 0.0]","[160.0, -170.0]","[-160.0, 0.0, 0.0]","[2, 2]"
2025-10-20 10:59:11,Limit_Judge_Triggered,"[-0.0, 160.0, 0.0]","[160.0, -170.0]","[-160.0, 0.0, 0.0]","[2, 2]"
2025-10-20 10:59:11,Limit_Judge_Triggered,"[-0.0, 160.0, 0.0]","[160.0, -170.0]","[-160.0, 0.0, 0.0]","[2, 2]"
2025-10-20 10:59:11,Limit_Judge_Triggered,"[-0.0, 160.0, 0.0]","[160.0, -170.0]","[-160.0, 0.0, 0.0]","[2, 2]"
2025-10-20 10:59:11,Limit_Judge_Triggered,"[-0.0, 160.0, 0.0]","[160.0, -170.0]","[-160.0, 0.0, 0.0]","[2, 2]"
2025-10-20 10:59:12,Limit_Judge_Triggered,"[-0.0, 160.0, 0.0]","[160.0, -170.0]","[-160.0, 0.0, 0.0]","[2, 2]"
2025-10-20 10:59:12,Limit_Judge_Triggered,"[-0.0, 160.0, 0.0]","[160.0, -170.0]","[-160.0, 0.0, 0.0]","[2, 2]"
2025-10-20 10:59:12,Limit_Judge_Triggered,"[-0.0, 160.0, 0.0]","[160.0, -170.0]","[-160.0, 0.0, 0.0]","[2, 2]"
2025-10-20 10:59:12,Limit_Judge_Triggered,"[-0.0, 160.0, 0.0]","[160.0, -170.0]","[-160.0, 0.0, 0.0]","[2, 2]"
2025-10-20 10:59:12,Limit_Judge_Triggered,"[-0.0, 160.0, 0.0]","[160.0, -170.0]","[-160.0, 0.0, 0.0]","[2, 2]"
2025-10-20 10:59:12,Limit_Judge_Triggered,"[-0.0, 160.0, 0.0]","[160.0, -170.0]","[-160.0, 0.0, 0.0]","[2, 2]"
2025-10-20 10:59:12,Limit_Judge_Triggered,"[-0.0, 160.0, 0.0]","[160.0, -170.0]","[-160.0, 0.0, 0.0]","[2, 2]"
2025-10-20 10:59:12,Limit_Judge_Triggered,"[-0.0, 160.0, 0.0]","[160.0, -170.0]","[-160.0, 0.0, 0.0]","[2, 2]"
2025-10-20 10:59:12,Limit_Judge_Triggered,"[-0.0, 160.0, 0.0]","[160.0, -170.0]","[-160.0, 0.0, 0.0]","[2, 2]"
2025-10-20 10:59:12,Limit_Judge_Triggered,"[-0.0, 160.0, 0.0]","[160.0, -170.0]","[-160.0, 0.0, 0.0]","[2, 2]"
2025-10-20 10:59:12,Limit_Judge_Triggered,"[-0.0, 160.0, 0.0]","[160.0, -170.0]","[-160.0, 0.0, 0.0]","[2, 2]"
2025-10-20 10:59:12,Limit_Judge_Triggered,"[-0.0, 160.0, 0.0]","[160.0, -170.0]","[-160.0, 0.0, 0.0]","[2, 2]"
2025-10-20 10:59:12,Limit_Judge_Triggered,"[-0.0, 160.0, 0.0]","[160.0, -170.0]","[-160.0, 0.0, 0.0]","[2, 2]"
2025-10-20 10:59:12,Limit_Judge_Triggered,"[-0.0, 160.0, 0.0]","[160.0, -170.0]","[-160.0, 0.0, 0.0]","[2, 2]"
2025-10-20 10:59:12,Limit_Judge_Triggered,"[-0.0, 160.0, 0.0]","[160.0, -170.0]","[-160.0, 0.0, 0.0]","[2, 2]"
2025-10-20 10:59:12,Limit_Judge_Triggered,"[-0.0, 160.0, 0.0]","[160.0, -170.0]","[-160.0, 0.0, 0.0]","[2, 2]"
2025-10-20 10:59:12,Limit_Judge_Triggered,"[-0.0, 160.0, 0.0]","[160.0, -170.0]","[-160.0, 0.0, 0.0]","[2, 2]"
2025-10-20 10:59:12,Limit_Judge_Triggered,"[-0.0, 160.0, 0.0]","[160.0, -170.0]","[-160.0, 0.0, 0.0]","[2, 2]"
2025-10-20 10:59:12,Limit_Judge_Triggered,"[-0.0, 160.0, 0.0]","[160.0, -170.0]","[-160.0, 0.0, 0.0]","[2, 2]"
2025-10-20 10:59:12,Limit_Judge_Triggered,"[-0.0, 160.0, 0.0]","[160.0, -170.0]","[-160.0, 0.0, 0.0]","[2, 2]"
2025-10-20 10:59:12,Limit_Judge_Triggered,"[-0.0, 160.0, 0.0]","[160.0, -170.0]","[-160.0, 0.0, 0.0]","[2, 2]"
2025-10-20 10:59:12,Limit_Judge_Triggered,"[-0.0, 160.0, 0.0]","[160.0, -170.0]","[-160.0, 0.0, 0.0]","[2, 2]"
2025-10-20 10:59:12,Limit_Judge_Triggered,"[-0.0, 160.0, 0.0]","[160.0, -170.0]","[-160.0, 0.0, 0.0]","[2, 2]"
2025-10-20 10:59:12,Limit_Judge_Triggered,"[-0.0, 160.0, 0.0]","[160.0, -170.0]","[-160.0, 0.0, 0.0]","[2, 2]"
2025-10-20 10:59:12,Limit_Judge_Triggered,"[-0.0, 160.0, 0.0]","[160.0, -170.0]","[-160.0, 0.0, 0.0]","[2, 2]"
2025-10-20 10:59:13,Limit_Judge_Triggered,"[-0.0, 160.0, 0.0]","[160.0, -170.0]","[-160.0, 0.0, 0.0]","[2, 2]"
2025-10-20 10:59:13,Limit_Judge_Triggered,"[-0.0, 160.0, 0.0]","[160.0, -170.0]","[-160.0, 0.0, 0.0]","[2, 2]"
2025-10-20 10:59:13,Limit_Judge_Triggered,"[-0.0, 160.0, 0.0]","[160.0, -170.0]","[-160.0, 0.0, 0.0]","[2, 2]"
2025-10-20 10:59:13,Limit_Judge_Triggered,"[-0.0, 160.0, 0.0]","[160.0, -170.0]","[-160.0, 0.0, 0.0]","[2, 2]"
2025-10-20 10:59:13,Limit_Judge_Triggered,"[-0.0, 160.0, 0.0]","[160.0, -170.0]","[-160.0, 0.0, 0.0]","[2, 2]"
2025-10-20 10:59:13,Limit_Judge_Triggered,"[-0.0, 160.0, 0.0]","[160.0, -170.0]","[-160.0, 0.0, 0.0]","[2, 2]"
2025-10-20 10:59:13,Limit_Judge_Triggered,"[-0.0, 160.0, 0.0]","[160.0, -170.0]","[-160.0, 0.0, 0.0]","[2, 2]"
2025-10-20 10:59:13,Limit_Judge_Triggered,"[-0.0, 160.0, 0.0]","[160.0, -170.0]","[-160.0, 0.0, 0.0]","[2, 2]"
2025-10-20 10:59:13,Limit_Judge_Triggered,"[-0.0, 160.0, 0.0]","[160.0, -170.0]","[-160.0, 0.0, 0.0]","[2, 2]"
2025-10-20 10:59:13,Limit_Judge_Triggered,"[-0.0, 160.0, 0.0]","[160.0, -170.0]","[-160.0, 0.0, 0.0]","[2, 2]"
2025-10-20 10:59:13,Limit_Judge_Triggered,"[-0.0, 160.0, 0.0]","[160.0, -170.0]","[-160.0, 0.0, 0.0]","[2, 2]"
2025-10-20 10:59:13,Limit_Judge_Triggered,"[-0.0, 160.0, 0.0]","[160.0, -170.0]","[-160.0, 0.0, 0.0]","[2, 2]"
2025-10-20 10:59:13,Limit_Judge_Triggered,"[-0.0, 160.0, 0.0]","[160.0, -170.0]","[-160.0, 0.0, 0.0]","[2, 2]"
2025-10-20 10:59:13,Limit_Judge_Triggered,"[-0.0, 160.0, 0.0]","[160.0, -170.0]","[-160.0, 0.0, 0.0]","[2, 2]"
2025-10-20 10:59:13,Limit_Judge_Triggered,"[-0.0, 160.0, 0.0]","[160.0, -170.0]","[-160.0, 0.0, 0.0]","[2, 2]"
2025-10-20 10:59:13,Limit_Judge_Triggered,"[-0.0, 160.0, 0.0]","[160.0, -170.0]","[-160.0, 0.0, 0.0]","[2, 2]"
2025-10-20 10:59:13,Limit_Judge_Triggered,"[-0.0, 160.0, 0.0]","[160.0, -170.0]","[-160.0, 0.0, 0.0]","[2, 2]"
2025-10-20 10:59:13,Limit_Judge_Triggered,"[-0.0, 160.0, 0.0]","[160.0, -170.0]","[-160.0, 0.0, 0.0]","[2, 2]"
2025-10-20 10:59:13,Limit_Judge_Triggered,"[-0.0, 160.0, 0.0]","[160.0, -170.0]","[-160.0, 0.0, 0.0]","[2, 2]"
2025-10-20 10:59:13,Limit_Judge_Triggered,"[-0.0, 160.0, 0.0]","[160.0, -170.0]","[-160.0, 0.0, 0.0]","[2, 2]"
2025-10-20 10:59:13,Limit_Judge_Triggered,"[-0.0, 160.0, 0.0]","[160.0, -170.0]","[-160.0, 0.0, 0.0]","[2, 2]"
2025-10-20 10:59:13,Limit_Judge_Triggered,"[-0.0, 160.0, 0.0]","[160.0, -170.0]","[-160.0, 0.0, 0.0]","[2, 2]"
2025-10-20 10:59:13,Limit_Judge_Triggered,"[-0.0, 160.0, 0.0]","[160.0, -170.0]","[-160.0, 0.0, 0.0]","[2, 2]"
2025-10-20 10:59:13,Limit_Judge_Triggered,"[-0.0, 160.0, 0.0]","[160.0, -170.0]","[-160.0, 0.0, 0.0]","[2, 2]"
2025-10-20 10:59:13,Limit_Judge_Triggered,"[-0.0, 160.0, 0.0]","[160.0, -170.0]","[-160.0, 0.0, 0.0]","[2, 2]"
2025-10-20 10:59:14,Limit_Judge_Triggered,"[-0.0, 160.0, 0.0]","[160.0, -170.0]","[-160.0, 0.0, 0.0]","[2, 2]"
2025-10-20 10:59:14,Limit_Judge_Triggered,"[-0.0, 160.0, 0.0]","[160.0, -170.0]","[-160.0, 0.0, 0.0]","[2, 2]"
2025-10-20 10:59:14,Limit_Judge_Triggered,"[-0.0, 160.0, 0.0]","[160.0, -170.0]","[-160.0, 0.0, 0.0]","[2, 2]"
2025-10-20 10:59:14,Limit_Judge_Triggered,"[-0.0, 160.0, 0.0]","[160.0, -170.0]","[-160.0, 0.0, 0.0]","[2, 2]"
2025-10-20 10:59:14,Limit_Judge_Triggered,"[-0.0, 160.0, 0.0]","[160.0, -170.0]","[-160.0, 0.0, 0.0]","[2, 2]"
2025-10-20 10:59:14,Limit_Judge_Triggered,"[-0.0, 160.0, 0.0]","[160.0, -170.0]","[-160.0, 0.0, 0.0]","[2, 2]"
2025-10-20 10:59:14,Limit_Judge_Triggered,"[-0.0, 160.0, 0.0]","[160.0, -170.0]","[-160.0, 0.0, 0.0]","[2, 2]"
2025-10-20 10:59:14,Limit_Judge_Triggered,"[-0.0, 160.0, 0.0]","[160.0, -170.0]","[-160.0, 0.0, 0.0]","[2, 2]"
2025-10-20 10:59:14,Limit_Judge_Triggered,"[-0.0, 160.0, 0.0]","[160.0, -170.0]","[-160.0, 0.0, 0.0]","[2, 2]"
2025-10-20 10:59:14,Limit_Judge_Triggered,"[-0.0, 160.0, 0.0]","[160.0, -170.0]","[-160.0, 0.0, 0.0]","[2, 2]"
2025-10-20 10:59:14,Limit_Judge_Triggered,"[-0.0, 160.0, 0.0]","[160.0, -170.0]","[-160.0, 0.0, 0.0]","[2, 2]"
2025-10-20 10:59:14,Limit_Judge_Triggered,"[-0.0, 160.0, 0.0]","[160.0, -170.0]","[-160.0, 0.0, 0.0]","[2, 2]"
2025-10-20 10:59:14,Limit_Judge_Triggered,"[-0.0, 160.0, 0.0]","[160.0, -170.0]","[-160.0, 0.0, 0.0]","[2, 2]"
2025-10-20 10:59:14,Limit_Judge_Triggered,"[-0.0, 160.0, 0.0]","[160.0, -170.0]","[-160.0, 0.0, 0.0]","[2, 2]"
2025-10-20 10:59:14,Limit_Judge_Triggered,"[-0.0, 160.0, 0.0]","[160.0, -170.0]","[-160.0, 0.0, 0.0]","[2, 2]"
2025-10-20 10:59:14,Limit_Judge_Triggered,"[-0.0, 160.0, 0.0]","[160.0, -170.0]","[-160.0, 0.0, 0.0]","[2, 2]"
2025-10-20 10:59:14,Limit_Judge_Triggered,"[-0.0, 160.0, 0.0]","[160.0, -170.0]","[-160.0, 0.0, 0.0]","[2, 2]"
2025-10-20 10:59:14,Limit_Judge_Triggered,"[-0.0, 160.0, 0.0]","[160.0, -170.0]","[-160.0, 0.0, 0.0]","[2, 2]"
2025-10-20 10:59:14,Limit_Judge_Triggered,"[-0.0, 160.0, 0.0]","[160.0, -170.0]","[-160.0, 0.0, 0.0]","[2, 2]"
2025-10-20 10:59:14,Limit_Judge_Triggered,"[-0.0, 160.0, 0.0]","[160.0, -170.0]","[-160.0, 0.0, 0.0]","[2, 2]"
2025-10-20 10:59:14,Limit_Judge_Triggered,"[-0.0, 160.0, 0.0]","[160.0, -170.0]","[-160.0, 0.0, 0.0]","[2, 2]"
2025-10-20 10:59:14,Limit_Judge_Triggered,"[-0.0, 160.0, 0.0]","[160.0, -170.0]","[-160.0, 0.0, 0.0]","[2, 2]"
2025-10-20 10:59:14,Limit_Judge_Triggered,"[-0.0, 160.0, 0.0]","[160.0, -170.0]","[-160.0, 0.0, 0.0]","[2, 2]"
2025-10-20 10:59:14,Limit_Judge_Triggered,"[-0.0, 160.0, 0.0]","[160.0, -170.0]","[-160.0, 0.0, 0.0]","[2, 2]"
2025-10-20 10:59:14,Limit_Judge_Triggered,"[-0.0, 160.0, 0.0]","[160.0, -170.0]","[-160.0, 0.0, 0.0]","[2, 2]"
2025-10-20 10:59:15,Limit_Judge_Triggered,"[-0.0, 160.0, 0.0]","[160.0, -170.0]","[-160.0, 0.0, 0.0]","[2, 2]"
2025-10-20 10:59:15,Limit_Judge_Triggered,"[-0.0, 160.0, 0.0]","[160.0, -170.0]","[-160.0, 0.0, 0.0]","[2, 2]"
2025-10-20 10:59:15,Limit_Judge_Triggered,"[-0.0, 160.0, 0.0]","[160.0, -170.0]","[-160.0, 0.0, 0.0]","[2, 2]"
2025-10-20 10:59:15,Limit_Judge_Triggered,"[-0.0, 160.0, 0.0]","[160.0, -170.0]","[-160.0, 0.0, 0.0]","[2, 2]"
2025-10-20 10:59:15,Limit_Judge_Triggered,"[-0.0, 160.0, 0.0]","[160.0, -170.0]","[-160.0, 0.0, 0.0]","[2, 2]"
2025-10-20 10:59:15,Limit_Judge_Triggered,"[-0.0, 160.0, 0.0]","[160.0, -170.0]","[-160.0, 0.0, 0.0]","[2, 2]"
2025-10-20 10:59:15,Limit_Judge_Triggered,"[-0.0, 160.0, 0.0]","[160.0, -170.0]","[-160.0, 0.0, 0.0]","[2, 2]"
2025-10-20 10:59:15,Limit_Judge_Triggered,"[-0.0, 160.0, 0.0]","[160.0, -170.0]","[-160.0, 0.0, 0.0]","[2, 2]"
2025-10-20 10:59:15,Limit_Judge_Triggered,"[-0.0, 160.0, 0.0]","[160.0, -170.0]","[-160.0, 0.0, 0.0]","[2, 2]"
2025-10-20 10:59:15,Limit_Judge_Triggered,"[-0.0, 160.0, 0.0]","[160.0, -170.0]","[-160.0, 0.0, 0.0]","[2, 2]"
2025-10-20 10:59:15,Limit_Judge_Triggered,"[-0.0, 160.0, 0.0]","[160.0, -170.0]","[-160.0, 0.0, 0.0]","[2, 2]"
2025-10-20 10:59:15,Limit_Judge_Triggered,"[-0.0, 160.0, 0.0]","[160.0, -170.0]","[-160.0, 0.0, 0.0]","[2, 2]"
2025-10-20 10:59:15,Limit_Judge_Triggered,"[-0.0, 160.0, 0.0]","[160.0, -170.0]","[-160.0, 0.0, 0.0]","[2, 2]"
2025-10-20 10:59:15,Limit_Judge_Triggered,"[-0.0, 160.0, 0.0]","[160.0, -170.0]","[-160.0, 0.0, 0.0]","[2, 2]"
2025-10-20 10:59:15,Limit_Judge_Triggered,"[-0.0, 160.0, 0.0]","[160.0, -170.0]","[-160.0, 0.0, 0.0]","[2, 2]"
2025-10-20 10:59:15,Limit_Judge_Triggered,"[-0.0, 160.0, 0.0]","[160.0, -170.0]","[-160.0, 0.0, 0.0]","[2, 2]"
2025-10-20 10:59:15,Limit_Judge_Triggered,"[-0.0, 160.0, 0.0]","[160.0, -170.0]","[-160.0, 0.0, 0.0]","[2, 2]"
2025-10-20 10:59:15,Limit_Judge_Triggered,"[-0.0, 160.0, 0.0]","[160.0, -170.0]","[-160.0, 0.0, 0.0]","[2, 2]"
2025-10-20 10:59:15,Limit_Judge_Triggered,"[-0.0, 160.0, 0.0]","[160.0, -170.0]","[-160.0, 0.0, 0.0]","[2, 2]"
2025-10-20 10:59:15,Limit_Judge_Triggered,"[-0.0, 160.0, 0.0]","[160.0, -170.0]","[-160.0, 0.0, 0.0]","[2, 2]"
2025-10-20 10:59:15,Limit_Judge_Triggered,"[-0.0, 160.0, 0.0]","[160.0, -170.0]","[-160.0, 0.0, 0.0]","[2, 2]"
2025-10-20 10:59:15,Limit_Judge_Triggered,"[-0.0, 160.0, 0.0]","[160.0, -170.0]","[-160.0, 0.0, 0.0]","[2, 2]"
2025-10-20 10:59:15,Limit_Judge_Triggered,"[-0.0, 160.0, 0.0]","[160.0, -170.0]","[-160.0, 0.0, 0.0]","[2, 2]"
2025-10-20 10:59:15,Limit_Judge_Triggered,"[-0.0, 160.0, 0.0]","[160.0, -170.0]","[-160.0, 0.0, 0.0]","[2, 2]"
2025-10-20 10:59:15,Limit_Judge_Triggered,"[-0.0, 160.0, 0.0]","[160.0, -170.0]","[-160.0, 0.0, 0.0]","[2, 2]"
2025-10-20 10:59:16,Limit_Judge_Triggered,"[-0.0, 160.0, 0.0]","[160.0, -170.0]","[-160.0, 0.0, 0.0]","[2, 2]"
2025-10-20 10:59:16,Limit_Judge_Triggered,"[-0.0, 160.0, 0.0]","[160.0, -170.0]","[-160.0, 0.0, 0.0]","[2, 2]"
2025-10-20 10:59:16,Limit_Judge_Triggered,"[-0.0, 160.0, 0.0]","[160.0, -170.0]","[-160.0, 0.0, 0.0]","[2, 2]"
2025-10-20 10:59:16,Limit_Judge_Triggered,"[-0.0, 160.0, 0.0]","[160.0, -170.0]","[-160.0, 0.0, 0.0]","[2, 2]"
2025-10-20 10:59:16,Limit_Judge_Triggered,"[-0.0, 160.0, 0.0]","[160.0, -170.0]","[-160.0, 0.0, 0.0]","[2, 2]"
2025-10-20 10:59:16,Limit_Judge_Triggered,"[-0.0, 160.0, 0.0]","[160.0, -170.0]","[-160.0, 0.0, 0.0]","[2, 2]"
2025-10-20 10:59:16,Limit_Judge_Triggered,"[-0.0, 160.0, 0.0]","[160.0, -170.0]","[-160.0, 0.0, 0.0]","[2, 2]"
2025-10-20 10:59:16,Limit_Judge_Triggered,"[-0.0, 160.0, 0.0]","[160.0, -170.0]","[-160.0, 0.0, 0.0]","[2, 2]"
2025-10-20 10:59:16,Limit_Judge_Triggered,"[-0.0, 160.0, 0.0]","[160.0, -170.0]","[-160.0, 0.0, 0.0]","[2, 2]"
2025-10-20 10:59:16,Limit_Judge_Triggered,"[-0.0, 160.0, 0.0]","[160.0, -170.0]","[-160.0, 0.0, 0.0]","[2, 2]"
2025-10-20 10:59:16,Limit_Judge_Triggered,"[-0.0, 160.0, 0.0]","[160.0, -170.0]","[-160.0, 0.0, 0.0]","[2, 2]"
2025-10-20 10:59:16,Limit_Judge_Triggered,"[-0.0, 160.0, 0.0]","[160.0, -170.0]","[-160.0, 0.0, 0.0]","[2, 2]"
2025-10-20 10:59:16,Limit_Judge_Triggered,"[-0.0, 160.0, 0.0]","[160.0, -170.0]","[-160.0, 0.0, 0.0]","[2, 2]"
2025-10-20 10:59:16,Limit_Judge_Triggered,"[-0.0, 160.0, 0.0]","[160.0, -170.0]","[-160.0, 0.0, 0.0]","[2, 2]"
2025-10-20 10:59:16,Limit_Judge_Triggered,"[-0.0, 160.0, 0.0]","[160.0, -170.0]","[-160.0, 0.0, 0.0]","[2, 2]"
2025-10-20 10:59:16,Limit_Judge_Triggered,"[-0.0, 160.0, 0.0]","[160.0, -170.0]","[-160.0, 0.0, 0.0]","[2, 2]"
2025-10-20 10:59:16,Limit_Judge_Triggered,"[-0.0, 160.0, 0.0]","[160.0, -170.0]","[-160.0, 0.0, 0.0]","[2, 2]"
2025-10-20 10:59:16,Limit_Judge_Triggered,"[-0.0, 160.0, 0.0]","[160.0, -170.0]","[-160.0, 0.0, 0.0]","[2, 2]"
2025-10-20 10:59:16,Limit_Judge_Triggered,"[-0.0, 160.0, 0.0]","[160.0, -170.0]","[-160.0, 0.0, 0.0]","[2, 2]"
2025-10-20 10:59:16,Limit_Judge_Triggered,"[-0.0, 160.0, 0.0]","[160.0, -170.0]","[-160.0, 0.0, 0.0]","[2, 2]"
2025-10-20 10:59:16,Limit_Judge_Triggered,"[-0.0, 160.0, 0.0]","[160.0, -170.0]","[-160.0, 0.0, 0.0]","[2, 2]"
2025-10-20 10:59:16,Limit_Judge_Triggered,"[-0.0, 160.0, 0.0]","[160.0, -170.0]","[-160.0, 0.0, 0.0]","[2, 2]"
2025-10-20 10:59:16,4,"[-0.0, 160.0, 0.0]",[0. 0. 0.],"[-160.0, 0.0, 0.0]","[2, 2]"
2025-10-20 10:59:16,Motion_Completed,"[-0.0, 160.0, 0.0]","[-160.0, -0.0, -0.0]","[-160.0, 0.0, 0.0]","[2, 2]"
2025-10-20 10:59:16,Motion_Completed,"[-0.0, 160.0, 0.0]","[-160.0, -0.0, -0.0]","[-160.0, 0.0, 0.0]","[2, 2]"
2025-10-20 10:59:16,Motion_Completed,"[-0.0, 160.0, 0.0]","[-160.0, -0.0, -0.0]","[-160.0, 0.0, 0.0]","[2, 2]"
2025-10-20 10:59:17,Motion_Completed,"[-0.0, 160.0, 0.0]","[-160.0, -0.0, -0.0]","[-160.0, 0.0, 0.0]","[2, 2]"
2025-10-20 10:59:17,Motion_Completed,"[-0.0, 160.0, 0.0]","[-160.0, -0.0, -0.0]","[-160.0, 0.0, 0.0]","[2, 2]"
2025-10-20 10:59:17,Motion_Completed,"[-0.0, 160.0, 0.0]","[-160.0, -0.0, -0.0]","[-160.0, 0.0, 0.0]","[2, 2]"
2025-10-20 10:59:17,Motion_Completed,"[-0.0, 160.0, 0.0]","[-160.0, -0.0, -0.0]","[-160.0, 0.0, 0.0]","[2, 2]"
2025-10-20 10:59:17,Motion_Completed,"[-0.0, 160.0, 0.0]","[-160.0, -0.0, -0.0]","[-160.0, 0.0, 0.0]","[2, 2]"
2025-10-20 10:59:17,Motion_Completed,"[-0.0, 160.0, 0.0]","[-160.0, -0.0, -0.0]","[-160.0, 0.0, 0.0]","[2, 2]"
2025-10-20 10:59:17,Motion_Completed,"[-0.0, 160.0, 0.0]","[-160.0, -0.0, -0.0]","[-160.0, 0.0, 0.0]","[2, 2]"
2025-10-20 10:59:17,Motion_Completed,"[-0.0, 160.0, 0.0]","[-160.0, -0.0, -0.0]","[-160.0, 0.0, 0.0]","[2, 2]"
2025-10-20 10:59:17,Motion_Completed,"[-0.0, 160.0, 0.0]","[-160.0, -0.0, -0.0]","[-160.0, 0.0, 0.0]","[2, 2]"
2025-10-20 10:59:17,Motion_Completed,"[-0.0, 160.0, 0.0]","[-160.0, -0.0, -0.0]","[-160.0, 0.0, 0.0]","[2, 2]"
2025-10-20 10:59:17,Motion_Completed,"[-0.0, 160.0, 0.0]","[-160.0, -0.0, -0.0]","[-160.0, 0.0, 0.0]","[2, 2]"
2025-10-20 10:59:17,Motion_Completed,"[-0.0, 160.0, 0.0]","[-160.0, -0.0, -0.0]","[-160.0, 0.0, 0.0]","[2, 2]"
2025-10-20 10:59:17,Motion_Completed,"[-0.0, 160.0, 0.0]","[-160.0, -0.0, -0.0]","[-160.0, 0.0, 0.0]","[2, 2]"
2025-10-20 10:59:17,4,"[-0.0, 160.0, 0.0]",[0. 0. 0.],"[-160.0, 0.0, 0.0]","[2, 2]"
2025-10-20 10:59:17,Motion_Completed,"[-0.0, 160.0, 0.0]","[-160.0, -0.0, -0.0]","[-160.0, 0.0, 0.0]","[2, 2]"
2025-10-20 10:59:17,Motion_Completed,"[-0.0, 160.0, 0.0]","[-160.0, -0.0, -0.0]","[-160.0, 0.0, 0.0]","[2, 2]"
2025-10-20 10:59:17,Motion_Completed,"[-0.0, 160.0, 0.0]","[-160.0, -0.0, -0.0]","[-160.0, 0.0, 0.0]","[2, 2]"
2025-10-20 10:59:17,Motion_Completed,"[-0.0, 160.0, 0.0]","[-160.0, -0.0, -0.0]","[-160.0, 0.0, 0.0]","[2, 2]"
2025-10-20 10:59:17,Motion_Completed,"[-0.0, 160.0, 0.0]","[-160.0, -0.0, -0.0]","[-160.0, 0.0, 0.0]","[2, 2]"
2025-10-20 10:59:17,Motion_Completed,"[-0.0, 160.0, 0.0]","[-160.0, -0.0, -0.0]","[-160.0, 0.0, 0.0]","[2, 2]"
2025-10-20 10:59:17,Motion_Completed,"[-0.0, 160.0, 0.0]","[-160.0, -0.0, -0.0]","[-160.0, 0.0, 0.0]","[2, 2]"
2025-10-20 10:59:17,Motion_Completed,"[-0.0, 160.0, 0.0]","[-160.0, -0.0, -0.0]","[-160.0, 0.0, 0.0]","[2, 2]"
2025-10-20 10:59:17,Motion_Completed,"[-0.0, 160.0, 0.0]","[-160.0, -0.0, -0.0]","[-160.0, 0.0, 0.0]","[2, 2]"
2025-10-20 10:59:17,Motion_Completed,"[-0.0, 160.0, 0.0]","[-160.0, -0.0, -0.0]","[-160.0, 0.0, 0.0]","[2, 2]"
2025-10-20 10:59:17,Motion_Completed,"[-0.0, 160.0, 0.0]","[-160.0, -0.0, -0.0]","[-160.0, 0.0, 0.0]","[2, 2]"
2025-10-20 10:59:17,Motion_Completed,"[-0.0, 160.0, 0.0]","[-160.0, -0.0, -0.0]","[-160.0, 0.0, 0.0]","[2, 2]"
2025-10-20 10:59:18,Motion_Completed,"[-0.0, 160.0, 0.0]","[-160.0, -0.0, -0.0]","[-160.0, 0.0, 0.0]","[2, 2]"
2025-10-20 10:59:18,Motion_Completed,"[-0.0, 160.0, 0.0]","[-160.0, -0.0, -0.0]","[-160.0, 0.0, 0.0]","[2, 2]"
2025-10-20 10:59:18,Motion_Completed,"[-0.0, 160.0, 0.0]","[-160.0, -0.0, -0.0]","[-160.0, 0.0, 0.0]","[2, 2]"
2025-10-20 10:59:18,4,"[-0.0, 160.0, 0.0]",[0. 0. 0.],"[-160.0, 0.0, 0.0]","[2, 2]"
2025-10-20 10:59:18,Motion_Completed,"[-0.0, 160.0, 0.0]","[-160.0, -0.0, -0.0]","[-160.0, 0.0, 0.0]","[2, 2]"
2025-10-20 10:59:18,Motion_Completed,"[-0.0, 160.0, 0.0]","[-160.0, -0.0, -0.0]","[-160.0, 0.0, 0.0]","[2, 2]"
2025-10-20 10:59:18,Motion_Completed,"[-0.0, 160.0, 0.0]","[-160.0, -0.0, -0.0]","[-160.0, 0.0, 0.0]","[2, 2]"
2025-10-20 10:59:18,Motion_Completed,"[-0.0, 160.0, 0.0]","[-160.0, -0.0, -0.0]","[-160.0, 0.0, 0.0]","[2, 2]"
2025-10-20 10:59:18,Motion_Completed,"[-0.0, 160.0, 0.0]","[-160.0, -0.0, -0.0]","[-160.0, 0.0, 0.0]","[2, 2]"
2025-10-20 10:59:18,Motion_Completed,"[-0.0, 160.0, 0.0]","[-160.0, -0.0, -0.0]","[-160.0, 0.0, 0.0]","[2, 2]"
2025-10-20 10:59:18,Motion_Completed,"[-0.0, 160.0, 0.0]","[-160.0, -0.0, -0.0]","[-160.0, 0.0, 0.0]","[2, 2]"
2025-10-20 10:59:18,Motion_Completed,"[-0.0, 160.0, 0.0]","[-160.0, -0.0, -0.0]","[-160.0, 0.0, 0.0]","[2, 2]"
2025-10-20 10:59:18,Motion_Completed,"[-0.0, 160.0, 0.0]","[-160.0, -0.0, -0.0]","[-160.0, 0.0, 0.0]","[2, 2]"
2025-10-20 10:59:18,Motion_Completed,"[-0.0, 160.0, 0.0]","[-160.0, -0.0, -0.0]","[-160.0, 0.0, 0.0]","[2, 2]"
2025-10-20 10:59:18,Motion_Completed,"[-0.0, 160.0, 0.0]","[-160.0, -0.0, -0.0]","[-160.0, 0.0, 0.0]","[2, 2]"
2025-10-20 10:59:18,Motion_Completed,"[-0.0, 160.0, 0.0]","[-160.0, -0.0, -0.0]","[-160.0, 0.0, 0.0]","[2, 2]"
2025-10-20 10:59:18,Motion_Completed,"[-0.0, 160.0, 0.0]","[-160.0, -0.0, -0.0]","[-160.0, 0.0, 0.0]","[2, 2]"
2025-10-20 10:59:18,Motion_Completed,"[-0.0, 160.0, 0.0]","[-160.0, -0.0, -0.0]","[-160.0, 0.0, 0.0]","[2, 2]"
2025-10-20 10:59:18,Motion_Completed,"[-0.0, 160.0, 0.0]","[-160.0, -0.0, -0.0]","[-160.0, 0.0, 0.0]","[2, 2]"
2025-10-20 10:59:18,4,"[-0.0, 160.0, 0.0]",[0. 0. 0.],"[-160.0, 0.0, 0.0]","[2, 2]"
2025-10-20 10:59:18,Motion_Completed,"[-0.0, 160.0, 0.0]","[-160.0, -0.0, -0.0]","[-160.0, 0.0, 0.0]","[2, 2]"
2025-10-20 10:59:18,Motion_Completed,"[-0.0, 160.0, 0.0]","[-160.0, -0.0, -0.0]","[-160.0, 0.0, 0.0]","[2, 2]"
2025-10-20 10:59:18,Motion_Completed,"[-0.0, 160.0, 0.0]","[-160.0, -0.0, -0.0]","[-160.0, 0.0, 0.0]","[2, 2]"
2025-10-20 10:59:18,Motion_Completed,"[-0.0, 160.0, 0.0]","[-160.0, -0.0, -0.0]","[-160.0, 0.0, 0.0]","[2, 2]"
2025-10-20 10:59:18,Motion_Completed,"[-0.0, 160.0, 0.0]","[-160.0, -0.0, -0.0]","[-160.0, 0.0, 0.0]","[2, 2]"
2025-10-20 10:59:18,Motion_Completed,"[-0.0, 160.0, 0.0]","[-160.0, -0.0, -0.0]","[-160.0, 0.0, 0.0]","[2, 2]"
2025-10-20 10:59:18,Motion_Completed,"[-0.0, 160.0, 0.0]","[-160.0, -0.0, -0.0]","[-160.0, 0.0, 0.0]","[2, 2]"
2025-10-20 10:59:19,Motion_Completed,"[-0.0, 160.0, 0.0]","[-160.0, -0.0, -0.0]","[-160.0, 0.0, 0.0]","[2, 2]"
2025-10-20 10:59:19,Motion_Completed,"[-0.0, 160.0, 0.0]","[-160.0, -0.0, -0.0]","[-160.0, 0.0, 0.0]","[2, 2]"
2025-10-20 10:59:19,Motion_Completed,"[-0.0, 160.0, 0.0]","[-160.0, -0.0, -0.0]","[-160.0, 0.0, 0.0]","[2, 2]"
2025-10-20 10:59:19,Motion_Completed,"[-0.0, 160.0, 0.0]","[-160.0, -0.0, -0.0]","[-160.0, 0.0, 0.0]","[2, 2]"
2025-10-20 10:59:19,Motion_Completed,"[-0.0, 160.0, 0.0]","[-160.0, -0.0, -0.0]","[-160.0, 0.0, 0.0]","[2, 2]"
2025-10-20 10:59:19,Motion_Completed,"[-0.0, 160.0, 0.0]","[-160.0, -0.0, -0.0]","[-160.0, 0.0, 0.0]","[2, 2]"
2025-10-20 10:59:19,Motion_Completed,"[-0.0, 160.0, 0.0]","[-160.0, -0.0, -0.0]","[-160.0, 0.0, 0.0]","[2, 2]"
2025-10-20 10:59:19,Motion_Completed,"[-0.0, 160.0, 0.0]","[-160.0, -0.0, -0.0]","[-160.0, 0.0, 0.0]","[2, 2]"
2025-10-20 10:59:19,4,"[-0.0, 160.0, 0.0]",[0. 0. 0.],"[-160.0, 0.0, 0.0]","[2, 2]"
2025-10-20 10:59:19,Motion_Completed,"[-0.0, 160.0, 0.0]","[-160.0, -0.0, -0.0]","[-160.0, 0.0, 0.0]","[2, 2]"
2025-10-20 10:59:19,Motion_Completed,"[-0.0, 160.0, 0.0]","[-160.0, -0.0, -0.0]","[-160.0, 0.0, 0.0]","[2, 2]"
2025-10-20 10:59:19,Motion_Completed,"[-0.0, 160.0, 0.0]","[-160.0, -0.0, -0.0]","[-160.0, 0.0, 0.0]","[2, 2]"
2025-10-20 10:59:19,Motion_Completed,"[-0.0, 160.0, 0.0]","[-160.0, -0.0, -0.0]","[-160.0, 0.0, 0.0]","[2, 2]"
2025-10-20 10:59:19,Motion_Completed,"[-0.0, 160.0, 0.0]","[-160.0, -0.0, -0.0]","[-160.0, 0.0, 0.0]","[2, 2]"
2025-10-20 10:59:19,Motion_Completed,"[-0.0, 160.0, 0.0]","[-160.0, -0.0, -0.0]","[-160.0, 0.0, 0.0]","[2, 2]"
2025-10-20 10:59:19,Motion_Completed,"[-0.0, 160.0, 0.0]","[-160.0, -0.0, -0.0]","[-160.0, 0.0, 0.0]","[2, 2]"
2025-10-20 10:59:19,Motion_Completed,"[-0.0, 160.0, 0.0]","[-160.0, -0.0, -0.0]","[-160.0, 0.0, 0.0]","[2, 2]"
2025-10-20 10:59:19,Motion_Completed,"[-0.0, 160.0, 0.0]","[-160.0, -0.0, -0.0]","[-160.0, 0.0, 0.0]","[2, 2]"
2025-10-20 10:59:19,Motion_Completed,"[-0.0, 160.0, 0.0]","[-160.0, -0.0, -0.0]","[-160.0, 0.0, 0.0]","[2, 2]"
2025-10-20 10:59:19,Motion_Completed,"[-0.0, 160.0, 0.0]","[-160.0, -0.0, -0.0]","[-160.0, 0.0, 0.0]","[2, 2]"
2025-10-20 10:59:19,Motion_Completed,"[-0.0, 160.0, 0.0]","[-160.0, -0.0, -0.0]","[-160.0, 0.0, 0.0]","[2, 2]"
2025-10-20 10:59:19,Motion_Completed,"[-0.0, 160.0, 0.0]","[-160.0, -0.0, -0.0]","[-160.0, 0.0, 0.0]","[2, 2]"
2025-10-20 10:59:19,Motion_Completed,"[-0.0, 160.0, 0.0]","[-160.0, -0.0, -0.0]","[-160.0, 0.0, 0.0]","[2, 2]"
2025-10-20 10:59:19,Motion_Completed,"[-0.0, 160.0, 0.0]","[-160.0, -0.0, -0.0]","[-160.0, 0.0, 0.0]","[2, 2]"
2025-10-20 10:59:19,Motion_Completed,"[-0.0, 160.0, 0.0]","[-160.0, -0.0, -0.0]","[-160.0, 0.0, 0.0]","[2, 2]"
2025-10-20 10:59:19,Motion_Completed,"[-0.0, 160.0, 0.0]","[-160.0, -0.0, -0.0]","[-160.0, 0.0, 0.0]","[2, 2]"
2025-10-20 10:59:20,Motion_Completed,"[-0.0, 160.0, 0.0]","[-160.0, -0.0, -0.0]","[-160.0, 0.0, 0.0]","[2, 2]"
2025-10-20 10:59:20,Motion_Completed,"[-0.0, 160.0, 0.0]","[-160.0, -0.0, -0.0]","[-160.0, 0.0, 0.0]","[2, 2]"
2025-10-20 10:59:20,Motion_Completed,"[-0.0, 160.0, 0.0]","[-160.0, -0.0, -0.0]","[-160.0, 0.0, 0.0]","[2, 2]"
2025-10-20 10:59:20,Motion_Completed,"[-0.0, 160.0, 0.0]","[-160.0, -0.0, -0.0]","[-160.0, 0.0, 0.0]","[2, 2]"
2025-10-20 10:59:20,Motion_Completed,"[-0.0, 160.0, 0.0]","[-160.0, -0.0, -0.0]","[-160.0, 0.0, 0.0]","[2, 2]"
2025-10-20 10:59:20,Motion_Completed,"[-0.0, 160.0, 0.0]","[-160.0, -0.0, -0.0]","[-160.0, 0.0, 0.0]","[2, 2]"
2025-10-20 10:59:20,Motion_Completed,"[-0.0, 160.0, 0.0]","[-160.0, -0.0, -0.0]","[-160.0, 0.0, 0.0]","[2, 2]"
2025-10-20 10:59:20,Motion_Completed,"[-0.0, 160.0, 0.0]","[-160.0, -0.0, -0.0]","[-160.0, 0.0, 0.0]","[2, 2]"
2025-10-20 10:59:20,Motion_Completed,"[-0.0, 160.0, 0.0]","[-160.0, -0.0, -0.0]","[-160.0, 0.0, 0.0]","[2, 2]"
2025-10-20 10:59:20,Motion_Completed,"[-0.0, 160.0, 0.0]","[-160.0, -0.0, -0.0]","[-160.0, 0.0, 0.0]","[2, 2]"
2025-10-20 10:59:20,Motion_Completed,"[-0.0, 160.0, 0.0]","[-160.0, -0.0, -0.0]","[-160.0, 0.0, 0.0]","[2, 2]"
2025-10-20 10:59:20,Motion_Completed,"[-0.0, 160.0, 0.0]","[-160.0, -0.0, -0.0]","[-160.0, 0.0, 0.0]","[2, 2]"
2025-10-20 10:59:20,Motion_Completed,"[-0.0, 160.0, 0.0]","[-160.0, -0.0, -0.0]","[-160.0, 0.0, 0.0]","[2, 2]"
2025-10-20 10:59:20,Motion_Completed,"[-0.0, 160.0, 0.0]","[-160.0, -0.0, -0.0]","[-160.0, 0.0, 0.0]","[2, 2]"
2025-10-20 10:59:20,Motion_Completed,"[-0.0, 160.0, 0.0]","[-160.0, -0.0, -0.0]","[-160.0, 0.0, 0.0]","[2, 2]"
2025-10-20 10:59:20,Motion_Completed,"[-0.0, 160.0, 0.0]","[-160.0, -0.0, -0.0]","[-160.0, 0.0, 0.0]","[2, 2]"
2025-10-20 10:59:20,Motion_Completed,"[-0.0, 160.0, 0.0]","[-160.0, -0.0, -0.0]","[-160.0, 0.0, 0.0]","[2, 2]"
2025-10-20 10:59:20,Motion_Completed,"[-0.0, 160.0, 0.0]","[-160.0, -0.0, -0.0]","[-160.0, 0.0, 0.0]","[2, 2]"
2025-10-20 10:59:20,Motion_Completed,"[-0.0, 160.0, 0.0]","[-160.0, -0.0, -0.0]","[-160.0, 0.0, 0.0]","[2, 2]"
2025-10-20 10:59:20,Motion_Completed,"[-0.0, 160.0, 0.0]","[-160.0, -0.0, -0.0]","[-160.0, 0.0, 0.0]","[2, 2]"
2025-10-20 10:59:20,2,"[-0.0, 160.0, 0.0]",[ 0. 10.  0.],"[-160.0, 0.0, 0.0]","[2, 2]"
2025-10-20 10:59:20,Limit_Judge_Triggered,"[-0.0, 160.0, 0.0]","[160.0, -170.0]","[-160.0, 0.0, 0.0]","[2, 2]"
2025-10-20 10:59:20,Limit_Judge_Triggered,"[-0.0, 160.0, 0.0]","[160.0, -170.0]","[-160.0, 0.0, 0.0]","[2, 2]"
2025-10-20 10:59:20,Limit_Judge_Triggered,"[-0.0, 160.0, 0.0]","[160.0, -170.0]","[-160.0, 0.0, 0.0]","[2, 2]"
2025-10-20 10:59:20,Limit_Judge_Triggered,"[-0.0, 160.0, 0.0]","[160.0, -170.0]","[-160.0, 0.0, 0.0]","[2, 2]"
2025-10-20 10:59:20,Limit_Judge_Triggered,"[-0.0, 160.0, 0.0]","[160.0, -170.0]","[-160.0, 0.0, 0.0]","[2, 2]"
2025-10-20 10:59:21,Limit_Judge_Triggered,"[-0.0, 160.0, 0.0]","[160.0, -170.0]","[-160.0, 0.0, 0.0]","[2, 2]"
2025-10-20 10:59:21,Limit_Judge_Triggered,"[-0.0, 160.0, 0.0]","[160.0, -170.0]","[-160.0, 0.0, 0.0]","[2, 2]"
2025-10-20 10:59:21,Limit_Judge_Triggered,"[-0.0, 160.0, 0.0]","[160.0, -170.0]","[-160.0, 0.0, 0.0]","[2, 2]"
2025-10-20 10:59:21,Limit_Judge_Triggered,"[-0.0, 160.0, 0.0]","[160.0, -170.0]","[-160.0, 0.0, 0.0]","[2, 2]"
2025-10-20 10:59:21,Limit_Judge_Triggered,"[-0.0, 160.0, 0.0]","[160.0, -170.0]","[-160.0, 0.0, 0.0]","[2, 2]"
2025-10-20 10:59:21,Limit_Judge_Triggered,"[-0.0, 160.0, 0.0]","[160.0, -170.0]","[-160.0, 0.0, 0.0]","[2, 2]"
2025-10-20 10:59:21,Limit_Judge_Triggered,"[-0.0, 160.0, 0.0]","[160.0, -170.0]","[-160.0, 0.0, 0.0]","[2, 2]"
2025-10-20 10:59:21,Limit_Judge_Triggered,"[-0.0, 160.0, 0.0]","[160.0, -170.0]","[-160.0, 0.0, 0.0]","[2, 2]"
2025-10-20 10:59:21,Limit_Judge_Triggered,"[-0.0, 160.0, 0.0]","[160.0, -170.0]","[-160.0, 0.0, 0.0]","[2, 2]"
2025-10-20 10:59:21,Limit_Judge_Triggered,"[-0.0, 160.0, 0.0]","[160.0, -170.0]","[-160.0, 0.0, 0.0]","[2, 2]"
2025-10-20 10:59:21,Limit_Judge_Triggered,"[-0.0, 160.0, 0.0]","[160.0, -170.0]","[-160.0, 0.0, 0.0]","[2, 2]"
2025-10-20 10:59:21,Limit_Judge_Triggered,"[-0.0, 160.0, 0.0]","[160.0, -170.0]","[-160.0, 0.0, 0.0]","[2, 2]"
2025-10-20 10:59:21,Limit_Judge_Triggered,"[-0.0, 160.0, 0.0]","[160.0, -170.0]","[-160.0, 0.0, 0.0]","[2, 2]"
2025-10-20 10:59:21,Limit_Judge_Triggered,"[-0.0, 160.0, 0.0]","[160.0, -170.0]","[-160.0, 0.0, 0.0]","[2, 2]"
2025-10-20 10:59:21,Limit_Judge_Triggered,"[-0.0, 160.0, 0.0]","[160.0, -170.0]","[-160.0, 0.0, 0.0]","[2, 2]"
2025-10-20 10:59:21,Limit_Judge_Triggered,"[-0.0, 160.0, 0.0]","[160.0, -170.0]","[-160.0, 0.0, 0.0]","[2, 2]"
2025-10-20 10:59:21,Limit_Judge_Triggered,"[-0.0, 160.0, 0.0]","[160.0, -170.0]","[-160.0, 0.0, 0.0]","[2, 2]"
2025-10-20 10:59:21,Limit_Judge_Triggered,"[-0.0, 160.0, 0.0]","[160.0, -170.0]","[-160.0, 0.0, 0.0]","[2, 2]"
2025-10-20 10:59:21,Limit_Judge_Triggered,"[-0.0, 160.0, 0.0]","[160.0, -170.0]","[-160.0, 0.0, 0.0]","[2, 2]"
2025-10-20 10:59:21,Limit_Judge_Triggered,"[-0.0, 160.0, 0.0]","[160.0, -170.0]","[-160.0, 0.0, 0.0]","[2, 2]"
2025-10-20 10:59:21,Limit_Judge_Triggered,"[-0.0, 160.0, 0.0]","[160.0, -170.0]","[-160.0, 0.0, 0.0]","[2, 2]"
2025-10-20 10:59:21,Limit_Judge_Triggered,"[-0.0, 160.0, 0.0]","[160.0, -170.0]","[-160.0, 0.0, 0.0]","[2, 2]"
2025-10-20 10:59:21,Limit_Judge_Triggered,"[-0.0, 160.0, 0.0]","[160.0, -170.0]","[-160.0, 0.0, 0.0]","[2, 2]"
2025-10-20 10:59:21,Limit_Judge_Triggered,"[-0.0, 160.0, 0.0]","[160.0, -170.0]","[-160.0, 0.0, 0.0]","[2, 2]"
2025-10-20 10:59:21,Limit_Judge_Triggered,"[-0.0, 160.0, 0.0]","[160.0, -170.0]","[-160.0, 0.0, 0.0]","[2, 2]"
2025-10-20 10:59:22,Limit_Judge_Triggered,"[-0.0, 160.0, 0.0]","[160.0, -170.0]","[-160.0, 0.0, 0.0]","[2, 2]"
2025-10-20 10:59:22,Limit_Judge_Triggered,"[-0.0, 160.0, 0.0]","[160.0, -170.0]","[-160.0, 0.0, 0.0]","[2, 2]"
2025-10-20 10:59:22,Limit_Judge_Triggered,"[-0.0, 160.0, 0.0]","[160.0, -170.0]","[-160.0, 0.0, 0.0]","[2, 2]"
2025-10-20 10:59:22,Limit_Judge_Triggered,"[-0.0, 160.0, 0.0]","[160.0, -170.0]","[-160.0, 0.0, 0.0]","[2, 2]"
2025-10-20 10:59:22,Limit_Judge_Triggered,"[-0.0, 160.0, 0.0]","[160.0, -170.0]","[-160.0, 0.0, 0.0]","[2, 2]"
2025-10-20 10:59:22,Limit_Judge_Triggered,"[-0.0, 160.0, 0.0]","[160.0, -170.0]","[-160.0, 0.0, 0.0]","[2, 2]"
2025-10-20 10:59:22,Limit_Judge_Triggered,"[-0.0, 160.0, 0.0]","[160.0, -170.0]","[-160.0, 0.0, 0.0]","[2, 2]"
2025-10-20 10:59:22,Limit_Judge_Triggered,"[-0.0, 160.0, 0.0]","[160.0, -170.0]","[-160.0, 0.0, 0.0]","[2, 2]"
2025-10-20 10:59:22,Limit_Judge_Triggered,"[-0.0, 160.0, 0.0]","[160.0, -170.0]","[-160.0, 0.0, 0.0]","[2, 2]"
2025-10-20 10:59:22,Limit_Judge_Triggered,"[-0.0, 160.0, 0.0]","[160.0, -170.0]","[-160.0, 0.0, 0.0]","[2, 2]"
2025-10-20 10:59:22,Limit_Judge_Triggered,"[-0.0, 160.0, 0.0]","[160.0, -170.0]","[-160.0, 0.0, 0.0]","[2, 2]"
2025-10-20 10:59:22,Limit_Judge_Triggered,"[-0.0, 160.0, 0.0]","[160.0, -170.0]","[-160.0, 0.0, 0.0]","[2, 2]"
2025-10-20 10:59:22,Limit_Judge_Triggered,"[-0.0, 160.0, 0.0]","[160.0, -170.0]","[-160.0, 0.0, 0.0]","[2, 2]"
2025-10-20 10:59:22,Limit_Judge_Triggered,"[-0.0, 160.0, 0.0]","[160.0, -170.0]","[-160.0, 0.0, 0.0]","[2, 2]"
2025-10-20 10:59:22,Limit_Judge_Triggered,"[-0.0, 160.0, 0.0]","[160.0, -170.0]","[-160.0, 0.0, 0.0]","[2, 2]"
2025-10-20 10:59:22,Limit_Judge_Triggered,"[-0.0, 160.0, 0.0]","[160.0, -170.0]","[-160.0, 0.0, 0.0]","[2, 2]"
2025-10-20 10:59:22,Limit_Judge_Triggered,"[-0.0, 160.0, 0.0]","[160.0, -170.0]","[-160.0, 0.0, 0.0]","[2, 2]"
2025-10-20 10:59:22,Limit_Judge_Triggered,"[-0.0, 160.0, 0.0]","[160.0, -170.0]","[-160.0, 0.0, 0.0]","[2, 2]"
2025-10-20 10:59:22,Limit_Judge_Triggered,"[-0.0, 160.0, 0.0]","[160.0, -170.0]","[-160.0, 0.0, 0.0]","[2, 2]"
2025-10-20 10:59:22,Limit_Judge_Triggered,"[-0.0, 160.0, 0.0]","[160.0, -170.0]","[-160.0, 0.0, 0.0]","[2, 2]"
2025-10-20 10:59:22,Limit_Judge_Triggered,"[-0.0, 160.0, 0.0]","[160.0, -170.0]","[-160.0, 0.0, 0.0]","[2, 2]"
2025-10-20 10:59:22,Limit_Judge_Triggered,"[-0.0, 160.0, 0.0]","[160.0, -170.0]","[-160.0, 0.0, 0.0]","[2, 2]"
2025-10-20 10:59:22,Limit_Judge_Triggered,"[-0.0, 160.0, 0.0]","[160.0, -170.0]","[-160.0, 0.0, 0.0]","[2, 2]"
2025-10-20 10:59:22,Limit_Judge_Triggered,"[-0.0, 160.0, 0.0]","[160.0, -170.0]","[-160.0, 0.0, 0.0]","[2, 2]"
2025-10-20 10:59:22,Limit_Judge_Triggered,"[-0.0, 160.0, 0.0]","[160.0, -170.0]","[-160.0, 0.0, 0.0]","[2, 2]"
2025-10-20 10:59:23,Limit_Judge_Triggered,"[-0.0, 160.0, 0.0]","[160.0, -170.0]","[-160.0, 0.0, 0.0]","[2, 2]"
2025-10-20 10:59:23,Limit_Judge_Triggered,"[-0.0, 160.0, 0.0]","[160.0, -170.0]","[-160.0, 0.0, 0.0]","[2, 2]"
2025-10-20 10:59:23,Limit_Judge_Triggered,"[-0.0, 160.0, 0.0]","[160.0, -170.0]","[-160.0, 0.0, 0.0]","[2, 2]"
2025-10-20 10:59:23,Limit_Judge_Triggered,"[-0.0, 160.0, 0.0]","[160.0, -170.0]","[-160.0, 0.0, 0.0]","[2, 2]"
2025-10-20 10:59:23,Limit_Judge_Triggered,"[-0.0, 160.0, 0.0]","[160.0, -170.0]","[-160.0, 0.0, 0.0]","[2, 2]"
2025-10-20 10:59:23,Limit_Judge_Triggered,"[-0.0, 160.0, 0.0]","[160.0, -170.0]","[-160.0, 0.0, 0.0]","[2, 2]"
2025-10-20 10:59:23,Limit_Judge_Triggered,"[-0.0, 160.0, 0.0]","[160.0, -170.0]","[-160.0, 0.0, 0.0]","[2, 2]"
2025-10-20 10:59:23,Limit_Judge_Triggered,"[-0.0, 160.0, 0.0]","[160.0, -170.0]","[-160.0, 0.0, 0.0]","[2, 2]"
2025-10-20 10:59:23,Limit_Judge_Triggered,"[-0.0, 160.0, 0.0]","[160.0, -170.0]","[-160.0, 0.0, 0.0]","[2, 2]"
2025-10-20 10:59:23,Limit_Judge_Triggered,"[-0.0, 160.0, 0.0]","[160.0, -170.0]","[-160.0, 0.0, 0.0]","[2, 2]"
2025-10-20 10:59:23,Limit_Judge_Triggered,"[-0.0, 160.0, 0.0]","[160.0, -170.0]","[-160.0, 0.0, 0.0]","[2, 2]"
2025-10-20 10:59:23,Limit_Judge_Triggered,"[-0.0, 160.0, 0.0]","[160.0, -170.0]","[-160.0, 0.0, 0.0]","[2, 2]"
2025-10-20 10:59:23,Limit_Judge_Triggered,"[-0.0, 160.0, 0.0]","[160.0, -170.0]","[-160.0, 0.0, 0.0]","[2, 2]"
2025-10-20 10:59:23,Limit_Judge_Triggered,"[-0.0, 160.0, 0.0]","[160.0, -170.0]","[-160.0, 0.0, 0.0]","[2, 2]"
2025-10-20 10:59:23,Limit_Judge_Triggered,"[-0.0, 160.0, 0.0]","[160.0, -170.0]","[-160.0, 0.0, 0.0]","[2, 2]"
2025-10-20 10:59:23,Limit_Judge_Triggered,"[-0.0, 160.0, 0.0]","[160.0, -170.0]","[-160.0, 0.0, 0.0]","[2, 2]"
2025-10-20 10:59:23,Limit_Judge_Triggered,"[-0.0, 160.0, 0.0]","[160.0, -170.0]","[-160.0, 0.0, 0.0]","[2, 2]"
2025-10-20 10:59:23,Limit_Judge_Triggered,"[-0.0, 160.0, 0.0]","[160.0, -170.0]","[-160.0, 0.0, 0.0]","[2, 2]"
2025-10-20 10:59:23,Limit_Judge_Triggered,"[-0.0, 160.0, 0.0]","[160.0, -170.0]","[-160.0, 0.0, 0.0]","[2, 2]"
2025-10-20 10:59:23,Limit_Judge_Triggered,"[-0.0, 160.0, 0.0]","[160.0, -170.0]","[-160.0, 0.0, 0.0]","[2, 2]"
2025-10-20 10:59:23,Limit_Judge_Triggered,"[-0.0, 160.0, 0.0]","[160.0, -170.0]","[-160.0, 0.0, 0.0]","[2, 2]"
2025-10-20 10:59:23,Limit_Judge_Triggered,"[-0.0, 160.0, 0.0]","[160.0, -170.0]","[-160.0, 0.0, 0.0]","[2, 2]"
2025-10-20 10:59:23,Limit_Judge_Triggered,"[-0.0, 160.0, 0.0]","[160.0, -170.0]","[-160.0, 0.0, 0.0]","[2, 2]"
2025-10-20 10:59:23,Limit_Judge_Triggered,"[-0.0, 160.0, 0.0]","[160.0, -170.0]","[-160.0, 0.0, 0.0]","[2, 2]"
2025-10-20 10:59:23,Limit_Judge_Triggered,"[-0.0, 160.0, 0.0]","[160.0, -170.0]","[-160.0, 0.0, 0.0]","[2, 2]"
2025-10-20 10:59:24,Limit_Judge_Triggered,"[-0.0, 160.0, 0.0]","[160.0, -170.0]","[-160.0, 0.0, 0.0]","[2, 2]"
2025-10-20 10:59:24,Limit_Judge_Triggered,"[-0.0, 160.0, 0.0]","[160.0, -170.0]","[-160.0, 0.0, 0.0]","[2, 2]"
2025-10-20 10:59:24,Limit_Judge_Triggered,"[-0.0, 160.0, 0.0]","[160.0, -170.0]","[-160.0, 0.0, 0.0]","[2, 2]"
2025-10-20 10:59:24,Limit_Judge_Triggered,"[-0.0, 160.0, 0.0]","[160.0, -170.0]","[-160.0, 0.0, 0.0]","[2, 2]"
2025-10-20 10:59:24,Limit_Judge_Triggered,"[-0.0, 160.0, 0.0]","[160.0, -170.0]","[-160.0, 0.0, 0.0]","[2, 2]"
2025-10-20 10:59:24,Limit_Judge_Triggered,"[-0.0, 160.0, 0.0]","[160.0, -170.0]","[-160.0, 0.0, 0.0]","[2, 2]"
2025-10-20 10:59:24,Limit_Judge_Triggered,"[-0.0, 160.0, 0.0]","[160.0, -170.0]","[-160.0, 0.0, 0.0]","[2, 2]"
2025-10-20 10:59:24,Limit_Judge_Triggered,"[-0.0, 160.0, 0.0]","[160.0, -170.0]","[-160.0, 0.0, 0.0]","[2, 2]"
2025-10-20 10:59:24,Limit_Judge_Triggered,"[-0.0, 160.0, 0.0]","[160.0, -170.0]","[-160.0, 0.0, 0.0]","[2, 2]"
2025-10-20 10:59:24,Limit_Judge_Triggered,"[-0.0, 160.0, 0.0]","[160.0, -170.0]","[-160.0, 0.0, 0.0]","[2, 2]"
2025-10-20 10:59:24,Limit_Judge_Triggered,"[-0.0, 160.0, 0.0]","[160.0, -170.0]","[-160.0, 0.0, 0.0]","[2, 2]"
2025-10-20 10:59:24,Limit_Judge_Triggered,"[-0.0, 160.0, 0.0]","[160.0, -170.0]","[-160.0, 0.0, 0.0]","[2, 2]"
2025-10-20 10:59:24,Limit_Judge_Triggered,"[-0.0, 160.0, 0.0]","[160.0, -170.0]","[-160.0, 0.0, 0.0]","[2, 2]"
2025-10-20 10:59:24,Limit_Judge_Triggered,"[-0.0, 160.0, 0.0]","[160.0, -170.0]","[-160.0, 0.0, 0.0]","[2, 2]"
2025-10-20 10:59:24,4,"[-0.0, 160.0, 0.0]",[0. 0. 0.],"[-160.0, 0.0, 0.0]","[2, 2]"
2025-10-20 10:59:24,Motion_Completed,"[-0.0, 160.0, 0.0]","[-160.0, -0.0, -0.0]","[-160.0, 0.0, 0.0]","[2, 2]"
2025-10-20 10:59:24,Motion_Completed,"[-0.0, 160.0, 0.0]","[-160.0, -0.0, -0.0]","[-160.0, 0.0, 0.0]","[2, 2]"
2025-10-20 10:59:24,Motion_Completed,"[-0.0, 160.0, 0.0]","[-160.0, -0.0, -0.0]","[-160.0, 0.0, 0.0]","[2, 2]"
2025-10-20 10:59:24,Motion_Completed,"[-0.0, 160.0, 0.0]","[-160.0, -0.0, -0.0]","[-160.0, 0.0, 0.0]","[2, 2]"
2025-10-20 10:59:24,Motion_Completed,"[-0.0, 160.0, 0.0]","[-160.0, -0.0, -0.0]","[-160.0, 0.0, 0.0]","[2, 2]"
2025-10-20 10:59:24,Motion_Completed,"[-0.0, 160.0, 0.0]","[-160.0, -0.0, -0.0]","[-160.0, 0.0, 0.0]","[2, 2]"
2025-10-20 10:59:24,Motion_Completed,"[-0.0, 160.0, 0.0]","[-160.0, -0.0, -0.0]","[-160.0, 0.0, 0.0]","[2, 2]"
2025-10-20 10:59:24,Motion_Completed,"[-0.0, 160.0, 0.0]","[-160.0, -0.0, -0.0]","[-160.0, 0.0, 0.0]","[2, 2]"
2025-10-20 10:59:24,Motion_Completed,"[-0.0, 160.0, 0.0]","[-160.0, -0.0, -0.0]","[-160.0, 0.0, 0.0]","[2, 2]"
2025-10-20 10:59:24,Motion_Completed,"[-0.0, 160.0, 0.0]","[-160.0, -0.0, -0.0]","[-160.0, 0.0, 0.0]","[2, 2]"
2025-10-20 10:59:24,Motion_Completed,"[-0.0, 160.0, 0.0]","[-160.0, -0.0, -0.0]","[-160.0, 0.0, 0.0]","[2, 2]"
2025-10-20 10:59:25,Motion_Completed,"[-0.0, 160.0, 0.0]","[-160.0, -0.0, -0.0]","[-160.0, 0.0, 0.0]","[2, 2]"
2025-10-20 10:59:25,Motion_Completed,"[-0.0, 160.0, 0.0]","[-160.0, -0.0, -0.0]","[-160.0, 0.0, 0.0]","[2, 2]"
2025-10-20 10:59:25,Motion_Completed,"[-0.0, 160.0, 0.0]","[-160.0, -0.0, -0.0]","[-160.0, 0.0, 0.0]","[2, 2]"
2025-10-20 10:59:25,Motion_Completed,"[-0.0, 160.0, 0.0]","[-160.0, -0.0, -0.0]","[-160.0, 0.0, 0.0]","[2, 2]"
2025-10-20 10:59:25,4,"[-0.0, 160.0, 0.0]",[0. 0. 0.],"[-160.0, 0.0, 0.0]","[2, 2]"
2025-10-20 10:59:25,Motion_Completed,"[-0.0, 160.0, 0.0]","[-160.0, -0.0, -0.0]","[-160.0, 0.0, 0.0]","[2, 2]"
2025-10-20 10:59:25,Motion_Completed,"[-0.0, 160.0, 0.0]","[-160.0, -0.0, -0.0]","[-160.0, 0.0, 0.0]","[2, 2]"
2025-10-20 10:59:25,Motion_Completed,"[-0.0, 160.0, 0.0]","[-160.0, -0.0, -0.0]","[-160.0, 0.0, 0.0]","[2, 2]"
2025-10-20 10:59:25,Motion_Completed,"[-0.0, 160.0, 0.0]","[-160.0, -0.0, -0.0]","[-160.0, 0.0, 0.0]","[2, 2]"
2025-10-20 10:59:25,Motion_Completed,"[-0.0, 160.0, 0.0]","[-160.0, -0.0, -0.0]","[-160.0, 0.0, 0.0]","[2, 2]"
2025-10-20 10:59:25,Motion_Completed,"[-0.0, 160.0, 0.0]","[-160.0, -0.0, -0.0]","[-160.0, 0.0, 0.0]","[2, 2]"
2025-10-20 10:59:25,Motion_Completed,"[-0.0, 160.0, 0.0]","[-160.0, -0.0, -0.0]","[-160.0, 0.0, 0.0]","[2, 2]"
2025-10-20 10:59:25,Motion_Completed,"[-0.0, 160.0, 0.0]","[-160.0, -0.0, -0.0]","[-160.0, 0.0, 0.0]","[2, 2]"
2025-10-20 10:59:25,Motion_Completed,"[-0.0, 160.0, 0.0]","[-160.0, -0.0, -0.0]","[-160.0, 0.0, 0.0]","[2, 2]"
2025-10-20 10:59:25,Motion_Completed,"[-0.0, 160.0, 0.0]","[-160.0, -0.0, -0.0]","[-160.0, 0.0, 0.0]","[2, 2]"
2025-10-20 10:59:25,Motion_Completed,"[-0.0, 160.0, 0.0]","[-160.0, -0.0, -0.0]","[-160.0, 0.0, 0.0]","[2, 2]"
2025-10-20 10:59:25,Motion_Completed,"[-0.0, 160.0, 0.0]","[-160.0, -0.0, -0.0]","[-160.0, 0.0, 0.0]","[2, 2]"
2025-10-20 10:59:25,Motion_Completed,"[-0.0, 160.0, 0.0]","[-160.0, -0.0, -0.0]","[-160.0, 0.0, 0.0]","[2, 2]"
2025-10-20 10:59:25,Motion_Completed,"[-0.0, 160.0, 0.0]","[-160.0, -0.0, -0.0]","[-160.0, 0.0, 0.0]","[2, 2]"
2025-10-20 10:59:25,Motion_Completed,"[-0.0, 160.0, 0.0]","[-160.0, -0.0, -0.0]","[-160.0, 0.0, 0.0]","[2, 2]"
2025-10-20 10:59:25,4,"[-0.0, 160.0, 0.0]",[0. 0. 0.],"[-160.0, 0.0, 0.0]","[2, 2]"
2025-10-20 10:59:25,Motion_Completed,"[-0.0, 160.0, 0.0]","[-160.0, -0.0, -0.0]","[-160.0, 0.0, 0.0]","[2, 2]"
2025-10-20 10:59:25,Motion_Completed,"[-0.0, 160.0, 0.0]","[-160.0, -0.0, -0.0]","[-160.0, 0.0, 0.0]","[2, 2]"
2025-10-20 10:59:25,Motion_Completed,"[-0.0, 160.0, 0.0]","[-160.0, -0.0, -0.0]","[-160.0, 0.0, 0.0]","[2, 2]"
2025-10-20 10:59:25,Motion_Completed,"[-0.0, 160.0, 0.0]","[-160.0, -0.0, -0.0]","[-160.0, 0.0, 0.0]","[2, 2]"
2025-10-20 10:59:25,Motion_Completed,"[-0.0, 160.0, 0.0]","[-160.0, -0.0, -0.0]","[-160.0, 0.0, 0.0]","[2, 2]"
2025-10-20 10:59:25,2,"[-0.0, 160.0, 0.0]",[  0. -10.   0.],"[-160.0, 0.0, 0.0]","[2, 2]"
2025-10-20 10:59:26,4,"[-0.0, 159.3280029296875, 0.0]",[0. 0. 0.],"[-159.3280029296875, 0.0, 0.0]","[2, 2]"
2025-10-20 10:59:26,Motion_Completed,"[-0.0, 158.73899841308594, 0.0]","[-158.74064837905235, -0.0, -0.0]","[-158.73899841308594, 0.0, 0.0]","[2, 2]"
2025-10-20 10:59:26,Motion_Completed,"[-0.0, 158.73199462890625, 0.0]","[-158.74064837905235, -0.0, -0.0]","[-158.73199462890625, 0.0, 0.0]","[2, 2]"
2025-10-20 10:59:26,Motion_Completed,"[-0.0, 158.72999572753906, 0.0]","[-158.74064837905235, -0.0, -0.0]","[-158.72999572753906, 0.0, 0.0]","[2, 2]"
2025-10-20 10:59:26,Motion_Completed,"[-0.0, 158.72999572753906, 0.0]","[-158.74064837905235, -0.0, -0.0]","[-158.72999572753906, 0.0, 0.0]","[2, 2]"
2025-10-20 10:59:26,Motion_Completed,"[-0.0, 158.72999572753906, 0.0]","[-158.74064837905235, -0.0, -0.0]","[-158.72999572753906, 0.0, 0.0]","[2, 2]"
2025-10-20 10:59:26,Motion_Completed,"[-0.0, 158.72999572753906, 0.0]","[-158.74064837905235, -0.0, -0.0]","[-158.72999572753906, 0.0, 0.0]","[2, 2]"
2025-10-20 10:59:26,Motion_Completed,"[-0.0, 158.7310028076172, 0.0]","[-158.74064837905235, -0.0, -0.0]","[-158.7310028076172, 0.0, 0.0]","[2, 2]"
2025-10-20 10:59:26,Motion_Completed,"[-0.0, 158.7310028076172, 0.0]","[-158.74064837905235, -0.0, -0.0]","[-158.7310028076172, 0.0, 0.0]","[2, 2]"
2025-10-20 10:59:26,Motion_Completed,"[-0.0, 158.7310028076172, 0.0]","[-158.74064837905235, -0.0, -0.0]","[-158.7310028076172, 0.0, 0.0]","[2, 2]"
2025-10-20 10:59:26,Motion_Completed,"[-0.0, 158.7310028076172, 0.0]","[-158.74064837905235, -0.0, -0.0]","[-158.7310028076172, 0.0, 0.0]","[2, 2]"
2025-10-20 10:59:26,Motion_Completed,"[-0.0, 158.7310028076172, 0.0]","[-158.74064837905235, -0.0, -0.0]","[-158.7310028076172, 0.0, 0.0]","[2, 2]"
2025-10-20 10:59:26,Motion_Completed,"[-0.0, 158.7310028076172, 0.0]","[-158.74064837905235, -0.0, -0.0]","[-158.7310028076172, 0.0, 0.0]","[2, 2]"
2025-10-20 10:59:26,4,"[-0.0, 158.7310028076172, 0.0]",[0. 0. 0.],"[-158.7310028076172, 0.0, 0.0]","[2, 2]"
2025-10-20 10:59:26,Motion_Completed,"[-0.0, 158.73199462890625, 0.0]","[-158.74064837905235, -0.0, -0.0]","[-158.73199462890625, 0.0, 0.0]","[2, 2]"
2025-10-20 10:59:27,Motion_Completed,"[-0.0, 158.73199462890625, 0.0]","[-158.74064837905235, -0.0, -0.0]","[-158.73199462890625, 0.0, 0.0]","[2, 2]"
2025-10-20 10:59:27,Motion_Completed,"[-0.0, 158.73199462890625, 0.0]","[-158.74064837905235, -0.0, -0.0]","[-158.73199462890625, 0.0, 0.0]","[2, 2]"
2025-10-20 10:59:27,Motion_Completed,"[-0.0, 158.73199462890625, 0.0]","[-158.74064837905235, -0.0, -0.0]","[-158.73199462890625, 0.0, 0.0]","[2, 2]"
2025-10-20 10:59:27,Motion_Completed,"[-0.0, 158.73199462890625, 0.0]","[-158.74064837905235, -0.0, -0.0]","[-158.73199462890625, 0.0, 0.0]","[2, 2]"
2025-10-20 10:59:27,Motion_Completed,"[-0.0, 158.73300170898438, 0.0]","[-158.74064837905235, -0.0, -0.0]","[-158.73300170898438, 0.0, 0.0]","[2, 2]"
2025-10-20 10:59:27,Motion_Completed,"[-0.0, 158.73300170898438, 0.0]","[-158.74064837905235, -0.0, -0.0]","[-158.73300170898438, 0.0, 0.0]","[2, 2]"
2025-10-20 10:59:27,Motion_Completed,"[-0.0, 158.73300170898438, 0.0]","[-158.74064837905235, -0.0, -0.0]","[-158.73300170898438, 0.0, 0.0]","[2, 2]"
2025-10-20 10:59:27,Motion_Completed,"[-0.0, 158.73300170898438, 0.0]","[-158.74064837905235, -0.0, -0.0]","[-158.73300170898438, 0.0, 0.0]","[2, 2]"
2025-10-20 10:59:27,Motion_Completed,"[-0.0, 158.73399353027344, 0.0]","[-158.74064837905235, -0.0, -0.0]","[-158.73399353027344, 0.0, 0.0]","[2, 2]"
2025-10-20 10:59:27,Motion_Completed,"[-0.0, 158.73399353027344, 0.0]","[-158.74064837905235, -0.0, -0.0]","[-158.73399353027344, 0.0, 0.0]","[2, 2]"
2025-10-20 10:59:27,Motion_Completed,"[-0.0, 158.73399353027344, 0.0]","[-158.74064837905235, -0.0, -0.0]","[-158.73399353027344, 0.0, 0.0]","[2, 2]"
2025-10-20 10:59:27,Motion_Completed,"[-0.0, 158.73500061035156, 0.0]","[-158.74064837905235, -0.0, -0.0]","[-158.73500061035156, 0.0, 0.0]","[2, 2]"
2025-10-20 10:59:27,Motion_Completed,"[-0.0, 158.73500061035156, 0.0]","[-158.74064837905235, -0.0, -0.0]","[-158.73500061035156, 0.0, 0.0]","[2, 2]"
2025-10-20 10:59:27,Motion_Completed,"[-0.0, 158.73500061035156, 0.0]","[-158.74064837905235, -0.0, -0.0]","[-158.73500061035156, 0.0, 0.0]","[2, 2]"
2025-10-20 10:59:27,4,"[-0.0, 158.73599243164062, 0.0]",[0. 0. 0.],"[-158.73599243164062, 0.0, 0.0]","[2, 2]"
2025-10-20 10:59:27,Motion_Completed,"[-0.0, 158.73599243164062, 0.0]","[-158.74064837905235, -0.0, -0.0]","[-158.73599243164062, 0.0, 0.0]","[2, 2]"
2025-10-20 10:59:27,Motion_Completed,"[-0.0, 158.73599243164062, 0.0]","[-158.74064837905235, -0.0, -0.0]","[-158.73599243164062, 0.0, 0.0]","[2, 2]"
2025-10-20 10:59:27,Motion_Completed,"[-0.0, 158.73599243164062, 0.0]","[-158.74064837905235, -0.0, -0.0]","[-158.73599243164062, 0.0, 0.0]","[2, 2]"
2025-10-20 10:59:27,Motion_Completed,"[-0.0, 158.73699951171875, 0.0]","[-158.74064837905235, -0.0, -0.0]","[-158.73699951171875, 0.0, 0.0]","[2, 2]"
2025-10-20 10:59:27,Motion_Completed,"[-0.0, 158.73699951171875, 0.0]","[-158.74064837905235, -0.0, -0.0]","[-158.73699951171875, 0.0, 0.0]","[2, 2]"
2025-10-20 10:59:27,Motion_Completed,"[-0.0, 158.73699951171875, 0.0]","[-158.74064837905235, -0.0, -0.0]","[-158.73699951171875, 0.0, 0.0]","[2, 2]"
2025-10-20 10:59:27,Motion_Completed,"[-0.0, 158.73800659179688, 0.0]","[-158.74064837905235, -0.0, -0.0]","[-158.73800659179688, 0.0, 0.0]","[2, 2]"
2025-10-20 10:59:27,Motion_Completed,"[-0.0, 158.73800659179688, 0.0]","[-158.74064837905235, -0.0, -0.0]","[-158.73800659179688, 0.0, 0.0]","[2, 2]"
2025-10-20 10:59:27,Motion_Completed,"[-0.0, 158.73800659179688, 0.0]","[-158.74064837905235, -0.0, -0.0]","[-158.73800659179688, 0.0, 0.0]","[2, 2]"
2025-10-20 10:59:27,Motion_Completed,"[-0.0, 158.73899841308594, 0.0]","[-158.74064837905235, -0.0, -0.0]","[-158.73899841308594, 0.0, 0.0]","[2, 2]"
2025-10-20 10:59:27,Motion_Completed,"[-0.0, 158.73899841308594, 0.0]","[-158.74064837905235, -0.0, -0.0]","[-158.73899841308594, 0.0, 0.0]","[2, 2]"
2025-10-20 10:59:28,Motion_Completed,"[-0.0, 158.73899841308594, 0.0]","[-158.74064837905235, -0.0, -0.0]","[-158.73899841308594, 0.0, 0.0]","[2, 2]"
2025-10-20 10:59:28,Motion_Completed,"[-0.0, 158.74000549316406, 0.0]","[-158.74064837905235, -0.0, -0.0]","[-158.74000549316406, 0.0, 0.0]","[2, 2]"
2025-10-20 10:59:28,Motion_Completed,"[-0.0, 158.74000549316406, 0.0]","[-158.74064837905235, -0.0, -0.0]","[-158.74000549316406, 0.0, 0.0]","[2, 2]"
2025-10-20 10:59:28,Motion_Completed,"[-0.0, 158.74000549316406, 0.0]","[-158.74064837905235, -0.0, -0.0]","[-158.74000549316406, 0.0, 0.0]","[2, 2]"
2025-10-20 10:59:28,Motion_Completed,"[-0.0, 158.74000549316406, 0.0]","[-158.74064837905235, -0.0, -0.0]","[-158.74000549316406, 0.0, 0.0]","[2, 2]"
2025-10-20 10:59:28,Motion_Completed,"[-0.0, 158.74099731445312, 0.0]","[-158.74064837905235, -0.0, -0.0]","[-158.74099731445312, 0.0, 0.0]","[2, 2]"
2025-10-20 10:59:28,Motion_Completed,"[-0.0, 158.74099731445312, 0.0]","[-158.74064837905235, -0.0, -0.0]","[-158.74099731445312, 0.0, 0.0]","[2, 2]"
2025-10-20 10:59:28,Motion_Completed,"[-0.0, 158.74099731445312, 0.0]","[-158.74064837905235, -0.0, -0.0]","[-158.74099731445312, 0.0, 0.0]","[2, 2]"
2025-10-20 10:59:28,Motion_Completed,"[-0.0, 158.74099731445312, 0.0]","[-158.74064837905235, -0.0, -0.0]","[-158.74099731445312, 0.0, 0.0]","[2, 2]"
2025-10-20 10:59:28,Motion_Completed,"[-0.0, 158.74099731445312, 0.0]","[-158.74064837905235, -0.0, -0.0]","[-158.74099731445312, 0.0, 0.0]","[2, 2]"
2025-10-20 10:59:28,Motion_Completed,"[-0.0, 158.74099731445312, 0.0]","[-158.74064837905235, -0.0, -0.0]","[-158.74099731445312, 0.0, 0.0]","[2, 2]"
2025-10-20 10:59:28,Motion_Completed,"[-0.0, 158.74099731445312, 0.0]","[-158.74064837905235, -0.0, -0.0]","[-158.74099731445312, 0.0, 0.0]","[2, 2]"
2025-10-20 10:59:28,Motion_Completed,"[-0.0, 158.74099731445312, 0.0]","[-158.74064837905235, -0.0, -0.0]","[-158.74099731445312, 0.0, 0.0]","[2, 2]"
2025-10-20 10:59:28,Motion_Completed,"[-0.0, 158.74099731445312, 0.0]","[-158.74064837905235, -0.0, -0.0]","[-158.74099731445312, 0.0, 0.0]","[2, 2]"
2025-10-20 10:59:28,Motion_Completed,"[-0.0, 158.74200439453125, 0.0]","[-158.74064837905235, -0.0, -0.0]","[-158.74200439453125, 0.0, 0.0]","[2, 2]"
2025-10-20 10:59:28,Motion_Completed,"[-0.0, 158.74200439453125, 0.0]","[-158.74064837905235, -0.0, -0.0]","[-158.74200439453125, 0.0, 0.0]","[2, 2]"
2025-10-20 10:59:28,Motion_Completed,"[-0.0, 158.74200439453125, 0.0]","[-158.74064837905235, -0.0, -0.0]","[-158.74200439453125, 0.0, 0.0]","[2, 2]"
2025-10-20 10:59:28,Motion_Completed,"[-0.0, 158.74200439453125, 0.0]","[-158.74064837905235, -0.0, -0.0]","[-158.74200439453125, 0.0, 0.0]","[2, 2]"
2025-10-20 10:59:28,Motion_Completed,"[-0.0, 158.74200439453125, 0.0]","[-158.74064837905235, -0.0, -0.0]","[-158.74200439453125, 0.0, 0.0]","[2, 2]"
2025-10-20 10:59:28,Motion_Completed,"[-0.0, 158.74200439453125, 0.0]","[-158.74064837905235, -0.0, -0.0]","[-158.74200439453125, 0.0, 0.0]","[2, 2]"
2025-10-20 10:59:28,Motion_Completed,"[-0.0, 158.74200439453125, 0.0]","[-158.74064837905235, -0.0, -0.0]","[-158.74200439453125, 0.0, 0.0]","[2, 2]"
2025-10-20 10:59:28,Motion_Completed,"[-0.0, 158.74200439453125, 0.0]","[-158.74064837905235, -0.0, -0.0]","[-158.74200439453125, 0.0, 0.0]","[2, 2]"
2025-10-20 10:59:28,Motion_Completed,"[-0.0, 158.74200439453125, 0.0]","[-158.74064837905235, -0.0, -0.0]","[-158.74200439453125, 0.0, 0.0]","[2, 2]"
2025-10-20 10:59:28,Motion_Completed,"[-0.0, 158.74200439453125, 0.0]","[-158.74064837905235, -0.0, -0.0]","[-158.74200439453125, 0.0, 0.0]","[2, 2]"
2025-10-20 10:59:28,Motion_Completed,"[-0.0, 158.74200439453125, 0.0]","[-158.74064837905235, -0.0, -0.0]","[-158.74200439453125, 0.0, 0.0]","[2, 2]"
2025-10-20 10:59:29,Motion_Completed,"[-0.0, 158.74200439453125, 0.0]","[-158.74064837905235, -0.0, -0.0]","[-158.74200439453125, 0.0, 0.0]","[2, 2]"
2025-10-20 10:59:29,Motion_Completed,"[-0.0, 158.74200439453125, 0.0]","[-158.74064837905235, -0.0, -0.0]","[-158.74200439453125, 0.0, 0.0]","[2, 2]"
2025-10-20 10:59:29,Motion_Completed,"[-0.0, 158.74200439453125, 0.0]","[-158.74064837905235, -0.0, -0.0]","[-158.74200439453125, 0.0, 0.0]","[2, 2]"
2025-10-20 10:59:29,Motion_Completed,"[-0.0, 158.74200439453125, 0.0]","[-158.74064837905235, -0.0, -0.0]","[-158.74200439453125, 0.0, 0.0]","[2, 2]"
2025-10-20 10:59:29,Motion_Completed,"[-0.0, 158.74200439453125, 0.0]","[-158.74064837905235, -0.0, -0.0]","[-158.74200439453125, 0.0, 0.0]","[2, 2]"
2025-10-20 10:59:29,Motion_Completed,"[-0.0, 158.74200439453125, 0.0]","[-158.74064837905235, -0.0, -0.0]","[-158.74200439453125, 0.0, 0.0]","[2, 2]"
2025-10-20 10:59:29,Motion_Completed,"[-0.0, 158.74200439453125, 0.0]","[-158.74064837905235, -0.0, -0.0]","[-158.74200439453125, 0.0, 0.0]","[2, 2]"
2025-10-20 10:59:29,Motion_Completed,"[-0.0, 158.74200439453125, 0.0]","[-158.74064837905235, -0.0, -0.0]","[-158.74200439453125, 0.0, 0.0]","[2, 2]"
2025-10-20 10:59:29,Motion_Completed,"[-0.0, 158.74200439453125, 0.0]","[-158.74064837905235, -0.0, -0.0]","[-158.74200439453125, 0.0, 0.0]","[2, 2]"
2025-10-20 10:59:29,Motion_Completed,"[-0.0, 158.74200439453125, 0.0]","[-158.74064837905235, -0.0, -0.0]","[-158.74200439453125, 0.0, 0.0]","[2, 2]"
2025-10-20 10:59:29,Motion_Completed,"[-0.0, 158.74200439453125, 0.0]","[-158.74064837905235, -0.0, -0.0]","[-158.74200439453125, 0.0, 0.0]","[2, 2]"
2025-10-20 10:59:29,Motion_Completed,"[-0.0, 158.74200439453125, 0.0]","[-158.74064837905235, -0.0, -0.0]","[-158.74200439453125, 0.0, 0.0]","[2, 2]"
2025-10-20 10:59:29,Motion_Completed,"[-0.0, 158.74200439453125, 0.0]","[-158.74064837905235, -0.0, -0.0]","[-158.74200439453125, 0.0, 0.0]","[2, 2]"
2025-10-20 10:59:29,Motion_Completed,"[-0.0, 158.74200439453125, 0.0]","[-158.74064837905235, -0.0, -0.0]","[-158.74200439453125, 0.0, 0.0]","[2, 2]"
2025-10-20 10:59:29,Motion_Completed,"[-0.0, 158.74200439453125, 0.0]","[-158.74064837905235, -0.0, -0.0]","[-158.74200439453125, 0.0, 0.0]","[2, 2]"
2025-10-20 10:59:29,Motion_Completed,"[-0.0, 158.74099731445312, 0.0]","[-158.74064837905235, -0.0, -0.0]","[-158.74099731445312, 0.0, 0.0]","[2, 2]"
2025-10-20 10:59:29,Motion_Completed,"[-0.0, 158.74099731445312, 0.0]","[-158.74064837905235, -0.0, -0.0]","[-158.74099731445312, 0.0, 0.0]","[2, 2]"
2025-10-20 10:59:29,Motion_Completed,"[-0.0, 158.74099731445312, 0.0]","[-158.74064837905235, -0.0, -0.0]","[-158.74099731445312, 0.0, 0.0]","[2, 2]"
2025-10-20 10:59:29,Motion_Completed,"[-0.0, 158.74099731445312, 0.0]","[-158.74064837905235, -0.0, -0.0]","[-158.74099731445312, 0.0, 0.0]","[2, 2]"
2025-10-20 10:59:29,Motion_Completed,"[-0.0, 158.74099731445312, 0.0]","[-158.74064837905235, -0.0, -0.0]","[-158.74099731445312, 0.0, 0.0]","[2, 2]"
2025-10-20 10:59:29,Motion_Completed,"[-0.0, 158.74099731445312, 0.0]","[-158.74064837905235, -0.0, -0.0]","[-158.74099731445312, 0.0, 0.0]","[2, 2]"
2025-10-20 10:59:29,Motion_Completed,"[-0.0, 158.74099731445312, 0.0]","[-158.74064837905235, -0.0, -0.0]","[-158.74099731445312, 0.0, 0.0]","[2, 2]"
2025-10-20 10:59:29,Motion_Completed,"[-0.0, 158.74099731445312, 0.0]","[-158.74064837905235, -0.0, -0.0]","[-158.74099731445312, 0.0, 0.0]","[2, 2]"
2025-10-20 10:59:29,Motion_Completed,"[-0.0, 158.74099731445312, 0.0]","[-158.74064837905235, -0.0, -0.0]","[-158.74099731445312, 0.0, 0.0]","[2, 2]"
2025-10-20 10:59:29,Motion_Completed,"[-0.0, 158.74099731445312, 0.0]","[-158.74064837905235, -0.0, -0.0]","[-158.74099731445312, 0.0, 0.0]","[2, 2]"
2025-10-20 10:59:30,Motion_Completed,"[-0.0, 158.74099731445312, 0.0]","[-158.74064837905235, -0.0, -0.0]","[-158.74099731445312, 0.0, 0.0]","[2, 2]"
2025-10-20 10:59:30,Motion_Completed,"[-0.0, 158.74099731445312, 0.0]","[-158.74064837905235, -0.0, -0.0]","[-158.74099731445312, 0.0, 0.0]","[2, 2]"
2025-10-20 10:59:30,Motion_Completed,"[-0.0, 158.74099731445312, 0.0]","[-158.74064837905235, -0.0, -0.0]","[-158.74099731445312, 0.0, 0.0]","[2, 2]"
2025-10-20 10:59:30,Motion_Completed,"[-0.0, 158.74099731445312, 0.0]","[-158.74064837905235, -0.0, -0.0]","[-158.74099731445312, 0.0, 0.0]","[2, 2]"
2025-10-20 10:59:30,Motion_Completed,"[-0.0, 158.74099731445312, 0.0]","[-158.74064837905235, -0.0, -0.0]","[-158.74099731445312, 0.0, 0.0]","[2, 2]"
2025-10-20 10:59:30,Motion_Completed,"[-0.0, 158.74099731445312, 0.0]","[-158.74064837905235, -0.0, -0.0]","[-158.74099731445312, 0.0, 0.0]","[2, 2]"
2025-10-20 10:59:30,Motion_Completed,"[-0.0, 158.74099731445312, 0.0]","[-158.74064837905235, -0.0, -0.0]","[-158.74099731445312, 0.0, 0.0]","[2, 2]"
2025-10-20 10:59:30,Motion_Completed,"[-0.0, 158.74099731445312, 0.0]","[-158.74064837905235, -0.0, -0.0]","[-158.74099731445312, 0.0, 0.0]","[2, 2]"
2025-10-20 10:59:30,Motion_Completed,"[-0.0, 158.74099731445312, 0.0]","[-158.74064837905235, -0.0, -0.0]","[-158.74099731445312, 0.0, 0.0]","[2, 2]"
2025-10-20 10:59:30,Motion_Completed,"[-0.0, 158.74099731445312, 0.0]","[-158.74064837905235, -0.0, -0.0]","[-158.74099731445312, 0.0, 0.0]","[2, 2]"
2025-10-20 10:59:30,Motion_Completed,"[-0.0, 158.74099731445312, 0.0]","[-158.74064837905235, -0.0, -0.0]","[-158.74099731445312, 0.0, 0.0]","[2, 2]"
2025-10-20 10:59:30,Motion_Completed,"[-0.0, 158.74099731445312, 0.0]","[-158.74064837905235, -0.0, -0.0]","[-158.74099731445312, 0.0, 0.0]","[2, 2]"
2025-10-20 10:59:30,Motion_Completed,"[-0.0, 158.74099731445312, 0.0]","[-158.74064837905235, -0.0, -0.0]","[-158.74099731445312, 0.0, 0.0]","[2, 2]"
2025-10-20 10:59:30,Motion_Completed,"[-0.0, 158.74099731445312, 0.0]","[-158.74064837905235, -0.0, -0.0]","[-158.74099731445312, 0.0, 0.0]","[2, 2]"
2025-10-20 10:59:30,Motion_Completed,"[-0.0, 158.74099731445312, 0.0]","[-158.74064837905235, -0.0, -0.0]","[-158.74099731445312, 0.0, 0.0]","[2, 2]"
2025-10-20 10:59:30,2,"[-0.0, 158.74099731445312, 0.0]",[  0. -10.   0.],"[-158.74099731445312, 0.0, 0.0]","[2, 2]"
2025-10-20 10:59:32,Motion_Completed,"[-0.0, 148.7790069580078, 0.0]","[-148.74099731445312, -0.0, -0.0]","[-148.7790069580078, 0.0, 0.0]","[2, 2]"
2025-10-20 10:59:32,Motion_Completed,"[-0.0, 148.7519989013672, 0.0]","[-148.74099731445312, -0.0, -0.0]","[-148.7519989013672, 0.0, 0.0]","[2, 2]"
2025-10-20 10:59:32,Motion_Completed,"[-0.0, 148.74000549316406, 0.0]","[-148.74099731445312, -0.0, -0.0]","[-148.74000549316406, 0.0, 0.0]","[2, 2]"
2025-10-20 10:59:32,Motion_Completed,"[-0.0, 148.73699951171875, 0.0]","[-148.74099731445312, -0.0, -0.0]","[-148.73699951171875, 0.0, 0.0]","[2, 2]"
2025-10-20 10:59:32,Motion_Completed,"[-0.0, 148.73500061035156, 0.0]","[-148.74099731445312, -0.0, -0.0]","[-148.73500061035156, 0.0, 0.0]","[2, 2]"
2025-10-20 10:59:32,Motion_Completed,"[-0.0, 148.73500061035156, 0.0]","[-148.74099731445312, -0.0, -0.0]","[-148.73500061035156, 0.0, 0.0]","[2, 2]"
2025-10-20 10:59:32,Motion_Completed,"[-0.0, 148.73500061035156, 0.0]","[-148.74099731445312, -0.0, -0.0]","[-148.73500061035156, 0.0, 0.0]","[2, 2]"
2025-10-20 10:59:32,Motion_Completed,"[-0.0, 148.73500061035156, 0.0]","[-148.74099731445312, -0.0, -0.0]","[-148.73500061035156, 0.0, 0.0]","[2, 2]"
2025-10-20 10:59:32,Motion_Completed,"[-0.0, 148.73500061035156, 0.0]","[-148.74099731445312, -0.0, -0.0]","[-148.73500061035156, 0.0, 0.0]","[2, 2]"
2025-10-20 10:59:33,Motion_Completed,"[-0.0, 148.73500061035156, 0.0]","[-148.74099731445312, -0.0, -0.0]","[-148.73500061035156, 0.0, 0.0]","[2, 2]"
2025-10-20 10:59:33,Motion_Completed,"[-0.0, 148.73500061035156, 0.0]","[-148.74099731445312, -0.0, -0.0]","[-148.73500061035156, 0.0, 0.0]","[2, 2]"
2025-10-20 10:59:33,Motion_Completed,"[-0.0, 148.73500061035156, 0.0]","[-148.74099731445312, -0.0, -0.0]","[-148.73500061035156, 0.0, 0.0]","[2, 2]"
2025-10-20 10:59:33,Motion_Completed,"[-0.0, 148.73500061035156, 0.0]","[-148.74099731445312, -0.0, -0.0]","[-148.73500061035156, 0.0, 0.0]","[2, 2]"
2025-10-20 10:59:33,Motion_Completed,"[-0.0, 148.73500061035156, 0.0]","[-148.74099731445312, -0.0, -0.0]","[-148.73500061035156, 0.0, 0.0]","[2, 2]"
2025-10-20 10:59:33,Motion_Completed,"[-0.0, 148.73500061035156, 0.0]","[-148.74099731445312, -0.0, -0.0]","[-148.73500061035156, 0.0, 0.0]","[2, 2]"
2025-10-20 10:59:33,Motion_Completed,"[-0.0, 148.73500061035156, 0.0]","[-148.74099731445312, -0.0, -0.0]","[-148.73500061035156, 0.0, 0.0]","[2, 2]"
2025-10-20 10:59:33,Motion_Completed,"[-0.0, 148.73500061035156, 0.0]","[-148.74099731445312, -0.0, -0.0]","[-148.73500061035156, 0.0, 0.0]","[2, 2]"
2025-10-20 10:59:33,Motion_Completed,"[-0.0, 148.73500061035156, 0.0]","[-148.74099731445312, -0.0, -0.0]","[-148.73500061035156, 0.0, 0.0]","[2, 2]"
2025-10-20 10:59:33,Motion_Completed,"[-0.0, 148.73500061035156, 0.0]","[-148.74099731445312, -0.0, -0.0]","[-148.73500061035156, 0.0, 0.0]","[2, 2]"
2025-10-20 10:59:33,Motion_Completed,"[-0.0, 148.73500061035156, 0.0]","[-148.74099731445312, -0.0, -0.0]","[-148.73500061035156, 0.0, 0.0]","[2, 2]"
2025-10-20 10:59:33,Motion_Completed,"[-0.0, 148.73599243164062, 0.0]","[-148.74099731445312, -0.0, -0.0]","[-148.73599243164062, 0.0, 0.0]","[2, 2]"
2025-10-20 10:59:33,Motion_Completed,"[-0.0, 148.73599243164062, 0.0]","[-148.74099731445312, -0.0, -0.0]","[-148.73599243164062, 0.0, 0.0]","[2, 2]"
2025-10-20 10:59:33,Motion_Completed,"[-0.0, 148.73599243164062, 0.0]","[-148.74099731445312, -0.0, -0.0]","[-148.73599243164062, 0.0, 0.0]","[2, 2]"
2025-10-20 10:59:33,Motion_Completed,"[-0.0, 148.73599243164062, 0.0]","[-148.74099731445312, -0.0, -0.0]","[-148.73599243164062, 0.0, 0.0]","[2, 2]"
2025-10-20 10:59:33,Motion_Completed,"[-0.0, 148.73599243164062, 0.0]","[-148.74099731445312, -0.0, -0.0]","[-148.73599243164062, 0.0, 0.0]","[2, 2]"
2025-10-20 10:59:33,Motion_Completed,"[-0.0, 148.73599243164062, 0.0]","[-148.74099731445312, -0.0, -0.0]","[-148.73599243164062, 0.0, 0.0]","[2, 2]"
2025-10-20 10:59:33,Motion_Completed,"[-0.0, 148.73599243164062, 0.0]","[-148.74099731445312, -0.0, -0.0]","[-148.73599243164062, 0.0, 0.0]","[2, 2]"
2025-10-20 10:59:33,Motion_Completed,"[-0.0, 148.73599243164062, 0.0]","[-148.74099731445312, -0.0, -0.0]","[-148.73599243164062, 0.0, 0.0]","[2, 2]"
2025-10-20 10:59:33,Motion_Completed,"[-0.0, 148.73599243164062, 0.0]","[-148.74099731445312, -0.0, -0.0]","[-148.73599243164062, 0.0, 0.0]","[2, 2]"
2025-10-20 10:59:33,Motion_Completed,"[-0.0, 148.73699951171875, 0.0]","[-148.74099731445312, -0.0, -0.0]","[-148.73699951171875, 0.0, 0.0]","[2, 2]"
2025-10-20 10:59:33,Motion_Completed,"[-0.0, 148.73699951171875, 0.0]","[-148.74099731445312, -0.0, -0.0]","[-148.73699951171875, 0.0, 0.0]","[2, 2]"
2025-10-20 10:59:33,Motion_Completed,"[-0.0, 148.73699951171875, 0.0]","[-148.74099731445312, -0.0, -0.0]","[-148.73699951171875, 0.0, 0.0]","[2, 2]"
2025-10-20 10:59:33,Motion_Completed,"[-0.0, 148.73699951171875, 0.0]","[-148.74099731445312, -0.0, -0.0]","[-148.73699951171875, 0.0, 0.0]","[2, 2]"
2025-10-20 10:59:33,Motion_Completed,"[-0.0, 148.73699951171875, 0.0]","[-148.74099731445312, -0.0, -0.0]","[-148.73699951171875, 0.0, 0.0]","[2, 2]"
2025-10-20 10:59:34,Motion_Completed,"[-0.0, 148.73699951171875, 0.0]","[-148.74099731445312, -0.0, -0.0]","[-148.73699951171875, 0.0, 0.0]","[2, 2]"
2025-10-20 10:59:34,Motion_Completed,"[-0.0, 148.73699951171875, 0.0]","[-148.74099731445312, -0.0, -0.0]","[-148.73699951171875, 0.0, 0.0]","[2, 2]"
2025-10-20 10:59:34,Motion_Completed,"[-0.0, 148.73699951171875, 0.0]","[-148.74099731445312, -0.0, -0.0]","[-148.73699951171875, 0.0, 0.0]","[2, 2]"
2025-10-20 10:59:34,Motion_Completed,"[-0.0, 148.73800659179688, 0.0]","[-148.74099731445312, -0.0, -0.0]","[-148.73800659179688, 0.0, 0.0]","[2, 2]"
2025-10-20 10:59:34,Motion_Completed,"[-0.0, 148.73800659179688, 0.0]","[-148.74099731445312, -0.0, -0.0]","[-148.73800659179688, 0.0, 0.0]","[2, 2]"
2025-10-20 10:59:34,Motion_Completed,"[-0.0, 148.73800659179688, 0.0]","[-148.74099731445312, -0.0, -0.0]","[-148.73800659179688, 0.0, 0.0]","[2, 2]"
2025-10-20 10:59:34,Motion_Completed,"[-0.0, 148.73800659179688, 0.0]","[-148.74099731445312, -0.0, -0.0]","[-148.73800659179688, 0.0, 0.0]","[2, 2]"
2025-10-20 10:59:34,Motion_Completed,"[-0.0, 148.73800659179688, 0.0]","[-148.74099731445312, -0.0, -0.0]","[-148.73800659179688, 0.0, 0.0]","[2, 2]"
2025-10-20 10:59:34,Motion_Completed,"[-0.0, 148.73800659179688, 0.0]","[-148.74099731445312, -0.0, -0.0]","[-148.73800659179688, 0.0, 0.0]","[2, 2]"
2025-10-20 10:59:34,Motion_Completed,"[-0.0, 148.73800659179688, 0.0]","[-148.74099731445312, -0.0, -0.0]","[-148.73800659179688, 0.0, 0.0]","[2, 2]"
2025-10-20 10:59:34,Motion_Completed,"[-0.0, 148.73800659179688, 0.0]","[-148.74099731445312, -0.0, -0.0]","[-148.73800659179688, 0.0, 0.0]","[2, 2]"
2025-10-20 10:59:34,Motion_Completed,"[-0.0, 148.73899841308594, 0.0]","[-148.74099731445312, -0.0, -0.0]","[-148.73899841308594, 0.0, 0.0]","[2, 2]"
2025-10-20 10:59:34,Motion_Completed,"[-0.0, 148.73899841308594, 0.0]","[-148.74099731445312, -0.0, -0.0]","[-148.73899841308594, 0.0, 0.0]","[2, 2]"
2025-10-20 10:59:34,Motion_Completed,"[-0.0, 148.73899841308594, 0.0]","[-148.74099731445312, -0.0, -0.0]","[-148.73899841308594, 0.0, 0.0]","[2, 2]"
2025-10-20 10:59:34,Motion_Completed,"[-0.0, 148.73899841308594, 0.0]","[-148.74099731445312, -0.0, -0.0]","[-148.73899841308594, 0.0, 0.0]","[2, 2]"
2025-10-20 10:59:34,Motion_Completed,"[-0.0, 148.73899841308594, 0.0]","[-148.74099731445312, -0.0, -0.0]","[-148.73899841308594, 0.0, 0.0]","[2, 2]"
2025-10-20 10:59:34,Motion_Completed,"[-0.0, 148.73899841308594, 0.0]","[-148.74099731445312, -0.0, -0.0]","[-148.73899841308594, 0.0, 0.0]","[2, 2]"
2025-10-20 10:59:34,Motion_Completed,"[-0.0, 148.73899841308594, 0.0]","[-148.74099731445312, -0.0, -0.0]","[-148.73899841308594, 0.0, 0.0]","[2, 2]"
2025-10-20 10:59:34,Motion_Completed,"[-0.0, 148.73899841308594, 0.0]","[-148.74099731445312, -0.0, -0.0]","[-148.73899841308594, 0.0, 0.0]","[2, 2]"
2025-10-20 10:59:34,Motion_Completed,"[-0.0, 148.73899841308594, 0.0]","[-148.74099731445312, -0.0, -0.0]","[-148.73899841308594, 0.0, 0.0]","[2, 2]"
2025-10-20 10:59:34,Motion_Completed,"[-0.0, 148.73899841308594, 0.0]","[-148.74099731445312, -0.0, -0.0]","[-148.73899841308594, 0.0, 0.0]","[2, 2]"
2025-10-20 10:59:34,Motion_Completed,"[-0.0, 148.73899841308594, 0.0]","[-148.74099731445312, -0.0, -0.0]","[-148.73899841308594, 0.0, 0.0]","[2, 2]"
2025-10-20 10:59:34,Motion_Completed,"[-0.0, 148.74000549316406, 0.0]","[-148.74099731445312, -0.0, -0.0]","[-148.74000549316406, 0.0, 0.0]","[2, 2]"
2025-10-20 10:59:34,Motion_Completed,"[-0.0, 148.74000549316406, 0.0]","[-148.74099731445312, -0.0, -0.0]","[-148.74000549316406, 0.0, 0.0]","[2, 2]"
2025-10-20 10:59:34,Motion_Completed,"[-0.0, 148.74000549316406, 0.0]","[-148.74099731445312, -0.0, -0.0]","[-148.74000549316406, 0.0, 0.0]","[2, 2]"
2025-10-20 10:59:35,Motion_Completed,"[-0.0, 148.74000549316406, 0.0]","[-148.74099731445312, -0.0, -0.0]","[-148.74000549316406, 0.0, 0.0]","[2, 2]"
2025-10-20 10:59:35,Motion_Completed,"[-0.0, 148.74000549316406, 0.0]","[-148.74099731445312, -0.0, -0.0]","[-148.74000549316406, 0.0, 0.0]","[2, 2]"
2025-10-20 10:59:35,Motion_Completed,"[-0.0, 148.74000549316406, 0.0]","[-148.74099731445312, -0.0, -0.0]","[-148.74000549316406, 0.0, 0.0]","[2, 2]"
2025-10-20 10:59:35,Motion_Completed,"[-0.0, 148.74000549316406, 0.0]","[-148.74099731445312, -0.0, -0.0]","[-148.74000549316406, 0.0, 0.0]","[2, 2]"
2025-10-20 10:59:35,Motion_Completed,"[-0.0, 148.74000549316406, 0.0]","[-148.74099731445312, -0.0, -0.0]","[-148.74000549316406, 0.0, 0.0]","[2, 2]"
2025-10-20 10:59:35,Motion_Completed,"[-0.0, 148.74000549316406, 0.0]","[-148.74099731445312, -0.0, -0.0]","[-148.74000549316406, 0.0, 0.0]","[2, 2]"
2025-10-20 10:59:35,Motion_Completed,"[-0.0, 148.74000549316406, 0.0]","[-148.74099731445312, -0.0, -0.0]","[-148.74000549316406, 0.0, 0.0]","[2, 2]"
2025-10-20 10:59:35,Motion_Completed,"[-0.0, 148.74000549316406, 0.0]","[-148.74099731445312, -0.0, -0.0]","[-148.74000549316406, 0.0, 0.0]","[2, 2]"
2025-10-20 10:59:35,Motion_Completed,"[-0.0, 148.74000549316406, 0.0]","[-148.74099731445312, -0.0, -0.0]","[-148.74000549316406, 0.0, 0.0]","[2, 2]"
2025-10-20 10:59:35,Motion_Completed,"[-0.0, 148.74000549316406, 0.0]","[-148.74099731445312, -0.0, -0.0]","[-148.74000549316406, 0.0, 0.0]","[2, 2]"
2025-10-20 10:59:35,Motion_Completed,"[-0.0, 148.74000549316406, 0.0]","[-148.74099731445312, -0.0, -0.0]","[-148.74000549316406, 0.0, 0.0]","[2, 2]"
2025-10-20 10:59:35,Motion_Completed,"[-0.0, 148.74000549316406, 0.0]","[-148.74099731445312, -0.0, -0.0]","[-148.74000549316406, 0.0, 0.0]","[2, 2]"
2025-10-20 10:59:35,Motion_Completed,"[-0.0, 148.74000549316406, 0.0]","[-148.74099731445312, -0.0, -0.0]","[-148.74000549316406, 0.0, 0.0]","[2, 2]"
2025-10-20 10:59:35,Motion_Completed,"[-0.0, 148.74000549316406, 0.0]","[-148.74099731445312, -0.0, -0.0]","[-148.74000549316406, 0.0, 0.0]","[2, 2]"
2025-10-20 10:59:35,Motion_Completed,"[-0.0, 148.74099731445312, 0.0]","[-148.74099731445312, -0.0, -0.0]","[-148.74099731445312, 0.0, 0.0]","[2, 2]"
2025-10-20 10:59:35,Motion_Completed,"[-0.0, 148.74099731445312, 0.0]","[-148.74099731445312, -0.0, -0.0]","[-148.74099731445312, 0.0, 0.0]","[2, 2]"
2025-10-20 10:59:35,Motion_Completed,"[-0.0, 148.74099731445312, 0.0]","[-148.74099731445312, -0.0, -0.0]","[-148.74099731445312, 0.0, 0.0]","[2, 2]"
2025-10-20 10:59:35,Motion_Completed,"[-0.0, 148.74099731445312, 0.0]","[-148.74099731445312, -0.0, -0.0]","[-148.74099731445312, 0.0, 0.0]","[2, 2]"
2025-10-20 10:59:35,Motion_Completed,"[-0.0, 148.74099731445312, 0.0]","[-148.74099731445312, -0.0, -0.0]","[-148.74099731445312, 0.0, 0.0]","[2, 2]"
2025-10-20 10:59:35,Motion_Completed,"[-0.0, 148.74099731445312, 0.0]","[-148.74099731445312, -0.0, -0.0]","[-148.74099731445312, 0.0, 0.0]","[2, 2]"
2025-10-20 10:59:35,Motion_Completed,"[-0.0, 148.74099731445312, 0.0]","[-148.74099731445312, -0.0, -0.0]","[-148.74099731445312, 0.0, 0.0]","[2, 2]"
2025-10-20 10:59:35,Motion_Completed,"[-0.0, 148.74099731445312, 0.0]","[-148.74099731445312, -0.0, -0.0]","[-148.74099731445312, 0.0, 0.0]","[2, 2]"
2025-10-20 10:59:35,Motion_Completed,"[-0.0, 148.74099731445312, 0.0]","[-148.74099731445312, -0.0, -0.0]","[-148.74099731445312, 0.0, 0.0]","[2, 2]"
2025-10-20 10:59:35,Motion_Completed,"[-0.0, 148.74099731445312, 0.0]","[-148.74099731445312, -0.0, -0.0]","[-148.74099731445312, 0.0, 0.0]","[2, 2]"
2025-10-20 10:59:35,Motion_Completed,"[-0.0, 148.74099731445312, 0.0]","[-148.74099731445312, -0.0, -0.0]","[-148.74099731445312, 0.0, 0.0]","[2, 2]"
2025-10-20 10:59:36,Motion_Completed,"[-0.0, 148.74099731445312, 0.0]","[-148.74099731445312, -0.0, -0.0]","[-148.74099731445312, 0.0, 0.0]","[2, 2]"
2025-10-20 10:59:36,Motion_Completed,"[-0.0, 148.74099731445312, 0.0]","[-148.74099731445312, -0.0, -0.0]","[-148.74099731445312, 0.0, 0.0]","[2, 2]"
2025-10-20 10:59:36,Motion_Completed,"[-0.0, 148.74099731445312, 0.0]","[-148.74099731445312, -0.0, -0.0]","[-148.74099731445312, 0.0, 0.0]","[2, 2]"
2025-10-20 10:59:36,Motion_Completed,"[-0.0, 148.74099731445312, 0.0]","[-148.74099731445312, -0.0, -0.0]","[-148.74099731445312, 0.0, 0.0]","[2, 2]"
2025-10-20 10:59:36,Motion_Completed,"[-0.0, 148.74099731445312, 0.0]","[-148.74099731445312, -0.0, -0.0]","[-148.74099731445312, 0.0, 0.0]","[2, 2]"
2025-10-20 10:59:36,Motion_Completed,"[-0.0, 148.74099731445312, 0.0]","[-148.74099731445312, -0.0, -0.0]","[-148.74099731445312, 0.0, 0.0]","[2, 2]"
2025-10-20 10:59:36,Motion_Completed,"[-0.0, 148.74099731445312, 0.0]","[-148.74099731445312, -0.0, -0.0]","[-148.74099731445312, 0.0, 0.0]","[2, 2]"
2025-10-20 10:59:36,Motion_Completed,"[-0.0, 148.74099731445312, 0.0]","[-148.74099731445312, -0.0, -0.0]","[-148.74099731445312, 0.0, 0.0]","[2, 2]"
2025-10-20 10:59:36,Motion_Completed,"[-0.0, 148.74099731445312, 0.0]","[-148.74099731445312, -0.0, -0.0]","[-148.74099731445312, 0.0, 0.0]","[2, 2]"
2025-10-20 10:59:36,Motion_Completed,"[-0.0, 148.74099731445312, 0.0]","[-148.74099731445312, -0.0, -0.0]","[-148.74099731445312, 0.0, 0.0]","[2, 2]"
2025-10-20 10:59:36,Motion_Completed,"[-0.0, 148.74099731445312, 0.0]","[-148.74099731445312, -0.0, -0.0]","[-148.74099731445312, 0.0, 0.0]","[2, 2]"
2025-10-20 10:59:36,Motion_Completed,"[-0.0, 148.74099731445312, 0.0]","[-148.74099731445312, -0.0, -0.0]","[-148.74099731445312, 0.0, 0.0]","[2, 2]"
2025-10-20 10:59:36,Motion_Completed,"[-0.0, 148.74099731445312, 0.0]","[-148.74099731445312, -0.0, -0.0]","[-148.74099731445312, 0.0, 0.0]","[2, 2]"
2025-10-20 10:59:36,Motion_Completed,"[-0.0, 148.74099731445312, 0.0]","[-148.74099731445312, -0.0, -0.0]","[-148.74099731445312, 0.0, 0.0]","[2, 2]"
2025-10-20 10:59:36,Motion_Completed,"[-0.0, 148.74099731445312, 0.0]","[-148.74099731445312, -0.0, -0.0]","[-148.74099731445312, 0.0, 0.0]","[2, 2]"
2025-10-20 10:59:36,Motion_Completed,"[-0.0, 148.74099731445312, 0.0]","[-148.74099731445312, -0.0, -0.0]","[-148.74099731445312, 0.0, 0.0]","[2, 2]"
2025-10-20 10:59:36,Motion_Completed,"[-0.0, 148.74099731445312, 0.0]","[-148.74099731445312, -0.0, -0.0]","[-148.74099731445312, 0.0, 0.0]","[2, 2]"
2025-10-20 10:59:36,Motion_Completed,"[-0.0, 148.74099731445312, 0.0]","[-148.74099731445312, -0.0, -0.0]","[-148.74099731445312, 0.0, 0.0]","[2, 2]"
2025-10-20 10:59:36,Motion_Completed,"[-0.0, 148.74099731445312, 0.0]","[-148.74099731445312, -0.0, -0.0]","[-148.74099731445312, 0.0, 0.0]","[2, 2]"
2025-10-20 10:59:36,Motion_Completed,"[-0.0, 148.74099731445312, 0.0]","[-148.74099731445312, -0.0, -0.0]","[-148.74099731445312, 0.0, 0.0]","[2, 2]"
2025-10-20 10:59:36,Motion_Completed,"[-0.0, 148.74099731445312, 0.0]","[-148.74099731445312, -0.0, -0.0]","[-148.74099731445312, 0.0, 0.0]","[2, 2]"
2025-10-20 10:59:36,Motion_Completed,"[-0.0, 148.74099731445312, 0.0]","[-148.74099731445312, -0.0, -0.0]","[-148.74099731445312, 0.0, 0.0]","[2, 2]"
2025-10-20 10:59:36,Motion_Completed,"[-0.0, 148.74099731445312, 0.0]","[-148.74099731445312, -0.0, -0.0]","[-148.74099731445312, 0.0, 0.0]","[2, 2]"
2025-10-20 10:59:36,Motion_Completed,"[-0.0, 148.74099731445312, 0.0]","[-148.74099731445312, -0.0, -0.0]","[-148.74099731445312, 0.0, 0.0]","[2, 2]"
2025-10-20 10:59:36,Motion_Completed,"[-0.0, 148.74099731445312, 0.0]","[-148.74099731445312, -0.0, -0.0]","[-148.74099731445312, 0.0, 0.0]","[2, 2]"
2025-10-20 10:59:37,Motion_Completed,"[-0.0, 148.74099731445312, 0.0]","[-148.74099731445312, -0.0, -0.0]","[-148.74099731445312, 0.0, 0.0]","[2, 2]"
2025-10-20 10:59:37,Motion_Completed,"[-0.0, 148.74099731445312, 0.0]","[-148.74099731445312, -0.0, -0.0]","[-148.74099731445312, 0.0, 0.0]","[2, 2]"
2025-10-20 10:59:37,Motion_Completed,"[-0.0, 148.74099731445312, 0.0]","[-148.74099731445312, -0.0, -0.0]","[-148.74099731445312, 0.0, 0.0]","[2, 2]"
2025-10-20 10:59:37,2,"[-0.0, 148.74099731445312, 0.0]",[ 0. 10.  0.],"[-148.74099731445312, 0.0, 0.0]","[2, 2]"
2025-10-20 10:59:39,Motion_Completed,"[-0.0, 158.71400451660156, 0.0]","[-158.74099731445312, -0.0, -0.0]","[-158.71400451660156, 0.0, 0.0]","[2, 2]"
2025-10-20 10:59:39,Motion_Completed,"[-0.0, 158.74200439453125, 0.0]","[-158.74099731445312, -0.0, -0.0]","[-158.74200439453125, 0.0, 0.0]","[2, 2]"
2025-10-20 10:59:39,Motion_Completed,"[-0.0, 158.7429962158203, 0.0]","[-158.74099731445312, -0.0, -0.0]","[-158.7429962158203, 0.0, 0.0]","[2, 2]"
2025-10-20 10:59:39,Motion_Completed,"[-0.0, 158.74600219726562, 0.0]","[-158.74099731445312, -0.0, -0.0]","[-158.74600219726562, 0.0, 0.0]","[2, 2]"
2025-10-20 10:59:39,Motion_Completed,"[-0.0, 158.7480010986328, 0.0]","[-158.74099731445312, -0.0, -0.0]","[-158.7480010986328, 0.0, 0.0]","[2, 2]"
2025-10-20 10:59:39,Motion_Completed,"[-0.0, 158.7480010986328, 0.0]","[-158.74099731445312, -0.0, -0.0]","[-158.7480010986328, 0.0, 0.0]","[2, 2]"
2025-10-20 10:59:39,Motion_Completed,"[-0.0, 158.7480010986328, 0.0]","[-158.74099731445312, -0.0, -0.0]","[-158.7480010986328, 0.0, 0.0]","[2, 2]"
2025-10-20 10:59:39,Motion_Completed,"[-0.0, 158.7480010986328, 0.0]","[-158.74099731445312, -0.0, -0.0]","[-158.7480010986328, 0.0, 0.0]","[2, 2]"
2025-10-20 10:59:39,Motion_Completed,"[-0.0, 158.7480010986328, 0.0]","[-158.74099731445312, -0.0, -0.0]","[-158.7480010986328, 0.0, 0.0]","[2, 2]"
2025-10-20 10:59:39,Motion_Completed,"[-0.0, 158.7480010986328, 0.0]","[-158.74099731445312, -0.0, -0.0]","[-158.7480010986328, 0.0, 0.0]","[2, 2]"
2025-10-20 10:59:39,Motion_Completed,"[-0.0, 158.7480010986328, 0.0]","[-158.74099731445312, -0.0, -0.0]","[-158.7480010986328, 0.0, 0.0]","[2, 2]"
2025-10-20 10:59:39,Motion_Completed,"[-0.0, 158.7480010986328, 0.0]","[-158.74099731445312, -0.0, -0.0]","[-158.7480010986328, 0.0, 0.0]","[2, 2]"
2025-10-20 10:59:39,Motion_Completed,"[-0.0, 158.7469940185547, 0.0]","[-158.74099731445312, -0.0, -0.0]","[-158.7469940185547, 0.0, 0.0]","[2, 2]"
2025-10-20 10:59:39,Motion_Completed,"[-0.0, 158.7469940185547, 0.0]","[-158.74099731445312, -0.0, -0.0]","[-158.7469940185547, 0.0, 0.0]","[2, 2]"
2025-10-20 10:59:39,Motion_Completed,"[-0.0, 158.7469940185547, 0.0]","[-158.74099731445312, -0.0, -0.0]","[-158.7469940185547, 0.0, 0.0]","[2, 2]"
2025-10-20 10:59:39,Motion_Completed,"[-0.0, 158.7469940185547, 0.0]","[-158.74099731445312, -0.0, -0.0]","[-158.7469940185547, 0.0, 0.0]","[2, 2]"
2025-10-20 10:59:39,Motion_Completed,"[-0.0, 158.7469940185547, 0.0]","[-158.74099731445312, -0.0, -0.0]","[-158.7469940185547, 0.0, 0.0]","[2, 2]"
2025-10-20 10:59:39,Motion_Completed,"[-0.0, 158.7469940185547, 0.0]","[-158.74099731445312, -0.0, -0.0]","[-158.7469940185547, 0.0, 0.0]","[2, 2]"
2025-10-20 10:59:39,Motion_Completed,"[-0.0, 158.7469940185547, 0.0]","[-158.74099731445312, -0.0, -0.0]","[-158.7469940185547, 0.0, 0.0]","[2, 2]"
2025-10-20 10:59:39,Motion_Completed,"[-0.0, 158.7469940185547, 0.0]","[-158.74099731445312, -0.0, -0.0]","[-158.7469940185547, 0.0, 0.0]","[2, 2]"
2025-10-20 10:59:39,Motion_Completed,"[-0.0, 158.7469940185547, 0.0]","[-158.74099731445312, -0.0, -0.0]","[-158.7469940185547, 0.0, 0.0]","[2, 2]"
2025-10-20 10:59:40,Motion_Completed,"[-0.0, 158.7469940185547, 0.0]","[-158.74099731445312, -0.0, -0.0]","[-158.7469940185547, 0.0, 0.0]","[2, 2]"
2025-10-20 10:59:40,Motion_Completed,"[-0.0, 158.7469940185547, 0.0]","[-158.74099731445312, -0.0, -0.0]","[-158.7469940185547, 0.0, 0.0]","[2, 2]"
2025-10-20 10:59:40,Motion_Completed,"[-0.0, 158.74600219726562, 0.0]","[-158.74099731445312, -0.0, -0.0]","[-158.74600219726562, 0.0, 0.0]","[2, 2]"
2025-10-20 10:59:40,Motion_Completed,"[-0.0, 158.74600219726562, 0.0]","[-158.74099731445312, -0.0, -0.0]","[-158.74600219726562, 0.0, 0.0]","[2, 2]"
2025-10-20 10:59:40,Motion_Completed,"[-0.0, 158.74600219726562, 0.0]","[-158.74099731445312, -0.0, -0.0]","[-158.74600219726562, 0.0, 0.0]","[2, 2]"
2025-10-20 10:59:40,Motion_Completed,"[-0.0, 158.74600219726562, 0.0]","[-158.74099731445312, -0.0, -0.0]","[-158.74600219726562, 0.0, 0.0]","[2, 2]"
2025-10-20 10:59:40,Motion_Completed,"[-0.0, 158.74600219726562, 0.0]","[-158.74099731445312, -0.0, -0.0]","[-158.74600219726562, 0.0, 0.0]","[2, 2]"
2025-10-20 10:59:40,Motion_Completed,"[-0.0, 158.74600219726562, 0.0]","[-158.74099731445312, -0.0, -0.0]","[-158.74600219726562, 0.0, 0.0]","[2, 2]"
2025-10-20 10:59:40,Motion_Completed,"[-0.0, 158.74600219726562, 0.0]","[-158.74099731445312, -0.0, -0.0]","[-158.74600219726562, 0.0, 0.0]","[2, 2]"
2025-10-20 10:59:40,Motion_Completed,"[-0.0, 158.7449951171875, 0.0]","[-158.74099731445312, -0.0, -0.0]","[-158.7449951171875, 0.0, 0.0]","[2, 2]"
2025-10-20 10:59:40,Motion_Completed,"[-0.0, 158.7449951171875, 0.0]","[-158.74099731445312, -0.0, -0.0]","[-158.7449951171875, 0.0, 0.0]","[2, 2]"
2025-10-20 10:59:40,Motion_Completed,"[-0.0, 158.7449951171875, 0.0]","[-158.74099731445312, -0.0, -0.0]","[-158.7449951171875, 0.0, 0.0]","[2, 2]"
2025-10-20 10:59:40,Motion_Completed,"[-0.0, 158.7449951171875, 0.0]","[-158.74099731445312, -0.0, -0.0]","[-158.7449951171875, 0.0, 0.0]","[2, 2]"
2025-10-20 10:59:40,Motion_Completed,"[-0.0, 158.7449951171875, 0.0]","[-158.74099731445312, -0.0, -0.0]","[-158.7449951171875, 0.0, 0.0]","[2, 2]"
2025-10-20 10:59:40,Motion_Completed,"[-0.0, 158.7449951171875, 0.0]","[-158.74099731445312, -0.0, -0.0]","[-158.7449951171875, 0.0, 0.0]","[2, 2]"
2025-10-20 10:59:40,Motion_Completed,"[-0.0, 158.7449951171875, 0.0]","[-158.74099731445312, -0.0, -0.0]","[-158.7449951171875, 0.0, 0.0]","[2, 2]"
2025-10-20 10:59:40,Motion_Completed,"[-0.0, 158.74400329589844, 0.0]","[-158.74099731445312, -0.0, -0.0]","[-158.74400329589844, 0.0, 0.0]","[2, 2]"
2025-10-20 10:59:40,Motion_Completed,"[-0.0, 158.74400329589844, 0.0]","[-158.74099731445312, -0.0, -0.0]","[-158.74400329589844, 0.0, 0.0]","[2, 2]"
2025-10-20 10:59:40,Motion_Completed,"[-0.0, 158.74400329589844, 0.0]","[-158.74099731445312, -0.0, -0.0]","[-158.74400329589844, 0.0, 0.0]","[2, 2]"
2025-10-20 10:59:40,Motion_Completed,"[-0.0, 158.74400329589844, 0.0]","[-158.74099731445312, -0.0, -0.0]","[-158.74400329589844, 0.0, 0.0]","[2, 2]"
2025-10-20 10:59:40,Motion_Completed,"[-0.0, 158.74400329589844, 0.0]","[-158.74099731445312, -0.0, -0.0]","[-158.74400329589844, 0.0, 0.0]","[2, 2]"
2025-10-20 10:59:40,Motion_Completed,"[-0.0, 158.74400329589844, 0.0]","[-158.74099731445312, -0.0, -0.0]","[-158.74400329589844, 0.0, 0.0]","[2, 2]"
2025-10-20 10:59:40,Motion_Completed,"[-0.0, 158.7429962158203, 0.0]","[-158.74099731445312, -0.0, -0.0]","[-158.7429962158203, 0.0, 0.0]","[2, 2]"
2025-10-20 10:59:40,Motion_Completed,"[-0.0, 158.7429962158203, 0.0]","[-158.74099731445312, -0.0, -0.0]","[-158.7429962158203, 0.0, 0.0]","[2, 2]"
2025-10-20 10:59:40,Motion_Completed,"[-0.0, 158.7429962158203, 0.0]","[-158.74099731445312, -0.0, -0.0]","[-158.7429962158203, 0.0, 0.0]","[2, 2]"
2025-10-20 10:59:41,Motion_Completed,"[-0.0, 158.7429962158203, 0.0]","[-158.74099731445312, -0.0, -0.0]","[-158.7429962158203, 0.0, 0.0]","[2, 2]"
2025-10-20 10:59:41,Motion_Completed,"[-0.0, 158.7429962158203, 0.0]","[-158.74099731445312, -0.0, -0.0]","[-158.7429962158203, 0.0, 0.0]","[2, 2]"
2025-10-20 10:59:41,Motion_Completed,"[-0.0, 158.7429962158203, 0.0]","[-158.74099731445312, -0.0, -0.0]","[-158.7429962158203, 0.0, 0.0]","[2, 2]"
2025-10-20 10:59:41,Motion_Completed,"[-0.0, 158.7429962158203, 0.0]","[-158.74099731445312, -0.0, -0.0]","[-158.7429962158203, 0.0, 0.0]","[2, 2]"
2025-10-20 10:59:41,Motion_Completed,"[-0.0, 158.7429962158203, 0.0]","[-158.74099731445312, -0.0, -0.0]","[-158.7429962158203, 0.0, 0.0]","[2, 2]"
2025-10-20 10:59:41,Motion_Completed,"[-0.0, 158.74200439453125, 0.0]","[-158.74099731445312, -0.0, -0.0]","[-158.74200439453125, 0.0, 0.0]","[2, 2]"
2025-10-20 10:59:41,Motion_Completed,"[-0.0, 158.74200439453125, 0.0]","[-158.74099731445312, -0.0, -0.0]","[-158.74200439453125, 0.0, 0.0]","[2, 2]"
2025-10-20 10:59:41,Motion_Completed,"[-0.0, 158.74200439453125, 0.0]","[-158.74099731445312, -0.0, -0.0]","[-158.74200439453125, 0.0, 0.0]","[2, 2]"
2025-10-20 10:59:41,Motion_Completed,"[-0.0, 158.74200439453125, 0.0]","[-158.74099731445312, -0.0, -0.0]","[-158.74200439453125, 0.0, 0.0]","[2, 2]"
2025-10-20 10:59:41,Motion_Completed,"[-0.0, 158.74200439453125, 0.0]","[-158.74099731445312, -0.0, -0.0]","[-158.74200439453125, 0.0, 0.0]","[2, 2]"
2025-10-20 10:59:41,Motion_Completed,"[-0.0, 158.74200439453125, 0.0]","[-158.74099731445312, -0.0, -0.0]","[-158.74200439453125, 0.0, 0.0]","[2, 2]"
2025-10-20 10:59:41,Motion_Completed,"[-0.0, 158.74200439453125, 0.0]","[-158.74099731445312, -0.0, -0.0]","[-158.74200439453125, 0.0, 0.0]","[2, 2]"
2025-10-20 10:59:41,Motion_Completed,"[-0.0, 158.74200439453125, 0.0]","[-158.74099731445312, -0.0, -0.0]","[-158.74200439453125, 0.0, 0.0]","[2, 2]"
2025-10-20 10:59:41,Motion_Completed,"[-0.0, 158.74200439453125, 0.0]","[-158.74099731445312, -0.0, -0.0]","[-158.74200439453125, 0.0, 0.0]","[2, 2]"
2025-10-20 10:59:41,Motion_Completed,"[-0.0, 158.74200439453125, 0.0]","[-158.74099731445312, -0.0, -0.0]","[-158.74200439453125, 0.0, 0.0]","[2, 2]"
2025-10-20 10:59:41,Motion_Completed,"[-0.0, 158.74200439453125, 0.0]","[-158.74099731445312, -0.0, -0.0]","[-158.74200439453125, 0.0, 0.0]","[2, 2]"
2025-10-20 10:59:41,Motion_Completed,"[-0.0, 158.74200439453125, 0.0]","[-158.74099731445312, -0.0, -0.0]","[-158.74200439453125, 0.0, 0.0]","[2, 2]"
2025-10-20 10:59:41,Motion_Completed,"[-0.0, 158.74200439453125, 0.0]","[-158.74099731445312, -0.0, -0.0]","[-158.74200439453125, 0.0, 0.0]","[2, 2]"
2025-10-20 10:59:41,Motion_Completed,"[-0.0, 158.74099731445312, 0.0]","[-158.74099731445312, -0.0, -0.0]","[-158.74099731445312, 0.0, 0.0]","[2, 2]"
2025-10-20 10:59:41,Motion_Completed,"[-0.0, 158.74099731445312, 0.0]","[-158.74099731445312, -0.0, -0.0]","[-158.74099731445312, 0.0, 0.0]","[2, 2]"
2025-10-20 10:59:41,Motion_Completed,"[-0.0, 158.74099731445312, 0.0]","[-158.74099731445312, -0.0, -0.0]","[-158.74099731445312, 0.0, 0.0]","[2, 2]"
2025-10-20 10:59:41,Motion_Completed,"[-0.0, 158.74099731445312, 0.0]","[-158.74099731445312, -0.0, -0.0]","[-158.74099731445312, 0.0, 0.0]","[2, 2]"
2025-10-20 10:59:41,Motion_Completed,"[-0.0, 158.74099731445312, 0.0]","[-158.74099731445312, -0.0, -0.0]","[-158.74099731445312, 0.0, 0.0]","[2, 2]"
2025-10-20 10:59:41,Motion_Completed,"[-0.0, 158.74099731445312, 0.0]","[-158.74099731445312, -0.0, -0.0]","[-158.74099731445312, 0.0, 0.0]","[2, 2]"
2025-10-20 10:59:41,Motion_Completed,"[-0.0, 158.74099731445312, 0.0]","[-158.74099731445312, -0.0, -0.0]","[-158.74099731445312, 0.0, 0.0]","[2, 2]"
2025-10-20 10:59:42,Motion_Completed,"[-0.0, 158.74099731445312, 0.0]","[-158.74099731445312, -0.0, -0.0]","[-158.74099731445312, 0.0, 0.0]","[2, 2]"
2025-10-20 10:59:42,Motion_Completed,"[-0.0, 158.74099731445312, 0.0]","[-158.74099731445312, -0.0, -0.0]","[-158.74099731445312, 0.0, 0.0]","[2, 2]"
2025-10-20 10:59:42,Motion_Completed,"[-0.0, 158.74099731445312, 0.0]","[-158.74099731445312, -0.0, -0.0]","[-158.74099731445312, 0.0, 0.0]","[2, 2]"
2025-10-20 10:59:42,Motion_Completed,"[-0.0, 158.74099731445312, 0.0]","[-158.74099731445312, -0.0, -0.0]","[-158.74099731445312, 0.0, 0.0]","[2, 2]"
2025-10-20 10:59:42,Motion_Completed,"[-0.0, 158.74099731445312, 0.0]","[-158.74099731445312, -0.0, -0.0]","[-158.74099731445312, 0.0, 0.0]","[2, 2]"
2025-10-20 10:59:42,Motion_Completed,"[-0.0, 158.74099731445312, 0.0]","[-158.74099731445312, -0.0, -0.0]","[-158.74099731445312, 0.0, 0.0]","[2, 2]"
2025-10-20 10:59:42,Motion_Completed,"[-0.0, 158.74099731445312, 0.0]","[-158.74099731445312, -0.0, -0.0]","[-158.74099731445312, 0.0, 0.0]","[2, 2]"
2025-10-20 10:59:42,Motion_Completed,"[-0.0, 158.74099731445312, 0.0]","[-158.74099731445312, -0.0, -0.0]","[-158.74099731445312, 0.0, 0.0]","[2, 2]"
2025-10-20 10:59:42,Motion_Completed,"[-0.0, 158.74099731445312, 0.0]","[-158.74099731445312, -0.0, -0.0]","[-158.74099731445312, 0.0, 0.0]","[2, 2]"
2025-10-20 10:59:42,Motion_Completed,"[-0.0, 158.74099731445312, 0.0]","[-158.74099731445312, -0.0, -0.0]","[-158.74099731445312, 0.0, 0.0]","[2, 2]"
2025-10-20 10:59:42,Motion_Completed,"[-0.0, 158.74099731445312, 0.0]","[-158.74099731445312, -0.0, -0.0]","[-158.74099731445312, 0.0, 0.0]","[2, 2]"
2025-10-20 10:59:42,Motion_Completed,"[-0.0, 158.74099731445312, 0.0]","[-158.74099731445312, -0.0, -0.0]","[-158.74099731445312, 0.0, 0.0]","[2, 2]"
2025-10-20 10:59:42,Motion_Completed,"[-0.0, 158.74099731445312, 0.0]","[-158.74099731445312, -0.0, -0.0]","[-158.74099731445312, 0.0, 0.0]","[2, 2]"
2025-10-20 10:59:42,Motion_Completed,"[-0.0, 158.74099731445312, 0.0]","[-158.74099731445312, -0.0, -0.0]","[-158.74099731445312, 0.0, 0.0]","[2, 2]"
2025-10-20 10:59:42,Motion_Completed,"[-0.0, 158.74099731445312, 0.0]","[-158.74099731445312, -0.0, -0.0]","[-158.74099731445312, 0.0, 0.0]","[2, 2]"
2025-10-20 10:59:42,Motion_Completed,"[-0.0, 158.74099731445312, 0.0]","[-158.74099731445312, -0.0, -0.0]","[-158.74099731445312, 0.0, 0.0]","[2, 2]"
2025-10-20 10:59:42,Motion_Completed,"[-0.0, 158.74099731445312, 0.0]","[-158.74099731445312, -0.0, -0.0]","[-158.74099731445312, 0.0, 0.0]","[2, 2]"
2025-10-20 10:59:42,Motion_Completed,"[-0.0, 158.74099731445312, 0.0]","[-158.74099731445312, -0.0, -0.0]","[-158.74099731445312, 0.0, 0.0]","[2, 2]"
2025-10-20 10:59:42,Motion_Completed,"[-0.0, 158.74099731445312, 0.0]","[-158.74099731445312, -0.0, -0.0]","[-158.74099731445312, 0.0, 0.0]","[2, 2]"
2025-10-20 10:59:42,Motion_Completed,"[-0.0, 158.74099731445312, 0.0]","[-158.74099731445312, -0.0, -0.0]","[-158.74099731445312, 0.0, 0.0]","[2, 2]"
2025-10-20 10:59:42,Motion_Completed,"[-0.0, 158.74099731445312, 0.0]","[-158.74099731445312, -0.0, -0.0]","[-158.74099731445312, 0.0, 0.0]","[2, 2]"
2025-10-20 10:59:42,Motion_Completed,"[-0.0, 158.74099731445312, 0.0]","[-158.74099731445312, -0.0, -0.0]","[-158.74099731445312, 0.0, 0.0]","[2, 2]"
2025-10-20 10:59:42,Motion_Completed,"[-0.0, 158.74099731445312, 0.0]","[-158.74099731445312, -0.0, -0.0]","[-158.74099731445312, 0.0, 0.0]","[2, 2]"
2025-10-20 10:59:42,Motion_Completed,"[-0.0, 158.74099731445312, 0.0]","[-158.74099731445312, -0.0, -0.0]","[-158.74099731445312, 0.0, 0.0]","[2, 2]"
2025-10-20 10:59:42,Motion_Completed,"[-0.0, 158.74099731445312, 0.0]","[-158.74099731445312, -0.0, -0.0]","[-158.74099731445312, 0.0, 0.0]","[2, 2]"
2025-10-20 10:59:43,Motion_Completed,"[-0.0, 158.74099731445312, 0.0]","[-158.74099731445312, -0.0, -0.0]","[-158.74099731445312, 0.0, 0.0]","[2, 2]"
2025-10-20 10:59:43,Motion_Completed,"[-0.0, 158.74099731445312, 0.0]","[-158.74099731445312, -0.0, -0.0]","[-158.74099731445312, 0.0, 0.0]","[2, 2]"
2025-10-20 10:59:43,Motion_Completed,"[-0.0, 158.74099731445312, 0.0]","[-158.74099731445312, -0.0, -0.0]","[-158.74099731445312, 0.0, 0.0]","[2, 2]"
2025-10-20 10:59:43,Motion_Completed,"[-0.0, 158.74099731445312, 0.0]","[-158.74099731445312, -0.0, -0.0]","[-158.74099731445312, 0.0, 0.0]","[2, 2]"
2025-10-20 10:59:43,Motion_Completed,"[-0.0, 158.74099731445312, 0.0]","[-158.74099731445312, -0.0, -0.0]","[-158.74099731445312, 0.0, 0.0]","[2, 2]"
2025-10-20 10:59:43,Motion_Completed,"[-0.0, 158.74099731445312, 0.0]","[-158.74099731445312, -0.0, -0.0]","[-158.74099731445312, 0.0, 0.0]","[2, 2]"
2025-10-20 10:59:43,Motion_Completed,"[-0.0, 158.74099731445312, 0.0]","[-158.74099731445312, -0.0, -0.0]","[-158.74099731445312, 0.0, 0.0]","[2, 2]"
2025-10-20 10:59:43,Motion_Completed,"[-0.0, 158.74099731445312, 0.0]","[-158.74099731445312, -0.0, -0.0]","[-158.74099731445312, 0.0, 0.0]","[2, 2]"
2025-10-20 10:59:43,Motion_Completed,"[-0.0, 158.74099731445312, 0.0]","[-158.74099731445312, -0.0, -0.0]","[-158.74099731445312, 0.0, 0.0]","[2, 2]"
2025-10-20 10:59:43,Motion_Completed,"[-0.0, 158.74099731445312, 0.0]","[-158.74099731445312, -0.0, -0.0]","[-158.74099731445312, 0.0, 0.0]","[2, 2]"
2025-10-20 10:59:43,Motion_Completed,"[-0.0, 158.74099731445312, 0.0]","[-158.74099731445312, -0.0, -0.0]","[-158.74099731445312, 0.0, 0.0]","[2, 2]"
2025-10-20 10:59:43,Motion_Completed,"[-0.0, 158.74099731445312, 0.0]","[-158.74099731445312, -0.0, -0.0]","[-158.74099731445312, 0.0, 0.0]","[2, 2]"
2025-10-20 10:59:43,Motion_Completed,"[-0.0, 158.74099731445312, 0.0]","[-158.74099731445312, -0.0, -0.0]","[-158.74099731445312, 0.0, 0.0]","[2, 2]"
2025-10-20 10:59:43,Motion_Completed,"[-0.0, 158.74099731445312, 0.0]","[-158.74099731445312, -0.0, -0.0]","[-158.74099731445312, 0.0, 0.0]","[2, 2]"
2025-10-20 10:59:43,Motion_Completed,"[-0.0, 158.74099731445312, 0.0]","[-158.74099731445312, -0.0, -0.0]","[-158.74099731445312, 0.0, 0.0]","[2, 2]"
2025-10-20 10:59:43,Motion_Completed,"[-0.0, 158.74099731445312, 0.0]","[-158.74099731445312, -0.0, -0.0]","[-158.74099731445312, 0.0, 0.0]","[2, 2]"
2025-10-20 10:59:43,Motion_Completed,"[-0.0, 158.74099731445312, 0.0]","[-158.74099731445312, -0.0, -0.0]","[-158.74099731445312, 0.0, 0.0]","[2, 2]"
2025-10-20 10:59:43,Motion_Completed,"[-0.0, 158.74099731445312, 0.0]","[-158.74099731445312, -0.0, -0.0]","[-158.74099731445312, 0.0, 0.0]","[2, 2]"
2025-10-20 10:59:43,Motion_Completed,"[-0.0, 158.74099731445312, 0.0]","[-158.74099731445312, -0.0, -0.0]","[-158.74099731445312, 0.0, 0.0]","[2, 2]"
2025-10-20 10:59:43,Motion_Completed,"[-0.0, 158.74099731445312, 0.0]","[-158.74099731445312, -0.0, -0.0]","[-158.74099731445312, 0.0, 0.0]","[2, 2]"
2025-10-20 10:59:43,Motion_Completed,"[-0.0, 158.74099731445312, 0.0]","[-158.74099731445312, -0.0, -0.0]","[-158.74099731445312, 0.0, 0.0]","[2, 2]"
2025-10-20 10:59:43,Motion_Completed,"[-0.0, 158.74099731445312, 0.0]","[-158.74099731445312, -0.0, -0.0]","[-158.74099731445312, 0.0, 0.0]","[2, 2]"
2025-10-20 10:59:43,Motion_Completed,"[-0.0, 158.74099731445312, 0.0]","[-158.74099731445312, -0.0, -0.0]","[-158.74099731445312, 0.0, 0.0]","[2, 2]"
2025-10-20 10:59:43,Motion_Completed,"[-0.0, 158.74099731445312, 0.0]","[-158.74099731445312, -0.0, -0.0]","[-158.74099731445312, 0.0, 0.0]","[2, 2]"
2025-10-20 10:59:43,Motion_Completed,"[-0.0, 158.74099731445312, 0.0]","[-158.74099731445312, -0.0, -0.0]","[-158.74099731445312, 0.0, 0.0]","[2, 2]"
2025-10-20 10:59:44,Motion_Completed,"[-0.0, 158.74099731445312, 0.0]","[-158.74099731445312, -0.0, -0.0]","[-158.74099731445312, 0.0, 0.0]","[2, 2]"
2025-10-20 10:59:44,Motion_Completed,"[-0.0, 158.74099731445312, 0.0]","[-158.74099731445312, -0.0, -0.0]","[-158.74099731445312, 0.0, 0.0]","[2, 2]"
2025-10-20 10:59:44,Motion_Completed,"[-0.0, 158.74099731445312, 0.0]","[-158.74099731445312, -0.0, -0.0]","[-158.74099731445312, 0.0, 0.0]","[2, 2]"
2025-10-20 10:59:44,Motion_Completed,"[-0.0, 158.74099731445312, 0.0]","[-158.74099731445312, -0.0, -0.0]","[-158.74099731445312, 0.0, 0.0]","[2, 2]"
2025-10-20 10:59:44,Motion_Completed,"[-0.0, 158.74099731445312, 0.0]","[-158.74099731445312, -0.0, -0.0]","[-158.74099731445312, 0.0, 0.0]","[2, 2]"
2025-10-20 10:59:44,Motion_Completed,"[-0.0, 158.74099731445312, 0.0]","[-158.74099731445312, -0.0, -0.0]","[-158.74099731445312, 0.0, 0.0]","[2, 2]"
2025-10-20 10:59:44,Motion_Completed,"[-0.0, 158.74099731445312, 0.0]","[-158.74099731445312, -0.0, -0.0]","[-158.74099731445312, 0.0, 0.0]","[2, 2]"
2025-10-20 10:59:44,Motion_Completed,"[-0.0, 158.74099731445312, 0.0]","[-158.74099731445312, -0.0, -0.0]","[-158.74099731445312, 0.0, 0.0]","[2, 2]"
2025-10-20 10:59:44,Motion_Completed,"[-0.0, 158.74099731445312, 0.0]","[-158.74099731445312, -0.0, -0.0]","[-158.74099731445312, 0.0, 0.0]","[2, 2]"
2025-10-20 10:59:44,Motion_Completed,"[-0.0, 158.74099731445312, 0.0]","[-158.74099731445312, -0.0, -0.0]","[-158.74099731445312, 0.0, 0.0]","[2, 2]"
2025-10-20 10:59:44,Motion_Completed,"[-0.0, 158.74099731445312, 0.0]","[-158.74099731445312, -0.0, -0.0]","[-158.74099731445312, 0.0, 0.0]","[2, 2]"
2025-10-20 10:59:44,Motion_Completed,"[-0.0, 158.74099731445312, 0.0]","[-158.74099731445312, -0.0, -0.0]","[-158.74099731445312, 0.0, 0.0]","[2, 2]"
2025-10-20 10:59:44,Motion_Completed,"[-0.0, 158.74099731445312, 0.0]","[-158.74099731445312, -0.0, -0.0]","[-158.74099731445312, 0.0, 0.0]","[2, 2]"
2025-10-20 10:59:44,Motion_Completed,"[-0.0, 158.74099731445312, 0.0]","[-158.74099731445312, -0.0, -0.0]","[-158.74099731445312, 0.0, 0.0]","[2, 2]"
2025-10-20 10:59:44,Motion_Completed,"[-0.0, 158.74099731445312, 0.0]","[-158.74099731445312, -0.0, -0.0]","[-158.74099731445312, 0.0, 0.0]","[2, 2]"
2025-10-20 10:59:44,Motion_Completed,"[-0.0, 158.74099731445312, 0.0]","[-158.74099731445312, -0.0, -0.0]","[-158.74099731445312, 0.0, 0.0]","[2, 2]"
2025-10-20 10:59:44,Motion_Completed,"[-0.0, 158.74099731445312, 0.0]","[-158.74099731445312, -0.0, -0.0]","[-158.74099731445312, 0.0, 0.0]","[2, 2]"
2025-10-20 10:59:44,Motion_Completed,"[-0.0, 158.74099731445312, 0.0]","[-158.74099731445312, -0.0, -0.0]","[-158.74099731445312, 0.0, 0.0]","[2, 2]"
2025-10-20 10:59:44,Motion_Completed,"[-0.0, 158.74099731445312, 0.0]","[-158.74099731445312, -0.0, -0.0]","[-158.74099731445312, 0.0, 0.0]","[2, 2]"
2025-10-20 10:59:44,Motion_Completed,"[-0.0, 158.74099731445312, 0.0]","[-158.74099731445312, -0.0, -0.0]","[-158.74099731445312, 0.0, 0.0]","[2, 2]"
2025-10-20 10:59:44,Motion_Completed,"[-0.0, 158.74099731445312, 0.0]","[-158.74099731445312, -0.0, -0.0]","[-158.74099731445312, 0.0, 0.0]","[2, 2]"
2025-10-20 10:59:44,Motion_Completed,"[-0.0, 158.74099731445312, 0.0]","[-158.74099731445312, -0.0, -0.0]","[-158.74099731445312, 0.0, 0.0]","[2, 2]"
2025-10-20 10:59:44,Motion_Completed,"[-0.0, 158.74099731445312, 0.0]","[-158.74099731445312, -0.0, -0.0]","[-158.74099731445312, 0.0, 0.0]","[2, 2]"
2025-10-20 10:59:44,Motion_Completed,"[-0.0, 158.74099731445312, 0.0]","[-158.74099731445312, -0.0, -0.0]","[-158.74099731445312, 0.0, 0.0]","[2, 2]"
2025-10-20 10:59:44,Motion_Completed,"[-0.0, 158.74099731445312, 0.0]","[-158.74099731445312, -0.0, -0.0]","[-158.74099731445312, 0.0, 0.0]","[2, 2]"
2025-10-20 10:59:45,Motion_Completed,"[-0.0, 158.74099731445312, 0.0]","[-158.74099731445312, -0.0, -0.0]","[-158.74099731445312, 0.0, 0.0]","[2, 2]"
2025-10-20 10:59:45,Motion_Completed,"[-0.0, 158.74099731445312, 0.0]","[-158.74099731445312, -0.0, -0.0]","[-158.74099731445312, 0.0, 0.0]","[2, 2]"
2025-10-20 10:59:45,Motion_Completed,"[-0.0, 158.74099731445312, 0.0]","[-158.74099731445312, -0.0, -0.0]","[-158.74099731445312, 0.0, 0.0]","[2, 2]"
2025-10-20 10:59:45,Motion_Completed,"[-0.0, 158.74099731445312, 0.0]","[-158.74099731445312, -0.0, -0.0]","[-158.74099731445312, 0.0, 0.0]","[2, 2]"
2025-10-20 10:59:45,Motion_Completed,"[-0.0, 158.74099731445312, 0.0]","[-158.74099731445312, -0.0, -0.0]","[-158.74099731445312, 0.0, 0.0]","[2, 2]"
2025-10-20 10:59:45,Motion_Completed,"[-0.0, 158.74099731445312, 0.0]","[-158.74099731445312, -0.0, -0.0]","[-158.74099731445312, 0.0, 0.0]","[2, 2]"
2025-10-20 10:59:45,Motion_Completed,"[-0.0, 158.74099731445312, 0.0]","[-158.74099731445312, -0.0, -0.0]","[-158.74099731445312, 0.0, 0.0]","[2, 2]"
2025-10-20 10:59:45,2,"[-0.0, 158.74099731445312, 0.0]",[ 0. 10.  0.],"[-158.74099731445312, 0.0, 0.0]","[2, 2]"
2025-10-20 10:59:45,Limit_Judge_Triggered,"[-0.0, 158.74099731445312, 0.0]","[158.74099731445312, -168.74099731445312]","[-158.74099731445312, 0.0, 0.0]","[2, 2]"
2025-10-20 10:59:45,Limit_Judge_Triggered,"[-0.0, 158.74099731445312, 0.0]","[158.74099731445312, -168.74099731445312]","[-158.74099731445312, 0.0, 0.0]","[2, 2]"
2025-10-20 10:59:45,Limit_Judge_Triggered,"[-0.0, 158.74099731445312, 0.0]","[158.74099731445312, -168.74099731445312]","[-158.74099731445312, 0.0, 0.0]","[2, 2]"
2025-10-20 10:59:45,Limit_Judge_Triggered,"[-0.0, 158.74099731445312, 0.0]","[158.74099731445312, -168.74099731445312]","[-158.74099731445312, 0.0, 0.0]","[2, 2]"
2025-10-20 10:59:45,Limit_Judge_Triggered,"[-0.0, 158.74099731445312, 0.0]","[158.74099731445312, -168.74099731445312]","[-158.74099731445312, 0.0, 0.0]","[2, 2]"
2025-10-20 10:59:45,Limit_Judge_Triggered,"[-0.0, 158.74099731445312, 0.0]","[158.74099731445312, -168.74099731445312]","[-158.74099731445312, 0.0, 0.0]","[2, 2]"
2025-10-20 10:59:45,Limit_Judge_Triggered,"[-0.0, 158.74099731445312, 0.0]","[158.74099731445312, -168.74099731445312]","[-158.74099731445312, 0.0, 0.0]","[2, 2]"
2025-10-20 10:59:45,Limit_Judge_Triggered,"[-0.0, 158.74099731445312, 0.0]","[158.74099731445312, -168.74099731445312]","[-158.74099731445312, 0.0, 0.0]","[2, 2]"
2025-10-20 10:59:45,Limit_Judge_Triggered,"[-0.0, 158.74099731445312, 0.0]","[158.74099731445312, -168.74099731445312]","[-158.74099731445312, 0.0, 0.0]","[2, 2]"
2025-10-20 10:59:45,Limit_Judge_Triggered,"[-0.0, 158.74099731445312, 0.0]","[158.74099731445312, -168.74099731445312]","[-158.74099731445312, 0.0, 0.0]","[2, 2]"
2025-10-20 10:59:45,Limit_Judge_Triggered,"[-0.0, 158.74099731445312, 0.0]","[158.74099731445312, -168.74099731445312]","[-158.74099731445312, 0.0, 0.0]","[2, 2]"
2025-10-20 10:59:45,Limit_Judge_Triggered,"[-0.0, 158.74099731445312, 0.0]","[158.74099731445312, -168.74099731445312]","[-158.74099731445312, 0.0, 0.0]","[2, 2]"
2025-10-20 10:59:45,Limit_Judge_Triggered,"[-0.0, 158.74099731445312, 0.0]","[158.74099731445312, -168.74099731445312]","[-158.74099731445312, 0.0, 0.0]","[2, 2]"
2025-10-20 10:59:45,Limit_Judge_Triggered,"[-0.0, 158.74099731445312, 0.0]","[158.74099731445312, -168.74099731445312]","[-158.74099731445312, 0.0, 0.0]","[2, 2]"
2025-10-20 10:59:45,Limit_Judge_Triggered,"[-0.0, 158.74099731445312, 0.0]","[158.74099731445312, -168.74099731445312]","[-158.74099731445312, 0.0, 0.0]","[2, 2]"
2025-10-20 10:59:45,Limit_Judge_Triggered,"[-0.0, 158.74099731445312, 0.0]","[158.74099731445312, -168.74099731445312]","[-158.74099731445312, 0.0, 0.0]","[2, 2]"
2025-10-20 10:59:45,Limit_Judge_Triggered,"[-0.0, 158.74099731445312, 0.0]","[158.74099731445312, -168.74099731445312]","[-158.74099731445312, 0.0, 0.0]","[2, 2]"
2025-10-20 10:59:45,Limit_Judge_Triggered,"[-0.0, 158.74099731445312, 0.0]","[158.74099731445312, -168.74099731445312]","[-158.74099731445312, 0.0, 0.0]","[2, 2]"
2025-10-20 10:59:46,Limit_Judge_Triggered,"[-0.0, 158.74099731445312, 0.0]","[158.74099731445312, -168.74099731445312]","[-158.74099731445312, 0.0, 0.0]","[2, 2]"
2025-10-20 10:59:46,Limit_Judge_Triggered,"[-0.0, 158.74099731445312, 0.0]","[158.74099731445312, -168.74099731445312]","[-158.74099731445312, 0.0, 0.0]","[2, 2]"
2025-10-20 10:59:46,Limit_Judge_Triggered,"[-0.0, 158.74099731445312, 0.0]","[158.74099731445312, -168.74099731445312]","[-158.74099731445312, 0.0, 0.0]","[2, 2]"
2025-10-20 10:59:46,Limit_Judge_Triggered,"[-0.0, 158.74099731445312, 0.0]","[158.74099731445312, -168.74099731445312]","[-158.74099731445312, 0.0, 0.0]","[2, 2]"
2025-10-20 10:59:46,Limit_Judge_Triggered,"[-0.0, 158.74099731445312, 0.0]","[158.74099731445312, -168.74099731445312]","[-158.74099731445312, 0.0, 0.0]","[2, 2]"
2025-10-20 10:59:46,Limit_Judge_Triggered,"[-0.0, 158.74099731445312, 0.0]","[158.74099731445312, -168.74099731445312]","[-158.74099731445312, 0.0, 0.0]","[2, 2]"
2025-10-20 10:59:46,Limit_Judge_Triggered,"[-0.0, 158.74099731445312, 0.0]","[158.74099731445312, -168.74099731445312]","[-158.74099731445312, 0.0, 0.0]","[2, 2]"
2025-10-20 10:59:46,Limit_Judge_Triggered,"[-0.0, 158.74099731445312, 0.0]","[158.74099731445312, -168.74099731445312]","[-158.74099731445312, 0.0, 0.0]","[2, 2]"
2025-10-20 10:59:46,Limit_Judge_Triggered,"[-0.0, 158.74099731445312, 0.0]","[158.74099731445312, -168.74099731445312]","[-158.74099731445312, 0.0, 0.0]","[2, 2]"
2025-10-20 10:59:46,Limit_Judge_Triggered,"[-0.0, 158.74099731445312, 0.0]","[158.74099731445312, -168.74099731445312]","[-158.74099731445312, 0.0, 0.0]","[2, 2]"
2025-10-20 10:59:46,Limit_Judge_Triggered,"[-0.0, 158.74099731445312, 0.0]","[158.74099731445312, -168.74099731445312]","[-158.74099731445312, 0.0, 0.0]","[2, 2]"
2025-10-20 10:59:46,Limit_Judge_Triggered,"[-0.0, 158.74099731445312, 0.0]","[158.74099731445312, -168.74099731445312]","[-158.74099731445312, 0.0, 0.0]","[2, 2]"
2025-10-20 10:59:46,Limit_Judge_Triggered,"[-0.0, 158.74099731445312, 0.0]","[158.74099731445312, -168.74099731445312]","[-158.74099731445312, 0.0, 0.0]","[2, 2]"
2025-10-20 10:59:46,Limit_Judge_Triggered,"[-0.0, 158.74099731445312, 0.0]","[158.74099731445312, -168.74099731445312]","[-158.74099731445312, 0.0, 0.0]","[2, 2]"
2025-10-20 10:59:46,Limit_Judge_Triggered,"[-0.0, 158.74099731445312, 0.0]","[158.74099731445312, -168.74099731445312]","[-158.74099731445312, 0.0, 0.0]","[2, 2]"
2025-10-20 10:59:46,Limit_Judge_Triggered,"[-0.0, 158.74099731445312, 0.0]","[158.74099731445312, -168.74099731445312]","[-158.74099731445312, 0.0, 0.0]","[2, 2]"
2025-10-20 10:59:46,Limit_Judge_Triggered,"[-0.0, 158.74099731445312, 0.0]","[158.74099731445312, -168.74099731445312]","[-158.74099731445312, 0.0, 0.0]","[2, 2]"
2025-10-20 10:59:46,Limit_Judge_Triggered,"[-0.0, 158.74099731445312, 0.0]","[158.74099731445312, -168.74099731445312]","[-158.74099731445312, 0.0, 0.0]","[2, 2]"
2025-10-20 10:59:46,Limit_Judge_Triggered,"[-0.0, 158.74099731445312, 0.0]","[158.74099731445312, -168.74099731445312]","[-158.74099731445312, 0.0, 0.0]","[2, 2]"
2025-10-20 10:59:46,Limit_Judge_Triggered,"[-0.0, 158.74099731445312, 0.0]","[158.74099731445312, -168.74099731445312]","[-158.74099731445312, 0.0, 0.0]","[2, 2]"
2025-10-20 10:59:46,Limit_Judge_Triggered,"[-0.0, 158.74099731445312, 0.0]","[158.74099731445312, -168.74099731445312]","[-158.74099731445312, 0.0, 0.0]","[2, 2]"
2025-10-20 10:59:46,Limit_Judge_Triggered,"[-0.0, 158.74099731445312, 0.0]","[158.74099731445312, -168.74099731445312]","[-158.74099731445312, 0.0, 0.0]","[2, 2]"
2025-10-20 10:59:46,Limit_Judge_Triggered,"[-0.0, 158.74099731445312, 0.0]","[158.74099731445312, -168.74099731445312]","[-158.74099731445312, 0.0, 0.0]","[2, 2]"
2025-10-20 10:59:46,Limit_Judge_Triggered,"[-0.0, 158.74099731445312, 0.0]","[158.74099731445312, -168.74099731445312]","[-158.74099731445312, 0.0, 0.0]","[2, 2]"
2025-10-20 10:59:46,Limit_Judge_Triggered,"[-0.0, 158.74099731445312, 0.0]","[158.74099731445312, -168.74099731445312]","[-158.74099731445312, 0.0, 0.0]","[2, 2]"
2025-10-20 10:59:47,Limit_Judge_Triggered,"[-0.0, 158.74099731445312, 0.0]","[158.74099731445312, -168.74099731445312]","[-158.74099731445312, 0.0, 0.0]","[2, 2]"
2025-10-20 10:59:47,Limit_Judge_Triggered,"[-0.0, 158.74099731445312, 0.0]","[158.74099731445312, -168.74099731445312]","[-158.74099731445312, 0.0, 0.0]","[2, 2]"
2025-10-20 10:59:47,Limit_Judge_Triggered,"[-0.0, 158.74099731445312, 0.0]","[158.74099731445312, -168.74099731445312]","[-158.74099731445312, 0.0, 0.0]","[2, 2]"
2025-10-20 10:59:47,Limit_Judge_Triggered,"[-0.0, 158.74099731445312, 0.0]","[158.74099731445312, -168.74099731445312]","[-158.74099731445312, 0.0, 0.0]","[2, 2]"
2025-10-20 10:59:47,Limit_Judge_Triggered,"[-0.0, 158.74099731445312, 0.0]","[158.74099731445312, -168.74099731445312]","[-158.74099731445312, 0.0, 0.0]","[2, 2]"
2025-10-20 10:59:47,Limit_Judge_Triggered,"[-0.0, 158.74099731445312, 0.0]","[158.74099731445312, -168.74099731445312]","[-158.74099731445312, 0.0, 0.0]","[2, 2]"
2025-10-20 10:59:47,Limit_Judge_Triggered,"[-0.0, 158.74099731445312, 0.0]","[158.74099731445312, -168.74099731445312]","[-158.74099731445312, 0.0, 0.0]","[2, 2]"
2025-10-20 10:59:47,Limit_Judge_Triggered,"[-0.0, 158.74099731445312, 0.0]","[158.74099731445312, -168.74099731445312]","[-158.74099731445312, 0.0, 0.0]","[2, 2]"
2025-10-20 10:59:47,Limit_Judge_Triggered,"[-0.0, 158.74099731445312, 0.0]","[158.74099731445312, -168.74099731445312]","[-158.74099731445312, 0.0, 0.0]","[2, 2]"
2025-10-20 10:59:47,Limit_Judge_Triggered,"[-0.0, 158.74099731445312, 0.0]","[158.74099731445312, -168.74099731445312]","[-158.74099731445312, 0.0, 0.0]","[2, 2]"
2025-10-20 10:59:47,Limit_Judge_Triggered,"[-0.0, 158.74099731445312, 0.0]","[158.74099731445312, -168.74099731445312]","[-158.74099731445312, 0.0, 0.0]","[2, 2]"
2025-10-20 10:59:47,Limit_Judge_Triggered,"[-0.0, 158.74099731445312, 0.0]","[158.74099731445312, -168.74099731445312]","[-158.74099731445312, 0.0, 0.0]","[2, 2]"
2025-10-20 10:59:47,Limit_Judge_Triggered,"[-0.0, 158.74099731445312, 0.0]","[158.74099731445312, -168.74099731445312]","[-158.74099731445312, 0.0, 0.0]","[2, 2]"
2025-10-20 10:59:47,Limit_Judge_Triggered,"[-0.0, 158.74099731445312, 0.0]","[158.74099731445312, -168.74099731445312]","[-158.74099731445312, 0.0, 0.0]","[2, 2]"
2025-10-20 10:59:47,Limit_Judge_Triggered,"[-0.0, 158.74099731445312, 0.0]","[158.74099731445312, -168.74099731445312]","[-158.74099731445312, 0.0, 0.0]","[2, 2]"
2025-10-20 10:59:47,Limit_Judge_Triggered,"[-0.0, 158.74099731445312, 0.0]","[158.74099731445312, -168.74099731445312]","[-158.74099731445312, 0.0, 0.0]","[2, 2]"
2025-10-20 10:59:47,Limit_Judge_Triggered,"[-0.0, 158.74099731445312, 0.0]","[158.74099731445312, -168.74099731445312]","[-158.74099731445312, 0.0, 0.0]","[2, 2]"
2025-10-20 10:59:47,Limit_Judge_Triggered,"[-0.0, 158.74099731445312, 0.0]","[158.74099731445312, -168.74099731445312]","[-158.74099731445312, 0.0, 0.0]","[2, 2]"
2025-10-20 10:59:47,Limit_Judge_Triggered,"[-0.0, 158.74099731445312, 0.0]","[158.74099731445312, -168.74099731445312]","[-158.74099731445312, 0.0, 0.0]","[2, 2]"
2025-10-20 10:59:47,Limit_Judge_Triggered,"[-0.0, 158.74099731445312, 0.0]","[158.74099731445312, -168.74099731445312]","[-158.74099731445312, 0.0, 0.0]","[2, 2]"
2025-10-20 10:59:47,Limit_Judge_Triggered,"[-0.0, 158.74099731445312, 0.0]","[158.74099731445312, -168.74099731445312]","[-158.74099731445312, 0.0, 0.0]","[2, 2]"
2025-10-20 10:59:47,Limit_Judge_Triggered,"[-0.0, 158.74099731445312, 0.0]","[158.74099731445312, -168.74099731445312]","[-158.74099731445312, 0.0, 0.0]","[2, 2]"
2025-10-20 10:59:47,Limit_Judge_Triggered,"[-0.0, 158.74099731445312, 0.0]","[158.74099731445312, -168.74099731445312]","[-158.74099731445312, 0.0, 0.0]","[2, 2]"
2025-10-20 10:59:47,Limit_Judge_Triggered,"[-0.0, 158.74099731445312, 0.0]","[158.74099731445312, -168.74099731445312]","[-158.74099731445312, 0.0, 0.0]","[2, 2]"
2025-10-20 10:59:47,Limit_Judge_Triggered,"[-0.0, 158.74099731445312, 0.0]","[158.74099731445312, -168.74099731445312]","[-158.74099731445312, 0.0, 0.0]","[2, 2]"
2025-10-20 10:59:48,Limit_Judge_Triggered,"[-0.0, 158.74099731445312, 0.0]","[158.74099731445312, -168.74099731445312]","[-158.74099731445312, 0.0, 0.0]","[2, 2]"
2025-10-20 10:59:48,Limit_Judge_Triggered,"[-0.0, 158.74099731445312, 0.0]","[158.74099731445312, -168.74099731445312]","[-158.74099731445312, 0.0, 0.0]","[2, 2]"
2025-10-20 10:59:48,Limit_Judge_Triggered,"[-0.0, 158.74099731445312, 0.0]","[158.74099731445312, -168.74099731445312]","[-158.74099731445312, 0.0, 0.0]","[2, 2]"
2025-10-20 10:59:48,Limit_Judge_Triggered,"[-0.0, 158.74099731445312, 0.0]","[158.74099731445312, -168.74099731445312]","[-158.74099731445312, 0.0, 0.0]","[2, 2]"
2025-10-20 10:59:48,Limit_Judge_Triggered,"[-0.0, 158.74099731445312, 0.0]","[158.74099731445312, -168.74099731445312]","[-158.74099731445312, 0.0, 0.0]","[2, 2]"
2025-10-20 10:59:48,Limit_Judge_Triggered,"[-0.0, 158.74099731445312, 0.0]","[158.74099731445312, -168.74099731445312]","[-158.74099731445312, 0.0, 0.0]","[2, 2]"
2025-10-20 10:59:48,Limit_Judge_Triggered,"[-0.0, 158.74099731445312, 0.0]","[158.74099731445312, -168.74099731445312]","[-158.74099731445312, 0.0, 0.0]","[2, 2]"
2025-10-20 10:59:48,Limit_Judge_Triggered,"[-0.0, 158.74099731445312, 0.0]","[158.74099731445312, -168.74099731445312]","[-158.74099731445312, 0.0, 0.0]","[2, 2]"
2025-10-20 10:59:48,Limit_Judge_Triggered,"[-0.0, 158.74099731445312, 0.0]","[158.74099731445312, -168.74099731445312]","[-158.74099731445312, 0.0, 0.0]","[2, 2]"
2025-10-20 10:59:48,Limit_Judge_Triggered,"[-0.0, 158.74099731445312, 0.0]","[158.74099731445312, -168.74099731445312]","[-158.74099731445312, 0.0, 0.0]","[2, 2]"
2025-10-20 10:59:48,Limit_Judge_Triggered,"[-0.0, 158.74099731445312, 0.0]","[158.74099731445312, -168.74099731445312]","[-158.74099731445312, 0.0, 0.0]","[2, 2]"
2025-10-20 10:59:48,Limit_Judge_Triggered,"[-0.0, 158.74099731445312, 0.0]","[158.74099731445312, -168.74099731445312]","[-158.74099731445312, 0.0, 0.0]","[2, 2]"
2025-10-20 10:59:48,Limit_Judge_Triggered,"[-0.0, 158.74099731445312, 0.0]","[158.74099731445312, -168.74099731445312]","[-158.74099731445312, 0.0, 0.0]","[2, 2]"
2025-10-20 10:59:48,Limit_Judge_Triggered,"[-0.0, 158.74099731445312, 0.0]","[158.74099731445312, -168.74099731445312]","[-158.74099731445312, 0.0, 0.0]","[2, 2]"
2025-10-20 10:59:48,Limit_Judge_Triggered,"[-0.0, 158.74099731445312, 0.0]","[158.74099731445312, -168.74099731445312]","[-158.74099731445312, 0.0, 0.0]","[2, 2]"
2025-10-20 10:59:48,Limit_Judge_Triggered,"[-0.0, 158.74099731445312, 0.0]","[158.74099731445312, -168.74099731445312]","[-158.74099731445312, 0.0, 0.0]","[2, 2]"
2025-10-20 10:59:48,Limit_Judge_Triggered,"[-0.0, 158.74099731445312, 0.0]","[158.74099731445312, -168.74099731445312]","[-158.74099731445312, 0.0, 0.0]","[2, 2]"
2025-10-20 10:59:48,Limit_Judge_Triggered,"[-0.0, 158.74099731445312, 0.0]","[158.74099731445312, -168.74099731445312]","[-158.74099731445312, 0.0, 0.0]","[2, 2]"
2025-10-20 10:59:48,Limit_Judge_Triggered,"[-0.0, 158.74099731445312, 0.0]","[158.74099731445312, -168.74099731445312]","[-158.74099731445312, 0.0, 0.0]","[2, 2]"
2025-10-20 10:59:48,Limit_Judge_Triggered,"[-0.0, 158.74099731445312, 0.0]","[158.74099731445312, -168.74099731445312]","[-158.74099731445312, 0.0, 0.0]","[2, 2]"
2025-10-20 10:59:48,Limit_Judge_Triggered,"[-0.0, 158.74099731445312, 0.0]","[158.74099731445312, -168.74099731445312]","[-158.74099731445312, 0.0, 0.0]","[2, 2]"
2025-10-20 10:59:48,Limit_Judge_Triggered,"[-0.0, 158.74099731445312, 0.0]","[158.74099731445312, -168.74099731445312]","[-158.74099731445312, 0.0, 0.0]","[2, 2]"
2025-10-20 10:59:48,Limit_Judge_Triggered,"[-0.0, 158.74099731445312, 0.0]","[158.74099731445312, -168.74099731445312]","[-158.74099731445312, 0.0, 0.0]","[2, 2]"
2025-10-20 10:59:48,Limit_Judge_Triggered,"[-0.0, 158.74099731445312, 0.0]","[158.74099731445312, -168.74099731445312]","[-158.74099731445312, 0.0, 0.0]","[2, 2]"
2025-10-20 10:59:48,Limit_Judge_Triggered,"[-0.0, 158.74099731445312, 0.0]","[158.74099731445312, -168.74099731445312]","[-158.74099731445312, 0.0, 0.0]","[2, 2]"
2025-10-20 10:59:49,Limit_Judge_Triggered,"[-0.0, 158.74099731445312, 0.0]","[158.74099731445312, -168.74099731445312]","[-158.74099731445312, 0.0, 0.0]","[2, 2]"
2025-10-20 10:59:49,Limit_Judge_Triggered,"[-0.0, 158.74099731445312, 0.0]","[158.74099731445312, -168.74099731445312]","[-158.74099731445312, 0.0, 0.0]","[2, 2]"
2025-10-20 10:59:49,Limit_Judge_Triggered,"[-0.0, 158.74099731445312, 0.0]","[158.74099731445312, -168.74099731445312]","[-158.74099731445312, 0.0, 0.0]","[2, 2]"
2025-10-20 10:59:49,Limit_Judge_Triggered,"[-0.0, 158.74099731445312, 0.0]","[158.74099731445312, -168.74099731445312]","[-158.74099731445312, 0.0, 0.0]","[2, 2]"
2025-10-20 10:59:49,Limit_Judge_Triggered,"[-0.0, 158.74099731445312, 0.0]","[158.74099731445312, -168.74099731445312]","[-158.74099731445312, 0.0, 0.0]","[2, 2]"
2025-10-20 10:59:49,Limit_Judge_Triggered,"[-0.0, 158.74099731445312, 0.0]","[158.74099731445312, -168.74099731445312]","[-158.74099731445312, 0.0, 0.0]","[2, 2]"
2025-10-20 10:59:49,Limit_Judge_Triggered,"[-0.0, 158.74099731445312, 0.0]","[158.74099731445312, -168.74099731445312]","[-158.74099731445312, 0.0, 0.0]","[2, 2]"
2025-10-20 10:59:49,Limit_Judge_Triggered,"[-0.0, 158.74099731445312, 0.0]","[158.74099731445312, -168.74099731445312]","[-158.74099731445312, 0.0, 0.0]","[2, 2]"
2025-10-20 10:59:49,Limit_Judge_Triggered,"[-0.0, 158.74099731445312, 0.0]","[158.74099731445312, -168.74099731445312]","[-158.74099731445312, 0.0, 0.0]","[2, 2]"
2025-10-20 10:59:49,Limit_Judge_Triggered,"[-0.0, 158.74099731445312, 0.0]","[158.74099731445312, -168.74099731445312]","[-158.74099731445312, 0.0, 0.0]","[2, 2]"
2025-10-20 10:59:49,Limit_Judge_Triggered,"[-0.0, 158.74099731445312, 0.0]","[158.74099731445312, -168.74099731445312]","[-158.74099731445312, 0.0, 0.0]","[2, 2]"
2025-10-20 10:59:49,Limit_Judge_Triggered,"[-0.0, 158.74099731445312, 0.0]","[158.74099731445312, -168.74099731445312]","[-158.74099731445312, 0.0, 0.0]","[2, 2]"
2025-10-20 10:59:49,Limit_Judge_Triggered,"[-0.0, 158.74099731445312, 0.0]","[158.74099731445312, -168.74099731445312]","[-158.74099731445312, 0.0, 0.0]","[2, 2]"
2025-10-20 10:59:49,Limit_Judge_Triggered,"[-0.0, 158.74099731445312, 0.0]","[158.74099731445312, -168.74099731445312]","[-158.74099731445312, 0.0, 0.0]","[2, 2]"
2025-10-20 10:59:49,Limit_Judge_Triggered,"[-0.0, 158.74099731445312, 0.0]","[158.74099731445312, -168.74099731445312]","[-158.74099731445312, 0.0, 0.0]","[2, 2]"
2025-10-20 10:59:49,Limit_Judge_Triggered,"[-0.0, 158.74099731445312, 0.0]","[158.74099731445312, -168.74099731445312]","[-158.74099731445312, 0.0, 0.0]","[2, 2]"
2025-10-20 10:59:49,Limit_Judge_Triggered,"[-0.0, 158.74099731445312, 0.0]","[158.74099731445312, -168.74099731445312]","[-158.74099731445312, 0.0, 0.0]","[2, 2]"
2025-10-20 10:59:49,Limit_Judge_Triggered,"[-0.0, 158.74099731445312, 0.0]","[158.74099731445312, -168.74099731445312]","[-158.74099731445312, 0.0, 0.0]","[2, 2]"
2025-10-20 10:59:49,Limit_Judge_Triggered,"[-0.0, 158.74099731445312, 0.0]","[158.74099731445312, -168.74099731445312]","[-158.74099731445312, 0.0, 0.0]","[2, 2]"
2025-10-20 10:59:49,Limit_Judge_Triggered,"[-0.0, 158.74099731445312, 0.0]","[158.74099731445312, -168.74099731445312]","[-158.74099731445312, 0.0, 0.0]","[2, 2]"
2025-10-20 10:59:49,Limit_Judge_Triggered,"[-0.0, 158.74099731445312, 0.0]","[158.74099731445312, -168.74099731445312]","[-158.74099731445312, 0.0, 0.0]","[2, 2]"
2025-10-20 10:59:49,Limit_Judge_Triggered,"[-0.0, 158.74099731445312, 0.0]","[158.74099731445312, -168.74099731445312]","[-158.74099731445312, 0.0, 0.0]","[2, 2]"
2025-10-20 10:59:49,Limit_Judge_Triggered,"[-0.0, 158.74099731445312, 0.0]","[158.74099731445312, -168.74099731445312]","[-158.74099731445312, 0.0, 0.0]","[2, 2]"
2025-10-20 10:59:49,Limit_Judge_Triggered,"[-0.0, 158.74099731445312, 0.0]","[158.74099731445312, -168.74099731445312]","[-158.74099731445312, 0.0, 0.0]","[2, 2]"
2025-10-20 10:59:49,Limit_Judge_Triggered,"[-0.0, 158.74099731445312, 0.0]","[158.74099731445312, -168.74099731445312]","[-158.74099731445312, 0.0, 0.0]","[2, 2]"
2025-10-20 10:59:50,Limit_Judge_Triggered,"[-0.0, 158.74099731445312, 0.0]","[158.74099731445312, -168.74099731445312]","[-158.74099731445312, 0.0, 0.0]","[2, 2]"
2025-10-20 10:59:50,Limit_Judge_Triggered,"[-0.0, 158.74099731445312, 0.0]","[158.74099731445312, -168.74099731445312]","[-158.74099731445312, 0.0, 0.0]","[2, 2]"
2025-10-20 10:59:50,Limit_Judge_Triggered,"[-0.0, 158.74099731445312, 0.0]","[158.74099731445312, -168.74099731445312]","[-158.74099731445312, 0.0, 0.0]","[2, 2]"
2025-10-20 10:59:50,Limit_Judge_Triggered,"[-0.0, 158.74099731445312, 0.0]","[158.74099731445312, -168.74099731445312]","[-158.74099731445312, 0.0, 0.0]","[2, 2]"
2025-10-20 10:59:50,Limit_Judge_Triggered,"[-0.0, 158.74099731445312, 0.0]","[158.74099731445312, -168.74099731445312]","[-158.74099731445312, 0.0, 0.0]","[2, 2]"
2025-10-20 10:59:50,Limit_Judge_Triggered,"[-0.0, 158.74099731445312, 0.0]","[158.74099731445312, -168.74099731445312]","[-158.74099731445312, 0.0, 0.0]","[2, 2]"
2025-10-20 10:59:50,Limit_Judge_Triggered,"[-0.0, 158.74099731445312, 0.0]","[158.74099731445312, -168.74099731445312]","[-158.74099731445312, 0.0, 0.0]","[2, 2]"
2025-10-20 10:59:50,Limit_Judge_Triggered,"[-0.0, 158.74099731445312, 0.0]","[158.74099731445312, -168.74099731445312]","[-158.74099731445312, 0.0, 0.0]","[2, 2]"
2025-10-20 10:59:50,Limit_Judge_Triggered,"[-0.0, 158.74099731445312, 0.0]","[158.74099731445312, -168.74099731445312]","[-158.74099731445312, 0.0, 0.0]","[2, 2]"
2025-10-20 10:59:50,Limit_Judge_Triggered,"[-0.0, 158.74099731445312, 0.0]","[158.74099731445312, -168.74099731445312]","[-158.74099731445312, 0.0, 0.0]","[2, 2]"
2025-10-20 10:59:50,Limit_Judge_Triggered,"[-0.0, 158.74099731445312, 0.0]","[158.74099731445312, -168.74099731445312]","[-158.74099731445312, 0.0, 0.0]","[2, 2]"
2025-10-20 10:59:50,Limit_Judge_Triggered,"[-0.0, 158.74099731445312, 0.0]","[158.74099731445312, -168.74099731445312]","[-158.74099731445312, 0.0, 0.0]","[2, 2]"
2025-10-20 10:59:50,Limit_Judge_Triggered,"[-0.0, 158.74099731445312, 0.0]","[158.74099731445312, -168.74099731445312]","[-158.74099731445312, 0.0, 0.0]","[2, 2]"
2025-10-20 10:59:50,Limit_Judge_Triggered,"[-0.0, 158.74099731445312, 0.0]","[158.74099731445312, -168.74099731445312]","[-158.74099731445312, 0.0, 0.0]","[2, 2]"
2025-10-20 10:59:50,Limit_Judge_Triggered,"[-0.0, 158.74099731445312, 0.0]","[158.74099731445312, -168.74099731445312]","[-158.74099731445312, 0.0, 0.0]","[2, 2]"
2025-10-20 10:59:50,Limit_Judge_Triggered,"[-0.0, 158.74099731445312, 0.0]","[158.74099731445312, -168.74099731445312]","[-158.74099731445312, 0.0, 0.0]","[2, 2]"
2025-10-20 10:59:50,Limit_Judge_Triggered,"[-0.0, 158.74099731445312, 0.0]","[158.74099731445312, -168.74099731445312]","[-158.74099731445312, 0.0, 0.0]","[2, 2]"
2025-10-20 10:59:50,Limit_Judge_Triggered,"[-0.0, 158.74099731445312, 0.0]","[158.74099731445312, -168.74099731445312]","[-158.74099731445312, 0.0, 0.0]","[2, 2]"
2025-10-20 10:59:50,Limit_Judge_Triggered,"[-0.0, 158.74099731445312, 0.0]","[158.74099731445312, -168.74099731445312]","[-158.74099731445312, 0.0, 0.0]","[2, 2]"
2025-10-20 10:59:50,Limit_Judge_Triggered,"[-0.0, 158.74099731445312, 0.0]","[158.74099731445312, -168.74099731445312]","[-158.74099731445312, 0.0, 0.0]","[2, 2]"
2025-10-20 10:59:50,Limit_Judge_Triggered,"[-0.0, 158.74099731445312, 0.0]","[158.74099731445312, -168.74099731445312]","[-158.74099731445312, 0.0, 0.0]","[2, 2]"
2025-10-20 10:59:50,Limit_Judge_Triggered,"[-0.0, 158.74099731445312, 0.0]","[158.74099731445312, -168.74099731445312]","[-158.74099731445312, 0.0, 0.0]","[2, 2]"
2025-10-20 10:59:50,Limit_Judge_Triggered,"[-0.0, 158.74099731445312, 0.0]","[158.74099731445312, -168.74099731445312]","[-158.74099731445312, 0.0, 0.0]","[2, 2]"
2025-10-20 10:59:50,Limit_Judge_Triggered,"[-0.0, 158.74099731445312, 0.0]","[158.74099731445312, -168.74099731445312]","[-158.74099731445312, 0.0, 0.0]","[2, 2]"
2025-10-20 10:59:50,4,"[-0.0, 158.74099731445312, 0.0]",[0. 0. 0.],"[-158.74099731445312, 0.0, 0.0]","[2, 2]"
2025-10-20 10:59:50,Motion_Completed,"[-0.0, 158.74099731445312, 0.0]","[-158.74099731445312, -0.0, -0.0]","[-158.74099731445312, 0.0, 0.0]","[2, 2]"
2025-10-20 10:59:51,Motion_Completed,"[-0.0, 158.74099731445312, 0.0]","[-158.74099731445312, -0.0, -0.0]","[-158.74099731445312, 0.0, 0.0]","[2, 2]"
2025-10-20 10:59:51,Motion_Completed,"[-0.0, 158.74099731445312, 0.0]","[-158.74099731445312, -0.0, -0.0]","[-158.74099731445312, 0.0, 0.0]","[2, 2]"
2025-10-20 10:59:51,Motion_Completed,"[-0.0, 158.74099731445312, 0.0]","[-158.74099731445312, -0.0, -0.0]","[-158.74099731445312, 0.0, 0.0]","[2, 2]"
2025-10-20 10:59:51,Motion_Completed,"[-0.0, 158.74099731445312, 0.0]","[-158.74099731445312, -0.0, -0.0]","[-158.74099731445312, 0.0, 0.0]","[2, 2]"
2025-10-20 10:59:51,Motion_Completed,"[-0.0, 158.74099731445312, 0.0]","[-158.74099731445312, -0.0, -0.0]","[-158.74099731445312, 0.0, 0.0]","[2, 2]"
2025-10-20 10:59:51,Motion_Completed,"[-0.0, 158.74099731445312, 0.0]","[-158.74099731445312, -0.0, -0.0]","[-158.74099731445312, 0.0, 0.0]","[2, 2]"
2025-10-20 10:59:51,Motion_Completed,"[-0.0, 158.74099731445312, 0.0]","[-158.74099731445312, -0.0, -0.0]","[-158.74099731445312, 0.0, 0.0]","[2, 2]"
2025-10-20 10:59:51,Motion_Completed,"[-0.0, 158.74099731445312, 0.0]","[-158.74099731445312, -0.0, -0.0]","[-158.74099731445312, 0.0, 0.0]","[2, 2]"
2025-10-20 10:59:51,Motion_Completed,"[-0.0, 158.74099731445312, 0.0]","[-158.74099731445312, -0.0, -0.0]","[-158.74099731445312, 0.0, 0.0]","[2, 2]"
2025-10-20 10:59:51,Motion_Completed,"[-0.0, 158.74099731445312, 0.0]","[-158.74099731445312, -0.0, -0.0]","[-158.74099731445312, 0.0, 0.0]","[2, 2]"
2025-10-20 10:59:51,Motion_Completed,"[-0.0, 158.74099731445312, 0.0]","[-158.74099731445312, -0.0, -0.0]","[-158.74099731445312, 0.0, 0.0]","[2, 2]"
2025-10-20 10:59:51,Motion_Completed,"[-0.0, 158.74099731445312, 0.0]","[-158.74099731445312, -0.0, -0.0]","[-158.74099731445312, 0.0, 0.0]","[2, 2]"
2025-10-20 10:59:51,Motion_Completed,"[-0.0, 158.74099731445312, 0.0]","[-158.74099731445312, -0.0, -0.0]","[-158.74099731445312, 0.0, 0.0]","[2, 2]"
2025-10-20 10:59:51,Motion_Completed,"[-0.0, 158.74099731445312, 0.0]","[-158.74099731445312, -0.0, -0.0]","[-158.74099731445312, 0.0, 0.0]","[2, 2]"
2025-10-20 10:59:51,4,"[-0.0, 158.74099731445312, 0.0]",[0. 0. 0.],"[-158.74099731445312, 0.0, 0.0]","[2, 2]"
2025-10-20 10:59:51,Motion_Completed,"[-0.0, 158.74099731445312, 0.0]","[-158.74099731445312, -0.0, -0.0]","[-158.74099731445312, 0.0, 0.0]","[2, 2]"
2025-10-20 10:59:51,Motion_Completed,"[-0.0, 158.74099731445312, 0.0]","[-158.74099731445312, -0.0, -0.0]","[-158.74099731445312, 0.0, 0.0]","[2, 2]"
2025-10-20 10:59:51,Motion_Completed,"[-0.0, 158.74099731445312, 0.0]","[-158.74099731445312, -0.0, -0.0]","[-158.74099731445312, 0.0, 0.0]","[2, 2]"
2025-10-20 10:59:51,Motion_Completed,"[-0.0, 158.74099731445312, 0.0]","[-158.74099731445312, -0.0, -0.0]","[-158.74099731445312, 0.0, 0.0]","[2, 2]"
2025-10-20 10:59:51,Motion_Completed,"[-0.0, 158.74099731445312, 0.0]","[-158.74099731445312, -0.0, -0.0]","[-158.74099731445312, 0.0, 0.0]","[2, 2]"
2025-10-20 10:59:51,Motion_Completed,"[-0.0, 158.74099731445312, 0.0]","[-158.74099731445312, -0.0, -0.0]","[-158.74099731445312, 0.0, 0.0]","[2, 2]"
2025-10-20 10:59:51,Motion_Completed,"[-0.0, 158.74099731445312, 0.0]","[-158.74099731445312, -0.0, -0.0]","[-158.74099731445312, 0.0, 0.0]","[2, 2]"
2025-10-20 10:59:51,Motion_Completed,"[-0.0, 158.74099731445312, 0.0]","[-158.74099731445312, -0.0, -0.0]","[-158.74099731445312, 0.0, 0.0]","[2, 2]"
2025-10-20 10:59:51,Motion_Completed,"[-0.0, 158.74099731445312, 0.0]","[-158.74099731445312, -0.0, -0.0]","[-158.74099731445312, 0.0, 0.0]","[2, 2]"
2025-10-20 10:59:51,Motion_Completed,"[-0.0, 158.74099731445312, 0.0]","[-158.74099731445312, -0.0, -0.0]","[-158.74099731445312, 0.0, 0.0]","[2, 2]"
2025-10-20 10:59:51,Motion_Completed,"[-0.0, 158.74099731445312, 0.0]","[-158.74099731445312, -0.0, -0.0]","[-158.74099731445312, 0.0, 0.0]","[2, 2]"
2025-10-20 10:59:52,Motion_Completed,"[-0.0, 158.74099731445312, 0.0]","[-158.74099731445312, -0.0, -0.0]","[-158.74099731445312, 0.0, 0.0]","[2, 2]"
2025-10-20 10:59:52,Motion_Completed,"[-0.0, 158.74099731445312, 0.0]","[-158.74099731445312, -0.0, -0.0]","[-158.74099731445312, 0.0, 0.0]","[2, 2]"
2025-10-20 10:59:52,Motion_Completed,"[-0.0, 158.74099731445312, 0.0]","[-158.74099731445312, -0.0, -0.0]","[-158.74099731445312, 0.0, 0.0]","[2, 2]"
2025-10-20 10:59:52,Motion_Completed,"[-0.0, 158.74099731445312, 0.0]","[-158.74099731445312, -0.0, -0.0]","[-158.74099731445312, 0.0, 0.0]","[2, 2]"
2025-10-20 10:59:52,4,"[-0.0, 158.74099731445312, 0.0]",[0. 0. 0.],"[-158.74099731445312, 0.0, 0.0]","[2, 2]"
2025-10-20 10:59:52,Motion_Completed,"[-0.0, 158.74099731445312, 0.0]","[-158.74099731445312, -0.0, -0.0]","[-158.74099731445312, 0.0, 0.0]","[2, 2]"
2025-10-20 10:59:52,Motion_Completed,"[-0.0, 158.74099731445312, 0.0]","[-158.74099731445312, -0.0, -0.0]","[-158.74099731445312, 0.0, 0.0]","[2, 2]"
2025-10-20 10:59:52,Motion_Completed,"[-0.0, 158.74099731445312, 0.0]","[-158.74099731445312, -0.0, -0.0]","[-158.74099731445312, 0.0, 0.0]","[2, 2]"
2025-10-20 10:59:52,Motion_Completed,"[-0.0, 158.74099731445312, 0.0]","[-158.74099731445312, -0.0, -0.0]","[-158.74099731445312, 0.0, 0.0]","[2, 2]"
2025-10-20 10:59:52,Motion_Completed,"[-0.0, 158.74099731445312, 0.0]","[-158.74099731445312, -0.0, -0.0]","[-158.74099731445312, 0.0, 0.0]","[2, 2]"
2025-10-20 10:59:52,Motion_Completed,"[-0.0, 158.74099731445312, 0.0]","[-158.74099731445312, -0.0, -0.0]","[-158.74099731445312, 0.0, 0.0]","[2, 2]"
2025-10-20 10:59:52,Motion_Completed,"[-0.0, 158.74099731445312, 0.0]","[-158.74099731445312, -0.0, -0.0]","[-158.74099731445312, 0.0, 0.0]","[2, 2]"
2025-10-20 10:59:52,Motion_Completed,"[-0.0, 158.74099731445312, 0.0]","[-158.74099731445312, -0.0, -0.0]","[-158.74099731445312, 0.0, 0.0]","[2, 2]"
2025-10-20 10:59:52,Motion_Completed,"[-0.0, 158.74099731445312, 0.0]","[-158.74099731445312, -0.0, -0.0]","[-158.74099731445312, 0.0, 0.0]","[2, 2]"
2025-10-20 10:59:52,Motion_Completed,"[-0.0, 158.74099731445312, 0.0]","[-158.74099731445312, -0.0, -0.0]","[-158.74099731445312, 0.0, 0.0]","[2, 2]"
2025-10-20 10:59:52,Motion_Completed,"[-0.0, 158.74099731445312, 0.0]","[-158.74099731445312, -0.0, -0.0]","[-158.74099731445312, 0.0, 0.0]","[2, 2]"
2025-10-20 10:59:52,Motion_Completed,"[-0.0, 158.74099731445312, 0.0]","[-158.74099731445312, -0.0, -0.0]","[-158.74099731445312, 0.0, 0.0]","[2, 2]"
2025-10-20 10:59:52,Motion_Completed,"[-0.0, 158.74099731445312, 0.0]","[-158.74099731445312, -0.0, -0.0]","[-158.74099731445312, 0.0, 0.0]","[2, 2]"
2025-10-20 10:59:52,Motion_Completed,"[-0.0, 158.74099731445312, 0.0]","[-158.74099731445312, -0.0, -0.0]","[-158.74099731445312, 0.0, 0.0]","[2, 2]"
2025-10-20 10:59:52,Motion_Completed,"[-0.0, 158.74099731445312, 0.0]","[-158.74099731445312, -0.0, -0.0]","[-158.74099731445312, 0.0, 0.0]","[2, 2]"
2025-10-20 10:59:52,Motion_Completed,"[-0.0, 158.74099731445312, 0.0]","[-158.74099731445312, -0.0, -0.0]","[-158.74099731445312, 0.0, 0.0]","[2, 2]"
2025-10-20 10:59:52,Motion_Completed,"[-0.0, 158.74099731445312, 0.0]","[-158.74099731445312, -0.0, -0.0]","[-158.74099731445312, 0.0, 0.0]","[2, 2]"
2025-10-20 10:59:52,Motion_Completed,"[-0.0, 158.74099731445312, 0.0]","[-158.74099731445312, -0.0, -0.0]","[-158.74099731445312, 0.0, 0.0]","[2, 2]"
2025-10-20 10:59:52,Motion_Completed,"[-0.0, 158.74099731445312, 0.0]","[-158.74099731445312, -0.0, -0.0]","[-158.74099731445312, 0.0, 0.0]","[2, 2]"
2025-10-20 10:59:52,Motion_Completed,"[-0.0, 158.74099731445312, 0.0]","[-158.74099731445312, -0.0, -0.0]","[-158.74099731445312, 0.0, 0.0]","[2, 2]"
2025-10-20 10:59:52,Motion_Completed,"[-0.0, 158.74099731445312, 0.0]","[-158.74099731445312, -0.0, -0.0]","[-158.74099731445312, 0.0, 0.0]","[2, 2]"
2025-10-20 10:59:53,Motion_Completed,"[-0.0, 158.74099731445312, 0.0]","[-158.74099731445312, -0.0, -0.0]","[-158.74099731445312, 0.0, 0.0]","[2, 2]"
2025-10-20 10:59:53,Motion_Completed,"[-0.0, 158.74099731445312, 0.0]","[-158.74099731445312, -0.0, -0.0]","[-158.74099731445312, 0.0, 0.0]","[2, 2]"
2025-10-20 10:59:53,Motion_Completed,"[-0.0, 158.74099731445312, 0.0]","[-158.74099731445312, -0.0, -0.0]","[-158.74099731445312, 0.0, 0.0]","[2, 2]"
2025-10-20 10:59:53,Motion_Completed,"[-0.0, 158.74099731445312, 0.0]","[-158.74099731445312, -0.0, -0.0]","[-158.74099731445312, 0.0, 0.0]","[2, 2]"
2025-10-20 10:59:53,Motion_Completed,"[-0.0, 158.74099731445312, 0.0]","[-158.74099731445312, -0.0, -0.0]","[-158.74099731445312, 0.0, 0.0]","[2, 2]"
2025-10-20 10:59:53,Motion_Completed,"[-0.0, 158.74099731445312, 0.0]","[-158.74099731445312, -0.0, -0.0]","[-158.74099731445312, 0.0, 0.0]","[2, 2]"
2025-10-20 10:59:53,Motion_Completed,"[-0.0, 158.74099731445312, 0.0]","[-158.74099731445312, -0.0, -0.0]","[-158.74099731445312, 0.0, 0.0]","[2, 2]"
2025-10-20 10:59:53,Motion_Completed,"[-0.0, 158.74099731445312, 0.0]","[-158.74099731445312, -0.0, -0.0]","[-158.74099731445312, 0.0, 0.0]","[2, 2]"
2025-10-20 10:59:53,Motion_Completed,"[-0.0, 158.74099731445312, 0.0]","[-158.74099731445312, -0.0, -0.0]","[-158.74099731445312, 0.0, 0.0]","[2, 2]"
2025-10-20 10:59:53,Motion_Completed,"[-0.0, 158.74099731445312, 0.0]","[-158.74099731445312, -0.0, -0.0]","[-158.74099731445312, 0.0, 0.0]","[2, 2]"
2025-10-20 10:59:53,Motion_Completed,"[-0.0, 158.74099731445312, 0.0]","[-158.74099731445312, -0.0, -0.0]","[-158.74099731445312, 0.0, 0.0]","[2, 2]"
2025-10-20 10:59:53,Motion_Completed,"[-0.0, 158.74099731445312, 0.0]","[-158.74099731445312, -0.0, -0.0]","[-158.74099731445312, 0.0, 0.0]","[2, 2]"
2025-10-20 10:59:53,Motion_Completed,"[-0.0, 158.74099731445312, 0.0]","[-158.74099731445312, -0.0, -0.0]","[-158.74099731445312, 0.0, 0.0]","[2, 2]"
2025-10-20 10:59:53,Motion_Completed,"[-0.0, 158.74099731445312, 0.0]","[-158.74099731445312, -0.0, -0.0]","[-158.74099731445312, 0.0, 0.0]","[2, 2]"
2025-10-20 10:59:53,Motion_Completed,"[-0.0, 158.74099731445312, 0.0]","[-158.74099731445312, -0.0, -0.0]","[-158.74099731445312, 0.0, 0.0]","[2, 2]"
2025-10-20 10:59:53,Motion_Completed,"[-0.0, 158.74099731445312, 0.0]","[-158.74099731445312, -0.0, -0.0]","[-158.74099731445312, 0.0, 0.0]","[2, 2]"
2025-10-20 10:59:53,Motion_Completed,"[-0.0, 158.74099731445312, 0.0]","[-158.74099731445312, -0.0, -0.0]","[-158.74099731445312, 0.0, 0.0]","[2, 2]"
2025-10-20 10:59:53,Motion_Completed,"[-0.0, 158.74099731445312, 0.0]","[-158.74099731445312, -0.0, -0.0]","[-158.74099731445312, 0.0, 0.0]","[2, 2]"
2025-10-20 10:59:53,Motion_Completed,"[-0.0, 158.74099731445312, 0.0]","[-158.74099731445312, -0.0, -0.0]","[-158.74099731445312, 0.0, 0.0]","[2, 2]"
2025-10-20 10:59:53,Motion_Completed,"[-0.0, 158.74099731445312, 0.0]","[-158.74099731445312, -0.0, -0.0]","[-158.74099731445312, 0.0, 0.0]","[2, 2]"
2025-10-20 10:59:53,Motion_Completed,"[-0.0, 158.74099731445312, 0.0]","[-158.74099731445312, -0.0, -0.0]","[-158.74099731445312, 0.0, 0.0]","[2, 2]"
2025-10-20 10:59:53,Motion_Completed,"[-0.0, 158.74099731445312, 0.0]","[-158.74099731445312, -0.0, -0.0]","[-158.74099731445312, 0.0, 0.0]","[2, 2]"
2025-10-20 10:59:53,Motion_Completed,"[-0.0, 158.74099731445312, 0.0]","[-158.74099731445312, -0.0, -0.0]","[-158.74099731445312, 0.0, 0.0]","[2, 2]"
2025-10-20 10:59:53,Motion_Completed,"[-0.0, 158.74099731445312, 0.0]","[-158.74099731445312, -0.0, -0.0]","[-158.74099731445312, 0.0, 0.0]","[2, 2]"
2025-10-20 10:59:53,Motion_Completed,"[-0.0, 158.74099731445312, 0.0]","[-158.74099731445312, -0.0, -0.0]","[-158.74099731445312, 0.0, 0.0]","[2, 2]"
2025-10-20 10:59:54,Motion_Completed,"[-0.0, 158.74099731445312, 0.0]","[-158.74099731445312, -0.0, -0.0]","[-158.74099731445312, 0.0, 0.0]","[2, 2]"
2025-10-20 10:59:54,Motion_Completed,"[-0.0, 158.74099731445312, 0.0]","[-158.74099731445312, -0.0, -0.0]","[-158.74099731445312, 0.0, 0.0]","[2, 2]"
2025-10-20 10:59:54,Motion_Completed,"[-0.0, 158.74099731445312, 0.0]","[-158.74099731445312, -0.0, -0.0]","[-158.74099731445312, 0.0, 0.0]","[2, 2]"
2025-10-20 10:59:54,Motion_Completed,"[-0.0, 158.74099731445312, 0.0]","[-158.74099731445312, -0.0, -0.0]","[-158.74099731445312, 0.0, 0.0]","[2, 2]"
2025-10-20 10:59:54,Motion_Completed,"[-0.0, 158.74099731445312, 0.0]","[-158.74099731445312, -0.0, -0.0]","[-158.74099731445312, 0.0, 0.0]","[2, 2]"
2025-10-20 10:59:54,Motion_Completed,"[-0.0, 158.74099731445312, 0.0]","[-158.74099731445312, -0.0, -0.0]","[-158.74099731445312, 0.0, 0.0]","[2, 2]"
2025-10-20 10:59:54,Motion_Completed,"[-0.0, 158.74099731445312, 0.0]","[-158.74099731445312, -0.0, -0.0]","[-158.74099731445312, 0.0, 0.0]","[2, 2]"
2025-10-20 10:59:54,Motion_Completed,"[-0.0, 158.74099731445312, 0.0]","[-158.74099731445312, -0.0, -0.0]","[-158.74099731445312, 0.0, 0.0]","[2, 2]"
2025-10-20 10:59:54,Motion_Completed,"[-0.0, 158.74099731445312, 0.0]","[-158.74099731445312, -0.0, -0.0]","[-158.74099731445312, 0.0, 0.0]","[2, 2]"
2025-10-20 10:59:54,Motion_Completed,"[-0.0, 158.74099731445312, 0.0]","[-158.74099731445312, -0.0, -0.0]","[-158.74099731445312, 0.0, 0.0]","[2, 2]"
2025-10-20 10:59:54,Motion_Completed,"[-0.0, 158.74099731445312, 0.0]","[-158.74099731445312, -0.0, -0.0]","[-158.74099731445312, 0.0, 0.0]","[2, 2]"
2025-10-20 10:59:54,Motion_Completed,"[-0.0, 158.74099731445312, 0.0]","[-158.74099731445312, -0.0, -0.0]","[-158.74099731445312, 0.0, 0.0]","[2, 2]"
2025-10-20 10:59:54,Motion_Completed,"[-0.0, 158.74099731445312, 0.0]","[-158.74099731445312, -0.0, -0.0]","[-158.74099731445312, 0.0, 0.0]","[2, 2]"
2025-10-20 10:59:54,Motion_Completed,"[-0.0, 158.74099731445312, 0.0]","[-158.74099731445312, -0.0, -0.0]","[-158.74099731445312, 0.0, 0.0]","[2, 2]"
2025-10-20 10:59:54,Motion_Completed,"[-0.0, 158.74099731445312, 0.0]","[-158.74099731445312, -0.0, -0.0]","[-158.74099731445312, 0.0, 0.0]","[2, 2]"
2025-10-20 10:59:54,Motion_Completed,"[-0.0, 158.74099731445312, 0.0]","[-158.74099731445312, -0.0, -0.0]","[-158.74099731445312, 0.0, 0.0]","[2, 2]"
2025-10-20 10:59:54,Motion_Completed,"[-0.0, 158.74099731445312, 0.0]","[-158.74099731445312, -0.0, -0.0]","[-158.74099731445312, 0.0, 0.0]","[2, 2]"
2025-10-20 10:59:54,Motion_Completed,"[-0.0, 158.74099731445312, 0.0]","[-158.74099731445312, -0.0, -0.0]","[-158.74099731445312, 0.0, 0.0]","[2, 2]"
2025-10-20 10:59:54,Motion_Completed,"[-0.0, 158.74099731445312, 0.0]","[-158.74099731445312, -0.0, -0.0]","[-158.74099731445312, 0.0, 0.0]","[2, 2]"
2025-10-20 10:59:54,Motion_Completed,"[-0.0, 158.74099731445312, 0.0]","[-158.74099731445312, -0.0, -0.0]","[-158.74099731445312, 0.0, 0.0]","[2, 2]"
2025-10-20 10:59:54,Motion_Completed,"[-0.0, 158.74099731445312, 0.0]","[-158.74099731445312, -0.0, -0.0]","[-158.74099731445312, 0.0, 0.0]","[2, 2]"
2025-10-20 10:59:54,Motion_Completed,"[-0.0, 158.74099731445312, 0.0]","[-158.74099731445312, -0.0, -0.0]","[-158.74099731445312, 0.0, 0.0]","[2, 2]"
2025-10-20 10:59:54,Motion_Completed,"[-0.0, 158.74099731445312, 0.0]","[-158.74099731445312, -0.0, -0.0]","[-158.74099731445312, 0.0, 0.0]","[2, 2]"
2025-10-20 10:59:54,Motion_Completed,"[-0.0, 158.74099731445312, 0.0]","[-158.74099731445312, -0.0, -0.0]","[-158.74099731445312, 0.0, 0.0]","[2, 2]"
2025-10-20 10:59:54,Motion_Completed,"[-0.0, 158.74099731445312, 0.0]","[-158.74099731445312, -0.0, -0.0]","[-158.74099731445312, 0.0, 0.0]","[2, 2]"
2025-10-20 10:59:55,Motion_Completed,"[-0.0, 158.74099731445312, 0.0]","[-158.74099731445312, -0.0, -0.0]","[-158.74099731445312, 0.0, 0.0]","[2, 2]"
2025-10-20 10:59:55,Motion_Completed,"[-0.0, 158.74099731445312, 0.0]","[-158.74099731445312, -0.0, -0.0]","[-158.74099731445312, 0.0, 0.0]","[2, 2]"
2025-10-20 10:59:55,Motion_Completed,"[-0.0, 158.74099731445312, 0.0]","[-158.74099731445312, -0.0, -0.0]","[-158.74099731445312, 0.0, 0.0]","[2, 2]"
2025-10-20 10:59:55,Motion_Completed,"[-0.0, 158.74099731445312, 0.0]","[-158.74099731445312, -0.0, -0.0]","[-158.74099731445312, 0.0, 0.0]","[2, 2]"
2025-10-20 10:59:55,Motion_Completed,"[-0.0, 158.74099731445312, 0.0]","[-158.74099731445312, -0.0, -0.0]","[-158.74099731445312, 0.0, 0.0]","[2, 2]"
2025-10-20 10:59:55,Motion_Completed,"[-0.0, 158.74099731445312, 0.0]","[-158.74099731445312, -0.0, -0.0]","[-158.74099731445312, 0.0, 0.0]","[2, 2]"
2025-10-20 10:59:55,Motion_Completed,"[-0.0, 158.74099731445312, 0.0]","[-158.74099731445312, -0.0, -0.0]","[-158.74099731445312, 0.0, 0.0]","[2, 2]"
2025-10-20 10:59:55,Motion_Completed,"[-0.0, 158.74099731445312, 0.0]","[-158.74099731445312, -0.0, -0.0]","[-158.74099731445312, 0.0, 0.0]","[2, 2]"
2025-10-20 10:59:55,Motion_Completed,"[-0.0, 158.74099731445312, 0.0]","[-158.74099731445312, -0.0, -0.0]","[-158.74099731445312, 0.0, 0.0]","[2, 2]"
2025-10-20 10:59:55,Motion_Completed,"[-0.0, 158.74099731445312, 0.0]","[-158.74099731445312, -0.0, -0.0]","[-158.74099731445312, 0.0, 0.0]","[2, 2]"
2025-10-20 10:59:55,Motion_Completed,"[-0.0, 158.74099731445312, 0.0]","[-158.74099731445312, -0.0, -0.0]","[-158.74099731445312, 0.0, 0.0]","[2, 2]"
2025-10-20 10:59:55,Motion_Completed,"[-0.0, 158.74099731445312, 0.0]","[-158.74099731445312, -0.0, -0.0]","[-158.74099731445312, 0.0, 0.0]","[2, 2]"
2025-10-20 10:59:55,Motion_Completed,"[-0.0, 158.74099731445312, 0.0]","[-158.74099731445312, -0.0, -0.0]","[-158.74099731445312, 0.0, 0.0]","[2, 2]"
2025-10-20 10:59:55,Motion_Completed,"[-0.0, 158.74099731445312, 0.0]","[-158.74099731445312, -0.0, -0.0]","[-158.74099731445312, 0.0, 0.0]","[2, 2]"
2025-10-20 10:59:55,Motion_Completed,"[-0.0, 158.74099731445312, 0.0]","[-158.74099731445312, -0.0, -0.0]","[-158.74099731445312, 0.0, 0.0]","[2, 2]"
2025-10-20 10:59:55,Motion_Completed,"[-0.0, 158.74099731445312, 0.0]","[-158.74099731445312, -0.0, -0.0]","[-158.74099731445312, 0.0, 0.0]","[2, 2]"
2025-10-20 10:59:55,Motion_Completed,"[-0.0, 158.74099731445312, 0.0]","[-158.74099731445312, -0.0, -0.0]","[-158.74099731445312, 0.0, 0.0]","[2, 2]"
2025-10-20 10:59:55,Motion_Completed,"[-0.0, 158.74099731445312, 0.0]","[-158.74099731445312, -0.0, -0.0]","[-158.74099731445312, 0.0, 0.0]","[2, 2]"
2025-10-20 10:59:55,Motion_Completed,"[-0.0, 158.74099731445312, 0.0]","[-158.74099731445312, -0.0, -0.0]","[-158.74099731445312, 0.0, 0.0]","[2, 2]"
2025-10-20 10:59:55,Motion_Completed,"[-0.0, 158.74099731445312, 0.0]","[-158.74099731445312, -0.0, -0.0]","[-158.74099731445312, 0.0, 0.0]","[2, 2]"
2025-10-20 10:59:55,Motion_Completed,"[-0.0, 158.74099731445312, 0.0]","[-158.74099731445312, -0.0, -0.0]","[-158.74099731445312, 0.0, 0.0]","[2, 2]"
2025-10-20 10:59:55,Motion_Completed,"[-0.0, 158.74099731445312, 0.0]","[-158.74099731445312, -0.0, -0.0]","[-158.74099731445312, 0.0, 0.0]","[2, 2]"
2025-10-20 10:59:55,Motion_Completed,"[-0.0, 158.74099731445312, 0.0]","[-158.74099731445312, -0.0, -0.0]","[-158.74099731445312, 0.0, 0.0]","[2, 2]"
2025-10-20 10:59:55,Motion_Completed,"[-0.0, 158.74099731445312, 0.0]","[-158.74099731445312, -0.0, -0.0]","[-158.74099731445312, 0.0, 0.0]","[2, 2]"
2025-10-20 10:59:55,Motion_Completed,"[-0.0, 158.74099731445312, 0.0]","[-158.74099731445312, -0.0, -0.0]","[-158.74099731445312, 0.0, 0.0]","[2, 2]"
2025-10-20 10:59:56,Motion_Completed,"[-0.0, 158.74099731445312, 0.0]","[-158.74099731445312, -0.0, -0.0]","[-158.74099731445312, 0.0, 0.0]","[2, 2]"
2025-10-20 10:59:56,Motion_Completed,"[-0.0, 158.74099731445312, 0.0]","[-158.74099731445312, -0.0, -0.0]","[-158.74099731445312, 0.0, 0.0]","[2, 2]"
2025-10-20 10:59:56,Motion_Completed,"[-0.0, 158.74099731445312, 0.0]","[-158.74099731445312, -0.0, -0.0]","[-158.74099731445312, 0.0, 0.0]","[2, 2]"
2025-10-20 10:59:56,Motion_Completed,"[-0.0, 158.74099731445312, 0.0]","[-158.74099731445312, -0.0, -0.0]","[-158.74099731445312, 0.0, 0.0]","[2, 2]"
2025-10-20 10:59:56,Motion_Completed,"[-0.0, 158.74099731445312, 0.0]","[-158.74099731445312, -0.0, -0.0]","[-158.74099731445312, 0.0, 0.0]","[2, 2]"
2025-10-20 10:59:56,Motion_Completed,"[-0.0, 158.74099731445312, 0.0]","[-158.74099731445312, -0.0, -0.0]","[-158.74099731445312, 0.0, 0.0]","[2, 2]"
2025-10-20 10:59:56,Motion_Completed,"[-0.0, 158.74099731445312, 0.0]","[-158.74099731445312, -0.0, -0.0]","[-158.74099731445312, 0.0, 0.0]","[2, 2]"
2025-10-20 10:59:56,Motion_Completed,"[-0.0, 158.74099731445312, 0.0]","[-158.74099731445312, -0.0, -0.0]","[-158.74099731445312, 0.0, 0.0]","[2, 2]"
2025-10-20 10:59:56,Motion_Completed,"[-0.0, 158.74099731445312, 0.0]","[-158.74099731445312, -0.0, -0.0]","[-158.74099731445312, 0.0, 0.0]","[2, 2]"
2025-10-20 10:59:56,Motion_Completed,"[-0.0, 158.74099731445312, 0.0]","[-158.74099731445312, -0.0, -0.0]","[-158.74099731445312, 0.0, 0.0]","[2, 2]"
2025-10-20 10:59:56,Motion_Completed,"[-0.0, 158.74099731445312, 0.0]","[-158.74099731445312, -0.0, -0.0]","[-158.74099731445312, 0.0, 0.0]","[2, 2]"
2025-10-20 10:59:56,Motion_Completed,"[-0.0, 158.74099731445312, 0.0]","[-158.74099731445312, -0.0, -0.0]","[-158.74099731445312, 0.0, 0.0]","[2, 2]"
2025-10-20 10:59:56,Motion_Completed,"[-0.0, 158.74099731445312, 0.0]","[-158.74099731445312, -0.0, -0.0]","[-158.74099731445312, 0.0, 0.0]","[2, 2]"
2025-10-20 10:59:56,Motion_Completed,"[-0.0, 158.74099731445312, 0.0]","[-158.74099731445312, -0.0, -0.0]","[-158.74099731445312, 0.0, 0.0]","[2, 2]"
2025-10-20 10:59:56,Motion_Completed,"[-0.0, 158.74099731445312, 0.0]","[-158.74099731445312, -0.0, -0.0]","[-158.74099731445312, 0.0, 0.0]","[2, 2]"
2025-10-20 10:59:56,Motion_Completed,"[-0.0, 158.74099731445312, 0.0]","[-158.74099731445312, -0.0, -0.0]","[-158.74099731445312, 0.0, 0.0]","[2, 2]"
2025-10-20 10:59:56,Motion_Completed,"[-0.0, 158.74099731445312, 0.0]","[-158.74099731445312, -0.0, -0.0]","[-158.74099731445312, 0.0, 0.0]","[2, 2]"
2025-10-20 10:59:56,Motion_Completed,"[-0.0, 158.74099731445312, 0.0]","[-158.74099731445312, -0.0, -0.0]","[-158.74099731445312, 0.0, 0.0]","[2, 2]"
2025-10-20 10:59:56,Motion_Completed,"[-0.0, 158.74099731445312, 0.0]","[-158.74099731445312, -0.0, -0.0]","[-158.74099731445312, 0.0, 0.0]","[2, 2]"
2025-10-20 10:59:56,Motion_Completed,"[-0.0, 158.74099731445312, 0.0]","[-158.74099731445312, -0.0, -0.0]","[-158.74099731445312, 0.0, 0.0]","[2, 2]"
2025-10-20 10:59:56,Motion_Completed,"[-0.0, 158.74099731445312, 0.0]","[-158.74099731445312, -0.0, -0.0]","[-158.74099731445312, 0.0, 0.0]","[2, 2]"
2025-10-20 10:59:56,Motion_Completed,"[-0.0, 158.74099731445312, 0.0]","[-158.74099731445312, -0.0, -0.0]","[-158.74099731445312, 0.0, 0.0]","[2, 2]"
2025-10-20 10:59:56,Motion_Completed,"[-0.0, 158.74099731445312, 0.0]","[-158.74099731445312, -0.0, -0.0]","[-158.74099731445312, 0.0, 0.0]","[2, 2]"
2025-10-20 10:59:56,Motion_Completed,"[-0.0, 158.74099731445312, 0.0]","[-158.74099731445312, -0.0, -0.0]","[-158.74099731445312, 0.0, 0.0]","[2, 2]"
2025-10-20 10:59:56,Motion_Completed,"[-0.0, 158.74099731445312, 0.0]","[-158.74099731445312, -0.0, -0.0]","[-158.74099731445312, 0.0, 0.0]","[2, 2]"
2025-10-20 10:59:57,Motion_Completed,"[-0.0, 158.74099731445312, 0.0]","[-158.74099731445312, -0.0, -0.0]","[-158.74099731445312, 0.0, 0.0]","[2, 2]"
2025-10-20 10:59:57,Motion_Completed,"[-0.0, 158.74099731445312, 0.0]","[-158.74099731445312, -0.0, -0.0]","[-158.74099731445312, 0.0, 0.0]","[2, 2]"
2025-10-20 10:59:57,Motion_Completed,"[-0.0, 158.74099731445312, 0.0]","[-158.74099731445312, -0.0, -0.0]","[-158.74099731445312, 0.0, 0.0]","[2, 2]"
2025-10-20 10:59:57,Motion_Completed,"[-0.0, 158.74099731445312, 0.0]","[-158.74099731445312, -0.0, -0.0]","[-158.74099731445312, 0.0, 0.0]","[2, 2]"
2025-10-20 10:59:57,Motion_Completed,"[-0.0, 158.74099731445312, 0.0]","[-158.74099731445312, -0.0, -0.0]","[-158.74099731445312, 0.0, 0.0]","[2, 2]"
2025-10-20 10:59:57,Motion_Completed,"[-0.0, 158.74099731445312, 0.0]","[-158.74099731445312, -0.0, -0.0]","[-158.74099731445312, 0.0, 0.0]","[2, 2]"
2025-10-20 10:59:57,Motion_Completed,"[-0.0, 158.74099731445312, 0.0]","[-158.74099731445312, -0.0, -0.0]","[-158.74099731445312, 0.0, 0.0]","[2, 2]"
2025-10-20 10:59:57,Motion_Completed,"[-0.0, 158.74099731445312, 0.0]","[-158.74099731445312, -0.0, -0.0]","[-158.74099731445312, 0.0, 0.0]","[2, 2]"
2025-10-20 10:59:57,Motion_Completed,"[-0.0, 158.74099731445312, 0.0]","[-158.74099731445312, -0.0, -0.0]","[-158.74099731445312, 0.0, 0.0]","[2, 2]"
2025-10-20 10:59:57,Motion_Completed,"[-0.0, 158.74099731445312, 0.0]","[-158.74099731445312, -0.0, -0.0]","[-158.74099731445312, 0.0, 0.0]","[2, 2]"
2025-10-20 10:59:57,Motion_Completed,"[-0.0, 158.74099731445312, 0.0]","[-158.74099731445312, -0.0, -0.0]","[-158.74099731445312, 0.0, 0.0]","[2, 2]"
2025-10-20 10:59:57,Motion_Completed,"[-0.0, 158.74099731445312, 0.0]","[-158.74099731445312, -0.0, -0.0]","[-158.74099731445312, 0.0, 0.0]","[2, 2]"
2025-10-20 10:59:57,Motion_Completed,"[-0.0, 158.74099731445312, 0.0]","[-158.74099731445312, -0.0, -0.0]","[-158.74099731445312, 0.0, 0.0]","[2, 2]"
2025-10-20 10:59:57,Motion_Completed,"[-0.0, 158.74099731445312, 0.0]","[-158.74099731445312, -0.0, -0.0]","[-158.74099731445312, 0.0, 0.0]","[2, 2]"
2025-10-20 10:59:57,Motion_Completed,"[-0.0, 158.74099731445312, 0.0]","[-158.74099731445312, -0.0, -0.0]","[-158.74099731445312, 0.0, 0.0]","[2, 2]"
2025-10-20 10:59:57,Motion_Completed,"[-0.0, 158.74099731445312, 0.0]","[-158.74099731445312, -0.0, -0.0]","[-158.74099731445312, 0.0, 0.0]","[2, 2]"
2025-10-20 10:59:57,Motion_Completed,"[-0.0, 158.74099731445312, 0.0]","[-158.74099731445312, -0.0, -0.0]","[-158.74099731445312, 0.0, 0.0]","[2, 2]"
2025-10-20 10:59:57,Motion_Completed,"[-0.0, 158.74099731445312, 0.0]","[-158.74099731445312, -0.0, -0.0]","[-158.74099731445312, 0.0, 0.0]","[2, 2]"
2025-10-20 10:59:57,Motion_Completed,"[-0.0, 158.74099731445312, 0.0]","[-158.74099731445312, -0.0, -0.0]","[-158.74099731445312, 0.0, 0.0]","[2, 2]"
2025-10-20 10:59:57,Motion_Completed,"[-0.0, 158.74099731445312, 0.0]","[-158.74099731445312, -0.0, -0.0]","[-158.74099731445312, 0.0, 0.0]","[2, 2]"
2025-10-20 10:59:57,Motion_Completed,"[-0.0, 158.74099731445312, 0.0]","[-158.74099731445312, -0.0, -0.0]","[-158.74099731445312, 0.0, 0.0]","[2, 2]"
2025-10-20 10:59:57,Motion_Completed,"[-0.0, 158.74099731445312, 0.0]","[-158.74099731445312, -0.0, -0.0]","[-158.74099731445312, 0.0, 0.0]","[2, 2]"
2025-10-20 10:59:57,Motion_Completed,"[-0.0, 158.74099731445312, 0.0]","[-158.74099731445312, -0.0, -0.0]","[-158.74099731445312, 0.0, 0.0]","[2, 2]"
2025-10-20 10:59:57,Motion_Completed,"[-0.0, 158.74099731445312, 0.0]","[-158.74099731445312, -0.0, -0.0]","[-158.74099731445312, 0.0, 0.0]","[2, 2]"
2025-10-20 10:59:57,Motion_Completed,"[-0.0, 158.74099731445312, 0.0]","[-158.74099731445312, -0.0, -0.0]","[-158.74099731445312, 0.0, 0.0]","[2, 2]"
2025-10-20 10:59:58,Motion_Completed,"[-0.0, 158.74099731445312, 0.0]","[-158.74099731445312, -0.0, -0.0]","[-158.74099731445312, 0.0, 0.0]","[2, 2]"
2025-10-20 10:59:58,Motion_Completed,"[-0.0, 158.74099731445312, 0.0]","[-158.74099731445312, -0.0, -0.0]","[-158.74099731445312, 0.0, 0.0]","[2, 2]"
2025-10-20 10:59:58,Motion_Completed,"[-0.0, 158.74099731445312, 0.0]","[-158.74099731445312, -0.0, -0.0]","[-158.74099731445312, 0.0, 0.0]","[2, 2]"
2025-10-20 10:59:58,Motion_Completed,"[-0.0, 158.74099731445312, 0.0]","[-158.74099731445312, -0.0, -0.0]","[-158.74099731445312, 0.0, 0.0]","[2, 2]"
2025-10-20 10:59:58,Motion_Completed,"[-0.0, 158.74099731445312, 0.0]","[-158.74099731445312, -0.0, -0.0]","[-158.74099731445312, 0.0, 0.0]","[2, 2]"
2025-10-20 10:59:58,Motion_Completed,"[-0.0, 158.74099731445312, 0.0]","[-158.74099731445312, -0.0, -0.0]","[-158.74099731445312, 0.0, 0.0]","[2, 2]"
2025-10-20 10:59:58,Motion_Completed,"[-0.0, 158.74099731445312, 0.0]","[-158.74099731445312, -0.0, -0.0]","[-158.74099731445312, 0.0, 0.0]","[2, 2]"
2025-10-20 10:59:58,Motion_Completed,"[-0.0, 158.74099731445312, 0.0]","[-158.74099731445312, -0.0, -0.0]","[-158.74099731445312, 0.0, 0.0]","[2, 2]"
2025-10-20 10:59:58,Motion_Completed,"[-0.0, 158.74099731445312, 0.0]","[-158.74099731445312, -0.0, -0.0]","[-158.74099731445312, 0.0, 0.0]","[2, 2]"
2025-10-20 10:59:58,Motion_Completed,"[-0.0, 158.74099731445312, 0.0]","[-158.74099731445312, -0.0, -0.0]","[-158.74099731445312, 0.0, 0.0]","[2, 2]"
2025-10-20 10:59:58,Motion_Completed,"[-0.0, 158.74099731445312, 0.0]","[-158.74099731445312, -0.0, -0.0]","[-158.74099731445312, 0.0, 0.0]","[2, 2]"
2025-10-20 10:59:58,Motion_Completed,"[-0.0, 158.74099731445312, 0.0]","[-158.74099731445312, -0.0, -0.0]","[-158.74099731445312, 0.0, 0.0]","[2, 2]"
2025-10-20 10:59:58,Motion_Completed,"[-0.0, 158.74099731445312, 0.0]","[-158.74099731445312, -0.0, -0.0]","[-158.74099731445312, 0.0, 0.0]","[2, 2]"
2025-10-20 10:59:58,Motion_Completed,"[-0.0, 158.74099731445312, 0.0]","[-158.74099731445312, -0.0, -0.0]","[-158.74099731445312, 0.0, 0.0]","[2, 2]"
2025-10-20 10:59:58,Motion_Completed,"[-0.0, 158.74099731445312, 0.0]","[-158.74099731445312, -0.0, -0.0]","[-158.74099731445312, 0.0, 0.0]","[2, 2]"
2025-10-20 10:59:58,Motion_Completed,"[-0.0, 158.74099731445312, 0.0]","[-158.74099731445312, -0.0, -0.0]","[-158.74099731445312, 0.0, 0.0]","[2, 2]"
2025-10-20 10:59:58,Motion_Completed,"[-0.0, 158.74099731445312, 0.0]","[-158.74099731445312, -0.0, -0.0]","[-158.74099731445312, 0.0, 0.0]","[2, 2]"
2025-10-20 10:59:58,Motion_Completed,"[-0.0, 158.74099731445312, 0.0]","[-158.74099731445312, -0.0, -0.0]","[-158.74099731445312, 0.0, 0.0]","[2, 2]"
2025-10-20 10:59:58,3,"[-0.0, 158.74099731445312, 0.0]",[  0. -45.   0.],"[-158.74099731445312, 0.0, 0.0]","[2, 2]"
2025-10-20 11:00:09,Motion_Completed,"[-0.0, -44.97200012207031, 0.0]","[45.0, -0.0, -0.0]","[44.97200012207031, 0.0, 0.0]","[2, 2]"
2025-10-20 11:00:09,Motion_Completed,"[-0.0, -44.98899841308594, 0.0]","[45.0, -0.0, -0.0]","[44.98899841308594, 0.0, 0.0]","[2, 2]"
2025-10-20 11:00:09,Motion_Completed,"[-0.0, -44.99700164794922, 0.0]","[45.0, -0.0, -0.0]","[44.99700164794922, 0.0, 0.0]","[2, 2]"
2025-10-20 11:00:09,Motion_Completed,"[-0.0, -45.000999450683594, 0.0]","[45.0, -0.0, -0.0]","[45.000999450683594, 0.0, 0.0]","[2, 2]"
2025-10-20 11:00:09,Motion_Completed,"[-0.0, -45.00199890136719, 0.0]","[45.0, -0.0, -0.0]","[45.00199890136719, 0.0, 0.0]","[2, 2]"
2025-10-20 11:00:09,Motion_Completed,"[-0.0, -45.00299835205078, 0.0]","[45.0, -0.0, -0.0]","[45.00299835205078, 0.0, 0.0]","[2, 2]"
2025-10-20 11:00:09,Motion_Completed,"[-0.0, -45.00400161743164, 0.0]","[45.0, -0.0, -0.0]","[45.00400161743164, 0.0, 0.0]","[2, 2]"
2025-10-20 11:00:09,Motion_Completed,"[-0.0, -45.00400161743164, 0.0]","[45.0, -0.0, -0.0]","[45.00400161743164, 0.0, 0.0]","[2, 2]"
2025-10-20 11:00:09,Motion_Completed,"[-0.0, -45.00400161743164, 0.0]","[45.0, -0.0, -0.0]","[45.00400161743164, 0.0, 0.0]","[2, 2]"
2025-10-20 11:00:09,Motion_Completed,"[-0.0, -45.00400161743164, 0.0]","[45.0, -0.0, -0.0]","[45.00400161743164, 0.0, 0.0]","[2, 2]"
2025-10-20 11:00:09,Motion_Completed,"[-0.0, -45.00400161743164, 0.0]","[45.0, -0.0, -0.0]","[45.00400161743164, 0.0, 0.0]","[2, 2]"
2025-10-20 11:00:09,Motion_Completed,"[-0.0, -45.00400161743164, 0.0]","[45.0, -0.0, -0.0]","[45.00400161743164, 0.0, 0.0]","[2, 2]"
2025-10-20 11:00:09,Motion_Completed,"[-0.0, -45.00400161743164, 0.0]","[45.0, -0.0, -0.0]","[45.00400161743164, 0.0, 0.0]","[2, 2]"
2025-10-20 11:00:09,Motion_Completed,"[-0.0, -45.00400161743164, 0.0]","[45.0, -0.0, -0.0]","[45.00400161743164, 0.0, 0.0]","[2, 2]"
2025-10-20 11:00:09,Motion_Completed,"[-0.0, -45.00400161743164, 0.0]","[45.0, -0.0, -0.0]","[45.00400161743164, 0.0, 0.0]","[2, 2]"
2025-10-20 11:00:09,Motion_Completed,"[-0.0, -45.00400161743164, 0.0]","[45.0, -0.0, -0.0]","[45.00400161743164, 0.0, 0.0]","[2, 2]"
2025-10-20 11:00:09,Motion_Completed,"[-0.0, -45.00400161743164, 0.0]","[45.0, -0.0, -0.0]","[45.00400161743164, 0.0, 0.0]","[2, 2]"
2025-10-20 11:00:09,Motion_Completed,"[-0.0, -45.00400161743164, 0.0]","[45.0, -0.0, -0.0]","[45.00400161743164, 0.0, 0.0]","[2, 2]"
2025-10-20 11:00:09,Motion_Completed,"[-0.0, -45.00400161743164, 0.0]","[45.0, -0.0, -0.0]","[45.00400161743164, 0.0, 0.0]","[2, 2]"
2025-10-20 11:00:09,Motion_Completed,"[-0.0, -45.00400161743164, 0.0]","[45.0, -0.0, -0.0]","[45.00400161743164, 0.0, 0.0]","[2, 2]"
2025-10-20 11:00:09,Motion_Completed,"[-0.0, -45.00400161743164, 0.0]","[45.0, -0.0, -0.0]","[45.00400161743164, 0.0, 0.0]","[2, 2]"
2025-10-20 11:00:09,Motion_Completed,"[-0.0, -45.00400161743164, 0.0]","[45.0, -0.0, -0.0]","[45.00400161743164, 0.0, 0.0]","[2, 2]"
2025-10-20 11:00:09,Motion_Completed,"[-0.0, -45.00400161743164, 0.0]","[45.0, -0.0, -0.0]","[45.00400161743164, 0.0, 0.0]","[2, 2]"
2025-10-20 11:00:09,Motion_Completed,"[-0.0, -45.00400161743164, 0.0]","[45.0, -0.0, -0.0]","[45.00400161743164, 0.0, 0.0]","[2, 2]"
2025-10-20 11:00:09,Motion_Completed,"[-0.0, -45.00400161743164, 0.0]","[45.0, -0.0, -0.0]","[45.00400161743164, 0.0, 0.0]","[2, 2]"
2025-10-20 11:00:10,Motion_Completed,"[-0.0, -45.00299835205078, 0.0]","[45.0, -0.0, -0.0]","[45.00299835205078, 0.0, 0.0]","[2, 2]"
2025-10-20 11:00:10,Motion_Completed,"[-0.0, -45.00299835205078, 0.0]","[45.0, -0.0, -0.0]","[45.00299835205078, 0.0, 0.0]","[2, 2]"
2025-10-20 11:00:10,Motion_Completed,"[-0.0, -45.00299835205078, 0.0]","[45.0, -0.0, -0.0]","[45.00299835205078, 0.0, 0.0]","[2, 2]"
2025-10-20 11:00:10,Motion_Completed,"[-0.0, -45.00299835205078, 0.0]","[45.0, -0.0, -0.0]","[45.00299835205078, 0.0, 0.0]","[2, 2]"
2025-10-20 11:00:10,Motion_Completed,"[-0.0, -45.00299835205078, 0.0]","[45.0, -0.0, -0.0]","[45.00299835205078, 0.0, 0.0]","[2, 2]"
2025-10-20 11:00:10,Motion_Completed,"[-0.0, -45.00299835205078, 0.0]","[45.0, -0.0, -0.0]","[45.00299835205078, 0.0, 0.0]","[2, 2]"
2025-10-20 11:00:10,Motion_Completed,"[-0.0, -45.00299835205078, 0.0]","[45.0, -0.0, -0.0]","[45.00299835205078, 0.0, 0.0]","[2, 2]"
2025-10-20 11:00:10,Motion_Completed,"[-0.0, -45.00299835205078, 0.0]","[45.0, -0.0, -0.0]","[45.00299835205078, 0.0, 0.0]","[2, 2]"
2025-10-20 11:00:10,Motion_Completed,"[-0.0, -45.00299835205078, 0.0]","[45.0, -0.0, -0.0]","[45.00299835205078, 0.0, 0.0]","[2, 2]"
2025-10-20 11:00:10,Motion_Completed,"[-0.0, -45.00299835205078, 0.0]","[45.0, -0.0, -0.0]","[45.00299835205078, 0.0, 0.0]","[2, 2]"
2025-10-20 11:00:10,Motion_Completed,"[-0.0, -45.00299835205078, 0.0]","[45.0, -0.0, -0.0]","[45.00299835205078, 0.0, 0.0]","[2, 2]"
2025-10-20 11:00:10,Motion_Completed,"[-0.0, -45.00299835205078, 0.0]","[45.0, -0.0, -0.0]","[45.00299835205078, 0.0, 0.0]","[2, 2]"
2025-10-20 11:00:10,Motion_Completed,"[-0.0, -45.00299835205078, 0.0]","[45.0, -0.0, -0.0]","[45.00299835205078, 0.0, 0.0]","[2, 2]"
2025-10-20 11:00:10,Motion_Completed,"[-0.0, -45.00299835205078, 0.0]","[45.0, -0.0, -0.0]","[45.00299835205078, 0.0, 0.0]","[2, 2]"
2025-10-20 11:00:10,Motion_Completed,"[-0.0, -45.00299835205078, 0.0]","[45.0, -0.0, -0.0]","[45.00299835205078, 0.0, 0.0]","[2, 2]"
2025-10-20 11:00:10,Motion_Completed,"[-0.0, -45.00299835205078, 0.0]","[45.0, -0.0, -0.0]","[45.00299835205078, 0.0, 0.0]","[2, 2]"
2025-10-20 11:00:10,Motion_Completed,"[-0.0, -45.00299835205078, 0.0]","[45.0, -0.0, -0.0]","[45.00299835205078, 0.0, 0.0]","[2, 2]"
2025-10-20 11:00:10,Motion_Completed,"[-0.0, -45.00299835205078, 0.0]","[45.0, -0.0, -0.0]","[45.00299835205078, 0.0, 0.0]","[2, 2]"
2025-10-20 11:00:10,Motion_Completed,"[-0.0, -45.00299835205078, 0.0]","[45.0, -0.0, -0.0]","[45.00299835205078, 0.0, 0.0]","[2, 2]"
2025-10-20 11:00:10,Motion_Completed,"[-0.0, -45.00199890136719, 0.0]","[45.0, -0.0, -0.0]","[45.00199890136719, 0.0, 0.0]","[2, 2]"
2025-10-20 11:00:10,Motion_Completed,"[-0.0, -45.00199890136719, 0.0]","[45.0, -0.0, -0.0]","[45.00199890136719, 0.0, 0.0]","[2, 2]"
2025-10-20 11:00:10,Motion_Completed,"[-0.0, -45.00199890136719, 0.0]","[45.0, -0.0, -0.0]","[45.00199890136719, 0.0, 0.0]","[2, 2]"
2025-10-20 11:00:10,Motion_Completed,"[-0.0, -45.00199890136719, 0.0]","[45.0, -0.0, -0.0]","[45.00199890136719, 0.0, 0.0]","[2, 2]"
2025-10-20 11:00:10,Motion_Completed,"[-0.0, -45.00199890136719, 0.0]","[45.0, -0.0, -0.0]","[45.00199890136719, 0.0, 0.0]","[2, 2]"
2025-10-20 11:00:10,Motion_Completed,"[-0.0, -45.00199890136719, 0.0]","[45.0, -0.0, -0.0]","[45.00199890136719, 0.0, 0.0]","[2, 2]"
2025-10-20 11:00:11,Motion_Completed,"[-0.0, -45.00199890136719, 0.0]","[45.0, -0.0, -0.0]","[45.00199890136719, 0.0, 0.0]","[2, 2]"
2025-10-20 11:00:11,Motion_Completed,"[-0.0, -45.00199890136719, 0.0]","[45.0, -0.0, -0.0]","[45.00199890136719, 0.0, 0.0]","[2, 2]"
2025-10-20 11:00:11,Motion_Completed,"[-0.0, -45.00199890136719, 0.0]","[45.0, -0.0, -0.0]","[45.00199890136719, 0.0, 0.0]","[2, 2]"
2025-10-20 11:00:11,Motion_Completed,"[-0.0, -45.00199890136719, 0.0]","[45.0, -0.0, -0.0]","[45.00199890136719, 0.0, 0.0]","[2, 2]"
2025-10-20 11:00:11,Motion_Completed,"[-0.0, -45.00199890136719, 0.0]","[45.0, -0.0, -0.0]","[45.00199890136719, 0.0, 0.0]","[2, 2]"
2025-10-20 11:00:11,Motion_Completed,"[-0.0, -45.00199890136719, 0.0]","[45.0, -0.0, -0.0]","[45.00199890136719, 0.0, 0.0]","[2, 2]"
2025-10-20 11:00:11,Motion_Completed,"[-0.0, -45.00199890136719, 0.0]","[45.0, -0.0, -0.0]","[45.00199890136719, 0.0, 0.0]","[2, 2]"
2025-10-20 11:00:11,Motion_Completed,"[-0.0, -45.00199890136719, 0.0]","[45.0, -0.0, -0.0]","[45.00199890136719, 0.0, 0.0]","[2, 2]"
2025-10-20 11:00:11,Motion_Completed,"[-0.0, -45.00199890136719, 0.0]","[45.0, -0.0, -0.0]","[45.00199890136719, 0.0, 0.0]","[2, 2]"
2025-10-20 11:00:11,Motion_Completed,"[-0.0, -45.00199890136719, 0.0]","[45.0, -0.0, -0.0]","[45.00199890136719, 0.0, 0.0]","[2, 2]"
2025-10-20 11:00:11,Motion_Completed,"[-0.0, -45.00199890136719, 0.0]","[45.0, -0.0, -0.0]","[45.00199890136719, 0.0, 0.0]","[2, 2]"
2025-10-20 11:00:11,Motion_Completed,"[-0.0, -45.00199890136719, 0.0]","[45.0, -0.0, -0.0]","[45.00199890136719, 0.0, 0.0]","[2, 2]"
2025-10-20 11:00:11,Motion_Completed,"[-0.0, -45.00199890136719, 0.0]","[45.0, -0.0, -0.0]","[45.00199890136719, 0.0, 0.0]","[2, 2]"
2025-10-20 11:00:11,Motion_Completed,"[-0.0, -45.00199890136719, 0.0]","[45.0, -0.0, -0.0]","[45.00199890136719, 0.0, 0.0]","[2, 2]"
2025-10-20 11:00:11,Motion_Completed,"[-0.0, -45.000999450683594, 0.0]","[45.0, -0.0, -0.0]","[45.000999450683594, 0.0, 0.0]","[2, 2]"
2025-10-20 11:00:11,Motion_Completed,"[-0.0, -45.000999450683594, 0.0]","[45.0, -0.0, -0.0]","[45.000999450683594, 0.0, 0.0]","[2, 2]"
2025-10-20 11:00:11,Motion_Completed,"[-0.0, -45.000999450683594, 0.0]","[45.0, -0.0, -0.0]","[45.000999450683594, 0.0, 0.0]","[2, 2]"
2025-10-20 11:00:11,Motion_Completed,"[-0.0, -45.000999450683594, 0.0]","[45.0, -0.0, -0.0]","[45.000999450683594, 0.0, 0.0]","[2, 2]"
2025-10-20 11:00:11,Motion_Completed,"[-0.0, -45.000999450683594, 0.0]","[45.0, -0.0, -0.0]","[45.000999450683594, 0.0, 0.0]","[2, 2]"
2025-10-20 11:00:11,Motion_Completed,"[-0.0, -45.000999450683594, 0.0]","[45.0, -0.0, -0.0]","[45.000999450683594, 0.0, 0.0]","[2, 2]"
2025-10-20 11:00:11,Motion_Completed,"[-0.0, -45.000999450683594, 0.0]","[45.0, -0.0, -0.0]","[45.000999450683594, 0.0, 0.0]","[2, 2]"
2025-10-20 11:00:11,Motion_Completed,"[-0.0, -45.000999450683594, 0.0]","[45.0, -0.0, -0.0]","[45.000999450683594, 0.0, 0.0]","[2, 2]"
2025-10-20 11:00:11,Motion_Completed,"[-0.0, -45.000999450683594, 0.0]","[45.0, -0.0, -0.0]","[45.000999450683594, 0.0, 0.0]","[2, 2]"
2025-10-20 11:00:11,Motion_Completed,"[-0.0, -45.000999450683594, 0.0]","[45.0, -0.0, -0.0]","[45.000999450683594, 0.0, 0.0]","[2, 2]"
2025-10-20 11:00:11,Motion_Completed,"[-0.0, -45.000999450683594, 0.0]","[45.0, -0.0, -0.0]","[45.000999450683594, 0.0, 0.0]","[2, 2]"
2025-10-20 11:00:12,Motion_Completed,"[-0.0, -45.000999450683594, 0.0]","[45.0, -0.0, -0.0]","[45.000999450683594, 0.0, 0.0]","[2, 2]"
2025-10-20 11:00:12,Motion_Completed,"[-0.0, -45.000999450683594, 0.0]","[45.0, -0.0, -0.0]","[45.000999450683594, 0.0, 0.0]","[2, 2]"
2025-10-20 11:00:12,Motion_Completed,"[-0.0, -45.000999450683594, 0.0]","[45.0, -0.0, -0.0]","[45.000999450683594, 0.0, 0.0]","[2, 2]"
2025-10-20 11:00:12,Motion_Completed,"[-0.0, -45.000999450683594, 0.0]","[45.0, -0.0, -0.0]","[45.000999450683594, 0.0, 0.0]","[2, 2]"
2025-10-20 11:00:12,Motion_Completed,"[-0.0, -45.000999450683594, 0.0]","[45.0, -0.0, -0.0]","[45.000999450683594, 0.0, 0.0]","[2, 2]"
2025-10-20 11:00:12,Motion_Completed,"[-0.0, -45.000999450683594, 0.0]","[45.0, -0.0, -0.0]","[45.000999450683594, 0.0, 0.0]","[2, 2]"
2025-10-20 11:00:12,Motion_Completed,"[-0.0, -45.000999450683594, 0.0]","[45.0, -0.0, -0.0]","[45.000999450683594, 0.0, 0.0]","[2, 2]"
2025-10-20 11:00:12,Motion_Completed,"[-0.0, -45.000999450683594, 0.0]","[45.0, -0.0, -0.0]","[45.000999450683594, 0.0, 0.0]","[2, 2]"
2025-10-20 11:00:12,Motion_Completed,"[-0.0, -45.000999450683594, 0.0]","[45.0, -0.0, -0.0]","[45.000999450683594, 0.0, 0.0]","[2, 2]"
2025-10-20 11:00:12,Motion_Completed,"[-0.0, -45.000999450683594, 0.0]","[45.0, -0.0, -0.0]","[45.000999450683594, 0.0, 0.0]","[2, 2]"
2025-10-20 11:00:12,Motion_Completed,"[-0.0, -45.000999450683594, 0.0]","[45.0, -0.0, -0.0]","[45.000999450683594, 0.0, 0.0]","[2, 2]"
2025-10-20 11:00:12,Motion_Completed,"[-0.0, -45.000999450683594, 0.0]","[45.0, -0.0, -0.0]","[45.000999450683594, 0.0, 0.0]","[2, 2]"
2025-10-20 11:00:12,Motion_Completed,"[-0.0, -45.000999450683594, 0.0]","[45.0, -0.0, -0.0]","[45.000999450683594, 0.0, 0.0]","[2, 2]"
2025-10-20 11:00:12,Motion_Completed,"[-0.0, -45.000999450683594, 0.0]","[45.0, -0.0, -0.0]","[45.000999450683594, 0.0, 0.0]","[2, 2]"
2025-10-20 11:00:12,Motion_Completed,"[-0.0, -45.000999450683594, 0.0]","[45.0, -0.0, -0.0]","[45.000999450683594, 0.0, 0.0]","[2, 2]"
2025-10-20 11:00:12,Motion_Completed,"[-0.0, -45.000999450683594, 0.0]","[45.0, -0.0, -0.0]","[45.000999450683594, 0.0, 0.0]","[2, 2]"
2025-10-20 11:00:12,Motion_Completed,"[-0.0, -45.000999450683594, 0.0]","[45.0, -0.0, -0.0]","[45.000999450683594, 0.0, 0.0]","[2, 2]"
2025-10-20 11:00:12,Motion_Completed,"[-0.0, -45.000999450683594, 0.0]","[45.0, -0.0, -0.0]","[45.000999450683594, 0.0, 0.0]","[2, 2]"
2025-10-20 11:00:12,Motion_Completed,"[-0.0, -45.000999450683594, 0.0]","[45.0, -0.0, -0.0]","[45.000999450683594, 0.0, 0.0]","[2, 2]"
2025-10-20 11:00:12,Motion_Completed,"[-0.0, -45.000999450683594, 0.0]","[45.0, -0.0, -0.0]","[45.000999450683594, 0.0, 0.0]","[2, 2]"
2025-10-20 11:00:12,Motion_Completed,"[-0.0, -45.000999450683594, 0.0]","[45.0, -0.0, -0.0]","[45.000999450683594, 0.0, 0.0]","[2, 2]"
2025-10-20 11:00:12,Motion_Completed,"[-0.0, -45.0, 0.0]","[45.0, -0.0, -0.0]","[45.0, 0.0, 0.0]","[2, 2]"
2025-10-20 11:00:12,Motion_Completed,"[-0.0, -45.0, 0.0]","[45.0, -0.0, -0.0]","[45.0, 0.0, 0.0]","[2, 2]"
2025-10-20 11:00:12,Motion_Completed,"[-0.0, -45.0, 0.0]","[45.0, -0.0, -0.0]","[45.0, 0.0, 0.0]","[2, 2]"
2025-10-20 11:00:12,Motion_Completed,"[-0.0, -45.0, 0.0]","[45.0, -0.0, -0.0]","[45.0, 0.0, 0.0]","[2, 2]"
2025-10-20 11:00:13,Motion_Completed,"[-0.0, -45.0, 0.0]","[45.0, -0.0, -0.0]","[45.0, 0.0, 0.0]","[2, 2]"
2025-10-20 11:00:13,Motion_Completed,"[-0.0, -45.0, 0.0]","[45.0, -0.0, -0.0]","[45.0, 0.0, 0.0]","[2, 2]"
2025-10-20 11:00:13,Motion_Completed,"[-0.0, -45.0, 0.0]","[45.0, -0.0, -0.0]","[45.0, 0.0, 0.0]","[2, 2]"
2025-10-20 11:00:13,Motion_Completed,"[-0.0, -45.0, 0.0]","[45.0, -0.0, -0.0]","[45.0, 0.0, 0.0]","[2, 2]"
2025-10-20 11:00:13,Motion_Completed,"[-0.0, -45.0, 0.0]","[45.0, -0.0, -0.0]","[45.0, 0.0, 0.0]","[2, 2]"
2025-10-20 11:00:13,Motion_Completed,"[-0.0, -45.0, 0.0]","[45.0, -0.0, -0.0]","[45.0, 0.0, 0.0]","[2, 2]"
2025-10-20 11:00:13,Motion_Completed,"[-0.0, -45.0, 0.0]","[45.0, -0.0, -0.0]","[45.0, 0.0, 0.0]","[2, 2]"
2025-10-20 11:00:13,Motion_Completed,"[-0.0, -45.0, 0.0]","[45.0, -0.0, -0.0]","[45.0, 0.0, 0.0]","[2, 2]"
2025-10-20 11:00:13,Motion_Completed,"[-0.0, -45.0, 0.0]","[45.0, -0.0, -0.0]","[45.0, 0.0, 0.0]","[2, 2]"
2025-10-20 11:00:13,Motion_Completed,"[-0.0, -45.0, 0.0]","[45.0, -0.0, -0.0]","[45.0, 0.0, 0.0]","[2, 2]"
2025-10-20 11:00:13,Motion_Completed,"[-0.0, -45.0, 0.0]","[45.0, -0.0, -0.0]","[45.0, 0.0, 0.0]","[2, 2]"
2025-10-20 11:00:13,Motion_Completed,"[-0.0, -45.0, 0.0]","[45.0, -0.0, -0.0]","[45.0, 0.0, 0.0]","[2, 2]"
2025-10-20 11:00:13,Motion_Completed,"[-0.0, -45.0, 0.0]","[45.0, -0.0, -0.0]","[45.0, 0.0, 0.0]","[2, 2]"
2025-10-20 11:00:13,Motion_Completed,"[-0.0, -45.0, 0.0]","[45.0, -0.0, -0.0]","[45.0, 0.0, 0.0]","[2, 2]"
2025-10-20 11:00:13,Motion_Completed,"[-0.0, -45.0, 0.0]","[45.0, -0.0, -0.0]","[45.0, 0.0, 0.0]","[2, 2]"
2025-10-20 11:00:13,Motion_Completed,"[-0.0, -45.0, 0.0]","[45.0, -0.0, -0.0]","[45.0, 0.0, 0.0]","[2, 2]"
2025-10-20 11:00:13,Motion_Completed,"[-0.0, -45.0, 0.0]","[45.0, -0.0, -0.0]","[45.0, 0.0, 0.0]","[2, 2]"
2025-10-20 11:00:13,Motion_Completed,"[-0.0, -45.0, 0.0]","[45.0, -0.0, -0.0]","[45.0, 0.0, 0.0]","[2, 2]"
2025-10-20 11:00:13,Motion_Completed,"[-0.0, -45.0, 0.0]","[45.0, -0.0, -0.0]","[45.0, 0.0, 0.0]","[2, 2]"
2025-10-20 11:00:13,Motion_Completed,"[-0.0, -45.0, 0.0]","[45.0, -0.0, -0.0]","[45.0, 0.0, 0.0]","[2, 2]"
2025-10-20 11:00:13,Motion_Completed,"[-0.0, -45.0, 0.0]","[45.0, -0.0, -0.0]","[45.0, 0.0, 0.0]","[2, 2]"
2025-10-20 11:00:13,Motion_Completed,"[-0.0, -45.0, 0.0]","[45.0, -0.0, -0.0]","[45.0, 0.0, 0.0]","[2, 2]"
2025-10-20 11:00:13,Motion_Completed,"[-0.0, -45.0, 0.0]","[45.0, -0.0, -0.0]","[45.0, 0.0, 0.0]","[2, 2]"
2025-10-20 11:00:13,Motion_Completed,"[-0.0, -45.0, 0.0]","[45.0, -0.0, -0.0]","[45.0, 0.0, 0.0]","[2, 2]"
2025-10-20 11:00:13,Motion_Completed,"[-0.0, -45.0, 0.0]","[45.0, -0.0, -0.0]","[45.0, 0.0, 0.0]","[2, 2]"
2025-10-20 11:00:14,Motion_Completed,"[-0.0, -45.0, 0.0]","[45.0, -0.0, -0.0]","[45.0, 0.0, 0.0]","[2, 2]"
2025-10-20 11:00:14,Motion_Completed,"[-0.0, -45.0, 0.0]","[45.0, -0.0, -0.0]","[45.0, 0.0, 0.0]","[2, 2]"
2025-10-20 11:00:14,Motion_Completed,"[-0.0, -45.0, 0.0]","[45.0, -0.0, -0.0]","[45.0, 0.0, 0.0]","[2, 2]"
2025-10-20 11:00:14,Motion_Completed,"[-0.0, -45.0, 0.0]","[45.0, -0.0, -0.0]","[45.0, 0.0, 0.0]","[2, 2]"
2025-10-20 11:00:14,Motion_Completed,"[-0.0, -45.0, 0.0]","[45.0, -0.0, -0.0]","[45.0, 0.0, 0.0]","[2, 2]"
2025-10-20 11:00:14,Motion_Completed,"[-0.0, -45.0, 0.0]","[45.0, -0.0, -0.0]","[45.0, 0.0, 0.0]","[2, 2]"
2025-10-20 11:00:14,Motion_Completed,"[-0.0, -45.0, 0.0]","[45.0, -0.0, -0.0]","[45.0, 0.0, 0.0]","[2, 2]"
2025-10-20 11:00:14,Motion_Completed,"[-0.0, -45.0, 0.0]","[45.0, -0.0, -0.0]","[45.0, 0.0, 0.0]","[2, 2]"
2025-10-20 11:00:14,Motion_Completed,"[-0.0, -45.0, 0.0]","[45.0, -0.0, -0.0]","[45.0, 0.0, 0.0]","[2, 2]"
2025-10-20 11:00:14,Motion_Completed,"[-0.0, -45.0, 0.0]","[45.0, -0.0, -0.0]","[45.0, 0.0, 0.0]","[2, 2]"
2025-10-20 11:00:14,Motion_Completed,"[-0.0, -45.0, 0.0]","[45.0, -0.0, -0.0]","[45.0, 0.0, 0.0]","[2, 2]"
2025-10-20 11:00:14,Motion_Completed,"[-0.0, -45.0, 0.0]","[45.0, -0.0, -0.0]","[45.0, 0.0, 0.0]","[2, 2]"
2025-10-20 11:00:14,Motion_Completed,"[-0.0, -45.0, 0.0]","[45.0, -0.0, -0.0]","[45.0, 0.0, 0.0]","[2, 2]"
2025-10-20 11:00:14,Motion_Completed,"[-0.0, -45.0, 0.0]","[45.0, -0.0, -0.0]","[45.0, 0.0, 0.0]","[2, 2]"
2025-10-20 11:00:14,Motion_Completed,"[-0.0, -45.0, 0.0]","[45.0, -0.0, -0.0]","[45.0, 0.0, 0.0]","[2, 2]"
2025-10-20 11:00:14,Motion_Completed,"[-0.0, -45.0, 0.0]","[45.0, -0.0, -0.0]","[45.0, 0.0, 0.0]","[2, 2]"
2025-10-20 11:00:14,Motion_Completed,"[-0.0, -45.0, 0.0]","[45.0, -0.0, -0.0]","[45.0, 0.0, 0.0]","[2, 2]"
2025-10-20 11:00:14,Motion_Completed,"[-0.0, -45.0, 0.0]","[45.0, -0.0, -0.0]","[45.0, 0.0, 0.0]","[2, 2]"
2025-10-20 11:00:14,Motion_Completed,"[-0.0, -45.0, 0.0]","[45.0, -0.0, -0.0]","[45.0, 0.0, 0.0]","[2, 2]"
2025-10-20 11:00:14,Motion_Completed,"[-0.0, -45.0, 0.0]","[45.0, -0.0, -0.0]","[45.0, 0.0, 0.0]","[2, 2]"
2025-10-20 11:00:14,Motion_Completed,"[-0.0, -45.0, 0.0]","[45.0, -0.0, -0.0]","[45.0, 0.0, 0.0]","[2, 2]"
2025-10-20 11:00:14,Motion_Completed,"[-0.0, -45.0, 0.0]","[45.0, -0.0, -0.0]","[45.0, 0.0, 0.0]","[2, 2]"
2025-10-20 11:00:14,Motion_Completed,"[-0.0, -45.0, 0.0]","[45.0, -0.0, -0.0]","[45.0, 0.0, 0.0]","[2, 2]"
2025-10-20 11:00:14,Motion_Completed,"[-0.0, -45.0, 0.0]","[45.0, -0.0, -0.0]","[45.0, 0.0, 0.0]","[2, 2]"
2025-10-20 11:00:14,Motion_Completed,"[-0.0, -45.0, 0.0]","[45.0, -0.0, -0.0]","[45.0, 0.0, 0.0]","[2, 2]"
2025-10-20 11:00:15,Motion_Completed,"[-0.0, -45.0, 0.0]","[45.0, -0.0, -0.0]","[45.0, 0.0, 0.0]","[2, 2]"
2025-10-20 11:00:15,Motion_Completed,"[-0.0, -45.0, 0.0]","[45.0, -0.0, -0.0]","[45.0, 0.0, 0.0]","[2, 2]"
2025-10-20 11:00:15,Motion_Completed,"[-0.0, -45.0, 0.0]","[45.0, -0.0, -0.0]","[45.0, 0.0, 0.0]","[2, 2]"
2025-10-20 11:00:15,Motion_Completed,"[-0.0, -45.0, 0.0]","[45.0, -0.0, -0.0]","[45.0, 0.0, 0.0]","[2, 2]"
2025-10-20 11:00:15,Motion_Completed,"[-0.0, -45.0, 0.0]","[45.0, -0.0, -0.0]","[45.0, 0.0, 0.0]","[2, 2]"
2025-10-20 11:00:15,Motion_Completed,"[-0.0, -45.0, 0.0]","[45.0, -0.0, -0.0]","[45.0, 0.0, 0.0]","[2, 2]"
2025-10-20 11:00:15,Motion_Completed,"[-0.0, -45.0, 0.0]","[45.0, -0.0, -0.0]","[45.0, 0.0, 0.0]","[2, 2]"
2025-10-20 11:00:15,Motion_Completed,"[-0.0, -45.0, 0.0]","[45.0, -0.0, -0.0]","[45.0, 0.0, 0.0]","[2, 2]"
2025-10-20 11:00:15,Motion_Completed,"[-0.0, -45.0, 0.0]","[45.0, -0.0, -0.0]","[45.0, 0.0, 0.0]","[2, 2]"
2025-10-20 11:00:15,Motion_Completed,"[-0.0, -45.0, 0.0]","[45.0, -0.0, -0.0]","[45.0, 0.0, 0.0]","[2, 2]"
2025-10-20 11:00:15,Motion_Completed,"[-0.0, -45.0, 0.0]","[45.0, -0.0, -0.0]","[45.0, 0.0, 0.0]","[2, 2]"
2025-10-20 11:00:15,Motion_Completed,"[-0.0, -45.0, 0.0]","[45.0, -0.0, -0.0]","[45.0, 0.0, 0.0]","[2, 2]"
2025-10-20 11:00:15,Motion_Completed,"[-0.0, -45.0, 0.0]","[45.0, -0.0, -0.0]","[45.0, 0.0, 0.0]","[2, 2]"
2025-10-20 11:00:15,Motion_Completed,"[-0.0, -45.0, 0.0]","[45.0, -0.0, -0.0]","[45.0, 0.0, 0.0]","[2, 2]"
2025-10-20 11:00:15,Motion_Completed,"[-0.0, -45.0, 0.0]","[45.0, -0.0, -0.0]","[45.0, 0.0, 0.0]","[2, 2]"
2025-10-20 11:00:15,Motion_Completed,"[-0.0, -45.0, 0.0]","[45.0, -0.0, -0.0]","[45.0, 0.0, 0.0]","[2, 2]"
2025-10-20 11:00:15,Motion_Completed,"[-0.0, -45.0, 0.0]","[45.0, -0.0, -0.0]","[45.0, 0.0, 0.0]","[2, 2]"
2025-10-20 11:00:15,Motion_Completed,"[-0.0, -45.0, 0.0]","[45.0, -0.0, -0.0]","[45.0, 0.0, 0.0]","[2, 2]"
2025-10-20 11:00:15,Motion_Completed,"[-0.0, -45.0, 0.0]","[45.0, -0.0, -0.0]","[45.0, 0.0, 0.0]","[2, 2]"
2025-10-20 11:00:15,Motion_Completed,"[-0.0, -45.0, 0.0]","[45.0, -0.0, -0.0]","[45.0, 0.0, 0.0]","[2, 2]"
2025-10-20 11:00:15,Motion_Completed,"[-0.0, -45.0, 0.0]","[45.0, -0.0, -0.0]","[45.0, 0.0, 0.0]","[2, 2]"
2025-10-20 11:00:15,Motion_Completed,"[-0.0, -45.0, 0.0]","[45.0, -0.0, -0.0]","[45.0, 0.0, 0.0]","[2, 2]"
2025-10-20 11:00:15,Motion_Completed,"[-0.0, -45.0, 0.0]","[45.0, -0.0, -0.0]","[45.0, 0.0, 0.0]","[2, 2]"
2025-10-20 11:00:15,Motion_Completed,"[-0.0, -45.0, 0.0]","[45.0, -0.0, -0.0]","[45.0, 0.0, 0.0]","[2, 2]"
2025-10-20 11:00:15,Motion_Completed,"[-0.0, -45.0, 0.0]","[45.0, -0.0, -0.0]","[45.0, 0.0, 0.0]","[2, 2]"
2025-10-20 11:00:16,Motion_Completed,"[-0.0, -45.0, 0.0]","[45.0, -0.0, -0.0]","[45.0, 0.0, 0.0]","[2, 2]"
2025-10-20 11:00:16,Motion_Completed,"[-0.0, -45.0, 0.0]","[45.0, -0.0, -0.0]","[45.0, 0.0, 0.0]","[2, 2]"
2025-10-20 11:00:16,Motion_Completed,"[-0.0, -45.0, 0.0]","[45.0, -0.0, -0.0]","[45.0, 0.0, 0.0]","[2, 2]"
2025-10-20 11:00:16,Motion_Completed,"[-0.0, -45.0, 0.0]","[45.0, -0.0, -0.0]","[45.0, 0.0, 0.0]","[2, 2]"
2025-10-20 11:00:16,Motion_Completed,"[-0.0, -45.0, 0.0]","[45.0, -0.0, -0.0]","[45.0, 0.0, 0.0]","[2, 2]"
2025-10-20 11:00:16,Motion_Completed,"[-0.0, -45.0, 0.0]","[45.0, -0.0, -0.0]","[45.0, 0.0, 0.0]","[2, 2]"
2025-10-20 11:00:16,Motion_Completed,"[-0.0, -45.0, 0.0]","[45.0, -0.0, -0.0]","[45.0, 0.0, 0.0]","[2, 2]"
2025-10-20 11:00:16,Motion_Completed,"[-0.0, -45.0, 0.0]","[45.0, -0.0, -0.0]","[45.0, 0.0, 0.0]","[2, 2]"
2025-10-20 11:00:16,Motion_Completed,"[-0.0, -45.0, 0.0]","[45.0, -0.0, -0.0]","[45.0, 0.0, 0.0]","[2, 2]"
2025-10-20 11:00:16,Motion_Completed,"[-0.0, -45.0, 0.0]","[45.0, -0.0, -0.0]","[45.0, 0.0, 0.0]","[2, 2]"
2025-10-20 11:00:16,Motion_Completed,"[-0.0, -45.0, 0.0]","[45.0, -0.0, -0.0]","[45.0, 0.0, 0.0]","[2, 2]"
2025-10-20 11:00:16,Motion_Completed,"[-0.0, -45.0, 0.0]","[45.0, -0.0, -0.0]","[45.0, 0.0, 0.0]","[2, 2]"
2025-10-20 11:00:16,Motion_Completed,"[-0.0, -45.0, 0.0]","[45.0, -0.0, -0.0]","[45.0, 0.0, 0.0]","[2, 2]"
2025-10-20 11:00:16,Motion_Completed,"[-0.0, -45.0, 0.0]","[45.0, -0.0, -0.0]","[45.0, 0.0, 0.0]","[2, 2]"
2025-10-20 11:00:16,Motion_Completed,"[-0.0, -45.0, 0.0]","[45.0, -0.0, -0.0]","[45.0, 0.0, 0.0]","[2, 2]"
2025-10-20 11:00:16,Motion_Completed,"[-0.0, -45.0, 0.0]","[45.0, -0.0, -0.0]","[45.0, 0.0, 0.0]","[2, 2]"
2025-10-20 11:00:16,Motion_Completed,"[-0.0, -45.0, 0.0]","[45.0, -0.0, -0.0]","[45.0, 0.0, 0.0]","[2, 2]"
2025-10-20 11:00:16,Motion_Completed,"[-0.0, -45.0, 0.0]","[45.0, -0.0, -0.0]","[45.0, 0.0, 0.0]","[2, 2]"
2025-10-20 11:00:16,Motion_Completed,"[-0.0, -45.0, 0.0]","[45.0, -0.0, -0.0]","[45.0, 0.0, 0.0]","[2, 2]"
2025-10-20 11:00:16,Motion_Completed,"[-0.0, -45.0, 0.0]","[45.0, -0.0, -0.0]","[45.0, 0.0, 0.0]","[2, 2]"
2025-10-20 11:00:16,Motion_Completed,"[-0.0, -45.0, 0.0]","[45.0, -0.0, -0.0]","[45.0, 0.0, 0.0]","[2, 2]"
2025-10-20 11:00:16,Motion_Completed,"[-0.0, -45.0, 0.0]","[45.0, -0.0, -0.0]","[45.0, 0.0, 0.0]","[2, 2]"
2025-10-20 11:00:16,Motion_Completed,"[-0.0, -45.0, 0.0]","[45.0, -0.0, -0.0]","[45.0, 0.0, 0.0]","[2, 2]"
2025-10-20 11:00:16,Motion_Completed,"[-0.0, -45.0, 0.0]","[45.0, -0.0, -0.0]","[45.0, 0.0, 0.0]","[2, 2]"
2025-10-20 11:00:16,Motion_Completed,"[-0.0, -45.0, 0.0]","[45.0, -0.0, -0.0]","[45.0, 0.0, 0.0]","[2, 2]"
2025-10-20 11:00:17,Motion_Completed,"[-0.0, -45.0, 0.0]","[45.0, -0.0, -0.0]","[45.0, 0.0, 0.0]","[2, 2]"
2025-10-20 11:00:17,Motion_Completed,"[-0.0, -45.0, 0.0]","[45.0, -0.0, -0.0]","[45.0, 0.0, 0.0]","[2, 2]"
2025-10-20 11:00:17,Motion_Completed,"[-0.0, -45.0, 0.0]","[45.0, -0.0, -0.0]","[45.0, 0.0, 0.0]","[2, 2]"
2025-10-20 11:00:17,Motion_Completed,"[-0.0, -45.0, 0.0]","[45.0, -0.0, -0.0]","[45.0, 0.0, 0.0]","[2, 2]"
2025-10-20 11:00:17,Motion_Completed,"[-0.0, -45.0, 0.0]","[45.0, -0.0, -0.0]","[45.0, 0.0, 0.0]","[2, 2]"
2025-10-20 11:00:17,Motion_Completed,"[-0.0, -45.0, 0.0]","[45.0, -0.0, -0.0]","[45.0, 0.0, 0.0]","[2, 2]"
2025-10-20 11:00:17,Motion_Completed,"[-0.0, -45.0, 0.0]","[45.0, -0.0, -0.0]","[45.0, 0.0, 0.0]","[2, 2]"
2025-10-20 11:00:17,Motion_Completed,"[-0.0, -45.0, 0.0]","[45.0, -0.0, -0.0]","[45.0, 0.0, 0.0]","[2, 2]"
2025-10-20 11:00:17,Motion_Completed,"[-0.0, -45.0, 0.0]","[45.0, -0.0, -0.0]","[45.0, 0.0, 0.0]","[2, 2]"
2025-10-20 11:00:17,Motion_Completed,"[-0.0, -45.0, 0.0]","[45.0, -0.0, -0.0]","[45.0, 0.0, 0.0]","[2, 2]"
2025-10-20 11:00:17,Motion_Completed,"[-0.0, -45.0, 0.0]","[45.0, -0.0, -0.0]","[45.0, 0.0, 0.0]","[2, 2]"
2025-10-20 11:00:17,Motion_Completed,"[-0.0, -45.0, 0.0]","[45.0, -0.0, -0.0]","[45.0, 0.0, 0.0]","[2, 2]"
2025-10-20 11:00:17,Motion_Completed,"[-0.0, -45.0, 0.0]","[45.0, -0.0, -0.0]","[45.0, 0.0, 0.0]","[2, 2]"
2025-10-20 11:00:17,Motion_Completed,"[-0.0, -45.0, 0.0]","[45.0, -0.0, -0.0]","[45.0, 0.0, 0.0]","[2, 2]"
2025-10-20 11:00:17,Motion_Completed,"[-0.0, -45.0, 0.0]","[45.0, -0.0, -0.0]","[45.0, 0.0, 0.0]","[2, 2]"
2025-10-20 11:00:17,Motion_Completed,"[-0.0, -45.0, 0.0]","[45.0, -0.0, -0.0]","[45.0, 0.0, 0.0]","[2, 2]"
2025-10-20 11:00:17,Motion_Completed,"[-0.0, -45.0, 0.0]","[45.0, -0.0, -0.0]","[45.0, 0.0, 0.0]","[2, 2]"
2025-10-20 11:00:17,Motion_Completed,"[-0.0, -45.0, 0.0]","[45.0, -0.0, -0.0]","[45.0, 0.0, 0.0]","[2, 2]"
2025-10-20 11:00:17,Motion_Completed,"[-0.0, -45.0, 0.0]","[45.0, -0.0, -0.0]","[45.0, 0.0, 0.0]","[2, 2]"
2025-10-20 11:00:17,Motion_Completed,"[-0.0, -45.0, 0.0]","[45.0, -0.0, -0.0]","[45.0, 0.0, 0.0]","[2, 2]"
2025-10-20 11:00:17,Motion_Completed,"[-0.0, -45.0, 0.0]","[45.0, -0.0, -0.0]","[45.0, 0.0, 0.0]","[2, 2]"
2025-10-20 11:00:17,Motion_Completed,"[-0.0, -45.0, 0.0]","[45.0, -0.0, -0.0]","[45.0, 0.0, 0.0]","[2, 2]"
2025-10-20 11:00:17,Motion_Completed,"[-0.0, -45.0, 0.0]","[45.0, -0.0, -0.0]","[45.0, 0.0, 0.0]","[2, 2]"
2025-10-20 11:00:17,Motion_Completed,"[-0.0, -45.0, 0.0]","[45.0, -0.0, -0.0]","[45.0, 0.0, 0.0]","[2, 2]"
2025-10-20 11:00:17,Motion_Completed,"[-0.0, -45.0, 0.0]","[45.0, -0.0, -0.0]","[45.0, 0.0, 0.0]","[2, 2]"
2025-10-20 11:00:18,Motion_Completed,"[-0.0, -45.0, 0.0]","[45.0, -0.0, -0.0]","[45.0, 0.0, 0.0]","[2, 2]"
2025-10-20 11:00:18,Motion_Completed,"[-0.0, -45.0, 0.0]","[45.0, -0.0, -0.0]","[45.0, 0.0, 0.0]","[2, 2]"
2025-10-20 11:00:18,Motion_Completed,"[-0.0, -45.0, 0.0]","[45.0, -0.0, -0.0]","[45.0, 0.0, 0.0]","[2, 2]"
2025-10-20 11:00:18,Motion_Completed,"[-0.0, -45.0, 0.0]","[45.0, -0.0, -0.0]","[45.0, 0.0, 0.0]","[2, 2]"
2025-10-20 11:00:18,Motion_Completed,"[-0.0, -45.0, 0.0]","[45.0, -0.0, -0.0]","[45.0, 0.0, 0.0]","[2, 2]"
2025-10-20 11:00:18,Motion_Completed,"[-0.0, -45.0, 0.0]","[45.0, -0.0, -0.0]","[45.0, 0.0, 0.0]","[2, 2]"
2025-10-20 11:00:18,Motion_Completed,"[-0.0, -45.0, 0.0]","[45.0, -0.0, -0.0]","[45.0, 0.0, 0.0]","[2, 2]"
2025-10-20 11:00:18,Motion_Completed,"[-0.0, -45.0, 0.0]","[45.0, -0.0, -0.0]","[45.0, 0.0, 0.0]","[2, 2]"
2025-10-20 11:00:18,Motion_Completed,"[-0.0, -45.0, 0.0]","[45.0, -0.0, -0.0]","[45.0, 0.0, 0.0]","[2, 2]"
2025-10-20 11:00:18,Motion_Completed,"[-0.0, -45.0, 0.0]","[45.0, -0.0, -0.0]","[45.0, 0.0, 0.0]","[2, 2]"
2025-10-20 11:00:18,Motion_Completed,"[-0.0, -45.0, 0.0]","[45.0, -0.0, -0.0]","[45.0, 0.0, 0.0]","[2, 2]"
2025-10-20 11:00:18,Motion_Completed,"[-0.0, -45.0, 0.0]","[45.0, -0.0, -0.0]","[45.0, 0.0, 0.0]","[2, 2]"
2025-10-20 11:00:18,Motion_Completed,"[-0.0, -45.0, 0.0]","[45.0, -0.0, -0.0]","[45.0, 0.0, 0.0]","[2, 2]"
2025-10-20 11:00:18,Motion_Completed,"[-0.0, -45.0, 0.0]","[45.0, -0.0, -0.0]","[45.0, 0.0, 0.0]","[2, 2]"
2025-10-20 11:00:18,Motion_Completed,"[-0.0, -45.0, 0.0]","[45.0, -0.0, -0.0]","[45.0, 0.0, 0.0]","[2, 2]"
2025-10-20 11:00:18,Motion_Completed,"[-0.0, -45.0, 0.0]","[45.0, -0.0, -0.0]","[45.0, 0.0, 0.0]","[2, 2]"
2025-10-20 11:00:18,Motion_Completed,"[-0.0, -45.0, 0.0]","[45.0, -0.0, -0.0]","[45.0, 0.0, 0.0]","[2, 2]"
2025-10-20 11:00:18,Motion_Completed,"[-0.0, -45.0, 0.0]","[45.0, -0.0, -0.0]","[45.0, 0.0, 0.0]","[2, 2]"
2025-10-20 11:00:18,Motion_Completed,"[-0.0, -45.0, 0.0]","[45.0, -0.0, -0.0]","[45.0, 0.0, 0.0]","[2, 2]"
2025-10-20 11:00:18,Motion_Completed,"[-0.0, -45.0, 0.0]","[45.0, -0.0, -0.0]","[45.0, 0.0, 0.0]","[2, 2]"
2025-10-20 11:00:18,Motion_Completed,"[-0.0, -45.0, 0.0]","[45.0, -0.0, -0.0]","[45.0, 0.0, 0.0]","[2, 2]"
2025-10-20 11:00:18,Motion_Completed,"[-0.0, -45.0, 0.0]","[45.0, -0.0, -0.0]","[45.0, 0.0, 0.0]","[2, 2]"
2025-10-20 11:00:18,Motion_Completed,"[-0.0, -45.0, 0.0]","[45.0, -0.0, -0.0]","[45.0, 0.0, 0.0]","[2, 2]"
2025-10-20 11:00:18,Motion_Completed,"[-0.0, -45.0, 0.0]","[45.0, -0.0, -0.0]","[45.0, 0.0, 0.0]","[2, 2]"
2025-10-20 11:00:18,Motion_Completed,"[-0.0, -45.0, 0.0]","[45.0, -0.0, -0.0]","[45.0, 0.0, 0.0]","[2, 2]"
2025-10-20 11:00:19,Motion_Completed,"[-0.0, -45.0, 0.0]","[45.0, -0.0, -0.0]","[45.0, 0.0, 0.0]","[2, 2]"
2025-10-20 11:00:19,Motion_Completed,"[-0.0, -45.0, 0.0]","[45.0, -0.0, -0.0]","[45.0, 0.0, 0.0]","[2, 2]"
2025-10-20 11:00:19,Motion_Completed,"[-0.0, -45.0, 0.0]","[45.0, -0.0, -0.0]","[45.0, 0.0, 0.0]","[2, 2]"
2025-10-20 11:00:19,Motion_Completed,"[-0.0, -45.0, 0.0]","[45.0, -0.0, -0.0]","[45.0, 0.0, 0.0]","[2, 2]"
2025-10-20 11:00:19,Motion_Completed,"[-0.0, -45.0, 0.0]","[45.0, -0.0, -0.0]","[45.0, 0.0, 0.0]","[2, 2]"
2025-10-20 11:00:19,Motion_Completed,"[-0.0, -45.0, 0.0]","[45.0, -0.0, -0.0]","[45.0, 0.0, 0.0]","[2, 2]"
2025-10-20 11:00:19,Motion_Completed,"[-0.0, -45.0, 0.0]","[45.0, -0.0, -0.0]","[45.0, 0.0, 0.0]","[2, 2]"
2025-10-20 11:00:19,Motion_Completed,"[-0.0, -45.0, 0.0]","[45.0, -0.0, -0.0]","[45.0, 0.0, 0.0]","[2, 2]"
2025-10-20 11:00:19,Motion_Completed,"[-0.0, -45.0, 0.0]","[45.0, -0.0, -0.0]","[45.0, 0.0, 0.0]","[2, 2]"
2025-10-20 11:00:19,Motion_Completed,"[-0.0, -45.0, 0.0]","[45.0, -0.0, -0.0]","[45.0, 0.0, 0.0]","[2, 2]"
2025-10-20 11:00:19,Motion_Completed,"[-0.0, -45.0, 0.0]","[45.0, -0.0, -0.0]","[45.0, 0.0, 0.0]","[2, 2]"
2025-10-20 11:00:19,Motion_Completed,"[-0.0, -45.0, 0.0]","[45.0, -0.0, -0.0]","[45.0, 0.0, 0.0]","[2, 2]"
2025-10-20 11:00:19,Motion_Completed,"[-0.0, -45.0, 0.0]","[45.0, -0.0, -0.0]","[45.0, 0.0, 0.0]","[2, 2]"
2025-10-20 11:00:19,Motion_Completed,"[-0.0, -45.0, 0.0]","[45.0, -0.0, -0.0]","[45.0, 0.0, 0.0]","[2, 2]"
2025-10-20 11:00:19,Motion_Completed,"[-0.0, -45.0, 0.0]","[45.0, -0.0, -0.0]","[45.0, 0.0, 0.0]","[2, 2]"
2025-10-20 11:00:19,Motion_Completed,"[-0.0, -45.0, 0.0]","[45.0, -0.0, -0.0]","[45.0, 0.0, 0.0]","[2, 2]"
2025-10-20 11:00:19,Motion_Completed,"[-0.0, -45.0, 0.0]","[45.0, -0.0, -0.0]","[45.0, 0.0, 0.0]","[2, 2]"
2025-10-20 11:00:19,Motion_Completed,"[-0.0, -45.0, 0.0]","[45.0, -0.0, -0.0]","[45.0, 0.0, 0.0]","[2, 2]"
2025-10-20 11:00:19,Motion_Completed,"[-0.0, -45.0, 0.0]","[45.0, -0.0, -0.0]","[45.0, 0.0, 0.0]","[2, 2]"
2025-10-20 11:00:19,Motion_Completed,"[-0.0, -45.0, 0.0]","[45.0, -0.0, -0.0]","[45.0, 0.0, 0.0]","[2, 2]"
2025-10-20 11:00:19,Motion_Completed,"[-0.0, -45.0, 0.0]","[45.0, -0.0, -0.0]","[45.0, 0.0, 0.0]","[2, 2]"
2025-10-20 11:00:19,Motion_Completed,"[-0.0, -45.0, 0.0]","[45.0, -0.0, -0.0]","[45.0, 0.0, 0.0]","[2, 2]"
2025-10-20 11:00:19,Motion_Completed,"[-0.0, -45.0, 0.0]","[45.0, -0.0, -0.0]","[45.0, 0.0, 0.0]","[2, 2]"
2025-10-20 11:00:19,Motion_Completed,"[-0.0, -45.0, 0.0]","[45.0, -0.0, -0.0]","[45.0, 0.0, 0.0]","[2, 2]"
2025-10-20 11:00:19,Motion_Completed,"[-0.0, -45.0, 0.0]","[45.0, -0.0, -0.0]","[45.0, 0.0, 0.0]","[2, 2]"
2025-10-20 11:00:20,Motion_Completed,"[-0.0, -45.0, 0.0]","[45.0, -0.0, -0.0]","[45.0, 0.0, 0.0]","[2, 2]"
2025-10-20 11:00:20,Motion_Completed,"[-0.0, -45.0, 0.0]","[45.0, -0.0, -0.0]","[45.0, 0.0, 0.0]","[2, 2]"
2025-10-20 11:00:20,Motion_Completed,"[-0.0, -45.0, 0.0]","[45.0, -0.0, -0.0]","[45.0, 0.0, 0.0]","[2, 2]"
2025-10-20 11:00:20,Motion_Completed,"[-0.0, -45.0, 0.0]","[45.0, -0.0, -0.0]","[45.0, 0.0, 0.0]","[2, 2]"
2025-10-20 11:00:20,Motion_Completed,"[-0.0, -45.0, 0.0]","[45.0, -0.0, -0.0]","[45.0, 0.0, 0.0]","[2, 2]"
2025-10-20 11:00:20,Motion_Completed,"[-0.0, -45.0, 0.0]","[45.0, -0.0, -0.0]","[45.0, 0.0, 0.0]","[2, 2]"
2025-10-20 11:00:20,Motion_Completed,"[-0.0, -45.0, 0.0]","[45.0, -0.0, -0.0]","[45.0, 0.0, 0.0]","[2, 2]"
2025-10-20 11:00:20,Motion_Completed,"[-0.0, -45.0, 0.0]","[45.0, -0.0, -0.0]","[45.0, 0.0, 0.0]","[2, 2]"
2025-10-20 11:00:20,Motion_Completed,"[-0.0, -45.0, 0.0]","[45.0, -0.0, -0.0]","[45.0, 0.0, 0.0]","[2, 2]"
2025-10-20 11:00:20,Motion_Completed,"[-0.0, -45.0, 0.0]","[45.0, -0.0, -0.0]","[45.0, 0.0, 0.0]","[2, 2]"
2025-10-20 11:00:20,Motion_Completed,"[-0.0, -45.0, 0.0]","[45.0, -0.0, -0.0]","[45.0, 0.0, 0.0]","[2, 2]"
2025-10-20 11:00:20,Motion_Completed,"[-0.0, -45.0, 0.0]","[45.0, -0.0, -0.0]","[45.0, 0.0, 0.0]","[2, 2]"
2025-10-20 11:00:20,Motion_Completed,"[-0.0, -45.0, 0.0]","[45.0, -0.0, -0.0]","[45.0, 0.0, 0.0]","[2, 2]"
2025-10-20 11:00:20,Motion_Completed,"[-0.0, -45.0, 0.0]","[45.0, -0.0, -0.0]","[45.0, 0.0, 0.0]","[2, 2]"
2025-10-20 11:00:20,Motion_Completed,"[-0.0, -45.0, 0.0]","[45.0, -0.0, -0.0]","[45.0, 0.0, 0.0]","[2, 2]"
2025-10-20 11:00:20,Motion_Completed,"[-0.0, -45.0, 0.0]","[45.0, -0.0, -0.0]","[45.0, 0.0, 0.0]","[2, 2]"
2025-10-20 11:00:20,Motion_Completed,"[-0.0, -45.0, 0.0]","[45.0, -0.0, -0.0]","[45.0, 0.0, 0.0]","[2, 2]"
2025-10-20 11:00:20,Motion_Completed,"[-0.0, -45.0, 0.0]","[45.0, -0.0, -0.0]","[45.0, 0.0, 0.0]","[2, 2]"
2025-10-20 11:00:20,Motion_Completed,"[-0.0, -45.0, 0.0]","[45.0, -0.0, -0.0]","[45.0, 0.0, 0.0]","[2, 2]"
2025-10-20 11:00:20,Motion_Completed,"[-0.0, -45.0, 0.0]","[45.0, -0.0, -0.0]","[45.0, 0.0, 0.0]","[2, 2]"
2025-10-20 11:00:20,Motion_Completed,"[-0.0, -45.0, 0.0]","[45.0, -0.0, -0.0]","[45.0, 0.0, 0.0]","[2, 2]"
2025-10-20 11:00:20,Motion_Completed,"[-0.0, -45.0, 0.0]","[45.0, -0.0, -0.0]","[45.0, 0.0, 0.0]","[2, 2]"
2025-10-20 11:00:20,Motion_Completed,"[-0.0, -45.0, 0.0]","[45.0, -0.0, -0.0]","[45.0, 0.0, 0.0]","[2, 2]"
2025-10-20 11:00:20,Motion_Completed,"[-0.0, -45.0, 0.0]","[45.0, -0.0, -0.0]","[45.0, 0.0, 0.0]","[2, 2]"
2025-10-20 11:00:20,Motion_Completed,"[-0.0, -45.0, 0.0]","[45.0, -0.0, -0.0]","[45.0, 0.0, 0.0]","[2, 2]"
2025-10-20 11:00:21,Motion_Completed,"[-0.0, -45.0, 0.0]","[45.0, -0.0, -0.0]","[45.0, 0.0, 0.0]","[2, 2]"
2025-10-20 11:00:21,Motion_Completed,"[-0.0, -45.0, 0.0]","[45.0, -0.0, -0.0]","[45.0, 0.0, 0.0]","[2, 2]"
2025-10-20 11:00:21,Motion_Completed,"[-0.0, -45.0, 0.0]","[45.0, -0.0, -0.0]","[45.0, 0.0, 0.0]","[2, 2]"
2025-10-20 11:00:21,Motion_Completed,"[-0.0, -45.0, 0.0]","[45.0, -0.0, -0.0]","[45.0, 0.0, 0.0]","[2, 2]"
2025-10-20 11:00:21,Motion_Completed,"[-0.0, -45.0, 0.0]","[45.0, -0.0, -0.0]","[45.0, 0.0, 0.0]","[2, 2]"
2025-10-20 11:00:21,Motion_Completed,"[-0.0, -45.0, 0.0]","[45.0, -0.0, -0.0]","[45.0, 0.0, 0.0]","[2, 2]"
2025-10-20 11:00:21,Motion_Completed,"[-0.0, -45.0, 0.0]","[45.0, -0.0, -0.0]","[45.0, 0.0, 0.0]","[2, 2]"
2025-10-20 11:00:21,Motion_Completed,"[-0.0, -45.0, 0.0]","[45.0, -0.0, -0.0]","[45.0, 0.0, 0.0]","[2, 2]"
2025-10-20 11:00:21,Motion_Completed,"[-0.0, -45.0, 0.0]","[45.0, -0.0, -0.0]","[45.0, 0.0, 0.0]","[2, 2]"
2025-10-20 11:00:21,Motion_Completed,"[-0.0, -45.0, 0.0]","[45.0, -0.0, -0.0]","[45.0, 0.0, 0.0]","[2, 2]"
2025-10-20 11:00:21,Motion_Completed,"[-0.0, -45.0, 0.0]","[45.0, -0.0, -0.0]","[45.0, 0.0, 0.0]","[2, 2]"
2025-10-20 11:00:21,Motion_Completed,"[-0.0, -45.0, 0.0]","[45.0, -0.0, -0.0]","[45.0, 0.0, 0.0]","[2, 2]"
2025-10-20 11:00:21,Motion_Completed,"[-0.0, -45.0, 0.0]","[45.0, -0.0, -0.0]","[45.0, 0.0, 0.0]","[2, 2]"
2025-10-20 11:00:21,Motion_Completed,"[-0.0, -45.0, 0.0]","[45.0, -0.0, -0.0]","[45.0, 0.0, 0.0]","[2, 2]"
2025-10-20 11:00:21,Motion_Completed,"[-0.0, -45.0, 0.0]","[45.0, -0.0, -0.0]","[45.0, 0.0, 0.0]","[2, 2]"
2025-10-20 11:00:21,Motion_Completed,"[-0.0, -45.0, 0.0]","[45.0, -0.0, -0.0]","[45.0, 0.0, 0.0]","[2, 2]"
2025-10-20 11:00:21,Motion_Completed,"[-0.0, -45.0, 0.0]","[45.0, -0.0, -0.0]","[45.0, 0.0, 0.0]","[2, 2]"
2025-10-20 11:00:21,Motion_Completed,"[-0.0, -45.0, 0.0]","[45.0, -0.0, -0.0]","[45.0, 0.0, 0.0]","[2, 2]"
2025-10-20 11:00:21,Motion_Completed,"[-0.0, -45.0, 0.0]","[45.0, -0.0, -0.0]","[45.0, 0.0, 0.0]","[2, 2]"
2025-10-20 11:00:21,Motion_Completed,"[-0.0, -45.0, 0.0]","[45.0, -0.0, -0.0]","[45.0, 0.0, 0.0]","[2, 2]"
2025-10-20 11:00:21,Motion_Completed,"[-0.0, -45.0, 0.0]","[45.0, -0.0, -0.0]","[45.0, 0.0, 0.0]","[2, 2]"
2025-10-20 11:00:21,Motion_Completed,"[-0.0, -45.0, 0.0]","[45.0, -0.0, -0.0]","[45.0, 0.0, 0.0]","[2, 2]"
2025-10-20 11:00:21,Motion_Completed,"[-0.0, -45.0, 0.0]","[45.0, -0.0, -0.0]","[45.0, 0.0, 0.0]","[2, 2]"
2025-10-20 11:00:21,Motion_Completed,"[-0.0, -45.0, 0.0]","[45.0, -0.0, -0.0]","[45.0, 0.0, 0.0]","[2, 2]"
2025-10-20 11:00:21,Motion_Completed,"[-0.0, -45.0, 0.0]","[45.0, -0.0, -0.0]","[45.0, 0.0, 0.0]","[2, 2]"
2025-10-20 11:00:22,Motion_Completed,"[-0.0, -45.0, 0.0]","[45.0, -0.0, -0.0]","[45.0, 0.0, 0.0]","[2, 2]"
2025-10-20 11:00:22,Motion_Completed,"[-0.0, -45.0, 0.0]","[45.0, -0.0, -0.0]","[45.0, 0.0, 0.0]","[2, 2]"
2025-10-20 11:00:22,Motion_Completed,"[-0.0, -45.0, 0.0]","[45.0, -0.0, -0.0]","[45.0, 0.0, 0.0]","[2, 2]"
2025-10-20 11:00:22,Motion_Completed,"[-0.0, -45.0, 0.0]","[45.0, -0.0, -0.0]","[45.0, 0.0, 0.0]","[2, 2]"
2025-10-20 11:00:22,Motion_Completed,"[-0.0, -45.0, 0.0]","[45.0, -0.0, -0.0]","[45.0, 0.0, 0.0]","[2, 2]"
2025-10-20 11:00:22,Motion_Completed,"[-0.0, -45.0, 0.0]","[45.0, -0.0, -0.0]","[45.0, 0.0, 0.0]","[2, 2]"
2025-10-20 11:00:22,Motion_Completed,"[-0.0, -45.0, 0.0]","[45.0, -0.0, -0.0]","[45.0, 0.0, 0.0]","[2, 2]"
2025-10-20 11:00:22,Motion_Completed,"[-0.0, -45.0, 0.0]","[45.0, -0.0, -0.0]","[45.0, 0.0, 0.0]","[2, 2]"
2025-10-20 11:00:22,Motion_Completed,"[-0.0, -45.0, 0.0]","[45.0, -0.0, -0.0]","[45.0, 0.0, 0.0]","[2, 2]"
2025-10-20 11:00:22,Motion_Completed,"[-0.0, -45.0, 0.0]","[45.0, -0.0, -0.0]","[45.0, 0.0, 0.0]","[2, 2]"
2025-10-20 11:00:22,Motion_Completed,"[-0.0, -45.0, 0.0]","[45.0, -0.0, -0.0]","[45.0, 0.0, 0.0]","[2, 2]"
2025-10-20 11:00:22,Motion_Completed,"[-0.0, -45.0, 0.0]","[45.0, -0.0, -0.0]","[45.0, 0.0, 0.0]","[2, 2]"
2025-10-20 11:00:22,Motion_Completed,"[-0.0, -45.0, 0.0]","[45.0, -0.0, -0.0]","[45.0, 0.0, 0.0]","[2, 2]"
2025-10-20 11:00:22,Motion_Completed,"[-0.0, -45.0, 0.0]","[45.0, -0.0, -0.0]","[45.0, 0.0, 0.0]","[2, 2]"
2025-10-20 11:00:22,Motion_Completed,"[-0.0, -45.0, 0.0]","[45.0, -0.0, -0.0]","[45.0, 0.0, 0.0]","[2, 2]"
2025-10-20 11:00:22,Motion_Completed,"[-0.0, -45.0, 0.0]","[45.0, -0.0, -0.0]","[45.0, 0.0, 0.0]","[2, 2]"
2025-10-20 11:00:22,Motion_Completed,"[-0.0, -45.0, 0.0]","[45.0, -0.0, -0.0]","[45.0, 0.0, 0.0]","[2, 2]"
2025-10-20 11:00:22,Motion_Completed,"[-0.0, -45.0, 0.0]","[45.0, -0.0, -0.0]","[45.0, 0.0, 0.0]","[2, 2]"
2025-10-20 11:00:22,Motion_Completed,"[-0.0, -45.0, 0.0]","[45.0, -0.0, -0.0]","[45.0, 0.0, 0.0]","[2, 2]"
2025-10-20 11:00:22,Motion_Completed,"[-0.0, -45.0, 0.0]","[45.0, -0.0, -0.0]","[45.0, 0.0, 0.0]","[2, 2]"
2025-10-20 11:00:22,Motion_Completed,"[-0.0, -45.0, 0.0]","[45.0, -0.0, -0.0]","[45.0, 0.0, 0.0]","[2, 2]"
2025-10-20 11:00:22,Motion_Completed,"[-0.0, -45.0, 0.0]","[45.0, -0.0, -0.0]","[45.0, 0.0, 0.0]","[2, 2]"
2025-10-20 11:00:22,Motion_Completed,"[-0.0, -45.0, 0.0]","[45.0, -0.0, -0.0]","[45.0, 0.0, 0.0]","[2, 2]"
2025-10-20 11:00:22,Motion_Completed,"[-0.0, -45.0, 0.0]","[45.0, -0.0, -0.0]","[45.0, 0.0, 0.0]","[2, 2]"
2025-10-20 11:00:22,Motion_Completed,"[-0.0, -45.0, 0.0]","[45.0, -0.0, -0.0]","[45.0, 0.0, 0.0]","[2, 2]"
2025-10-20 11:00:23,Motion_Completed,"[-0.0, -45.0, 0.0]","[45.0, -0.0, -0.0]","[45.0, 0.0, 0.0]","[2, 2]"
2025-10-20 11:00:23,Motion_Completed,"[-0.0, -45.0, 0.0]","[45.0, -0.0, -0.0]","[45.0, 0.0, 0.0]","[2, 2]"
2025-10-20 11:00:23,Motion_Completed,"[-0.0, -45.0, 0.0]","[45.0, -0.0, -0.0]","[45.0, 0.0, 0.0]","[2, 2]"
2025-10-20 11:00:23,Motion_Completed,"[-0.0, -45.0, 0.0]","[45.0, -0.0, -0.0]","[45.0, 0.0, 0.0]","[2, 2]"
2025-10-20 11:00:23,Motion_Completed,"[-0.0, -45.0, 0.0]","[45.0, -0.0, -0.0]","[45.0, 0.0, 0.0]","[2, 2]"
2025-10-20 11:00:23,Motion_Completed,"[-0.0, -45.0, 0.0]","[45.0, -0.0, -0.0]","[45.0, 0.0, 0.0]","[2, 2]"
2025-10-20 11:00:23,Motion_Completed,"[-0.0, -45.0, 0.0]","[45.0, -0.0, -0.0]","[45.0, 0.0, 0.0]","[2, 2]"
2025-10-20 11:00:23,Motion_Completed,"[-0.0, -45.0, 0.0]","[45.0, -0.0, -0.0]","[45.0, 0.0, 0.0]","[2, 2]"
2025-10-20 11:00:23,Motion_Completed,"[-0.0, -45.0, 0.0]","[45.0, -0.0, -0.0]","[45.0, 0.0, 0.0]","[2, 2]"
2025-10-20 11:00:23,Motion_Completed,"[-0.0, -45.0, 0.0]","[45.0, -0.0, -0.0]","[45.0, 0.0, 0.0]","[2, 2]"
2025-10-20 11:00:23,Motion_Completed,"[-0.0, -45.0, 0.0]","[45.0, -0.0, -0.0]","[45.0, 0.0, 0.0]","[2, 2]"
2025-10-20 11:00:23,Motion_Completed,"[-0.0, -45.0, 0.0]","[45.0, -0.0, -0.0]","[45.0, 0.0, 0.0]","[2, 2]"
2025-10-20 11:00:23,Motion_Completed,"[-0.0, -45.0, 0.0]","[45.0, -0.0, -0.0]","[45.0, 0.0, 0.0]","[2, 2]"
2025-10-20 11:00:23,Motion_Completed,"[-0.0, -45.0, 0.0]","[45.0, -0.0, -0.0]","[45.0, 0.0, 0.0]","[2, 2]"
2025-10-20 11:00:23,Motion_Completed,"[-0.0, -45.0, 0.0]","[45.0, -0.0, -0.0]","[45.0, 0.0, 0.0]","[2, 2]"
2025-10-20 11:00:23,Motion_Completed,"[-0.0, -45.0, 0.0]","[45.0, -0.0, -0.0]","[45.0, 0.0, 0.0]","[2, 2]"
2025-10-20 11:00:23,Motion_Completed,"[-0.0, -45.0, 0.0]","[45.0, -0.0, -0.0]","[45.0, 0.0, 0.0]","[2, 2]"
2025-10-20 11:00:23,Motion_Completed,"[-0.0, -45.0, 0.0]","[45.0, -0.0, -0.0]","[45.0, 0.0, 0.0]","[2, 2]"
2025-10-20 11:00:23,Motion_Completed,"[-0.0, -45.0, 0.0]","[45.0, -0.0, -0.0]","[45.0, 0.0, 0.0]","[2, 2]"
2025-10-20 11:00:23,Motion_Completed,"[-0.0, -45.0, 0.0]","[45.0, -0.0, -0.0]","[45.0, 0.0, 0.0]","[2, 2]"
2025-10-20 11:00:23,Motion_Completed,"[-0.0, -45.0, 0.0]","[45.0, -0.0, -0.0]","[45.0, 0.0, 0.0]","[2, 2]"
2025-10-20 11:00:23,Motion_Completed,"[-0.0, -45.0, 0.0]","[45.0, -0.0, -0.0]","[45.0, 0.0, 0.0]","[2, 2]"
2025-10-20 11:00:23,Motion_Completed,"[-0.0, -45.0, 0.0]","[45.0, -0.0, -0.0]","[45.0, 0.0, 0.0]","[2, 2]"
2025-10-20 11:00:23,Motion_Completed,"[-0.0, -45.0, 0.0]","[45.0, -0.0, -0.0]","[45.0, 0.0, 0.0]","[2, 2]"
2025-10-20 11:00:23,Motion_Completed,"[-0.0, -45.0, 0.0]","[45.0, -0.0, -0.0]","[45.0, 0.0, 0.0]","[2, 2]"
2025-10-20 11:00:24,Motion_Completed,"[-0.0, -45.0, 0.0]","[45.0, -0.0, -0.0]","[45.0, 0.0, 0.0]","[2, 2]"
2025-10-20 11:00:24,Motion_Completed,"[-0.0, -45.0, 0.0]","[45.0, -0.0, -0.0]","[45.0, 0.0, 0.0]","[2, 2]"
2025-10-20 11:00:24,Motion_Completed,"[-0.0, -45.0, 0.0]","[45.0, -0.0, -0.0]","[45.0, 0.0, 0.0]","[2, 2]"
2025-10-20 11:00:24,Motion_Completed,"[-0.0, -45.0, 0.0]","[45.0, -0.0, -0.0]","[45.0, 0.0, 0.0]","[2, 2]"
2025-10-20 11:00:24,Motion_Completed,"[-0.0, -45.0, 0.0]","[45.0, -0.0, -0.0]","[45.0, 0.0, 0.0]","[2, 2]"
2025-10-20 11:00:24,Motion_Completed,"[-0.0, -45.0, 0.0]","[45.0, -0.0, -0.0]","[45.0, 0.0, 0.0]","[2, 2]"
2025-10-20 11:00:24,Motion_Completed,"[-0.0, -45.0, 0.0]","[45.0, -0.0, -0.0]","[45.0, 0.0, 0.0]","[2, 2]"
2025-10-20 11:00:24,Motion_Completed,"[-0.0, -45.0, 0.0]","[45.0, -0.0, -0.0]","[45.0, 0.0, 0.0]","[2, 2]"
2025-10-20 11:00:24,Motion_Completed,"[-0.0, -45.0, 0.0]","[45.0, -0.0, -0.0]","[45.0, 0.0, 0.0]","[2, 2]"
2025-10-20 11:00:24,Motion_Completed,"[-0.0, -45.0, 0.0]","[45.0, -0.0, -0.0]","[45.0, 0.0, 0.0]","[2, 2]"
2025-10-20 11:00:24,Motion_Completed,"[-0.0, -45.0, 0.0]","[45.0, -0.0, -0.0]","[45.0, 0.0, 0.0]","[2, 2]"
2025-10-20 11:00:24,Motion_Completed,"[-0.0, -45.0, 0.0]","[45.0, -0.0, -0.0]","[45.0, 0.0, 0.0]","[2, 2]"
2025-10-20 11:00:24,Motion_Completed,"[-0.0, -45.0, 0.0]","[45.0, -0.0, -0.0]","[45.0, 0.0, 0.0]","[2, 2]"
2025-10-20 11:00:24,Motion_Completed,"[-0.0, -45.0, 0.0]","[45.0, -0.0, -0.0]","[45.0, 0.0, 0.0]","[2, 2]"
2025-10-20 11:00:24,Motion_Completed,"[-0.0, -45.0, 0.0]","[45.0, -0.0, -0.0]","[45.0, 0.0, 0.0]","[2, 2]"
2025-10-20 11:00:24,Motion_Completed,"[-0.0, -45.0, 0.0]","[45.0, -0.0, -0.0]","[45.0, 0.0, 0.0]","[2, 2]"
2025-10-20 11:00:24,Motion_Completed,"[-0.0, -45.0, 0.0]","[45.0, -0.0, -0.0]","[45.0, 0.0, 0.0]","[2, 2]"
2025-10-20 11:00:24,Motion_Completed,"[-0.0, -45.0, 0.0]","[45.0, -0.0, -0.0]","[45.0, 0.0, 0.0]","[2, 2]"
2025-10-20 11:00:24,Motion_Completed,"[-0.0, -45.0, 0.0]","[45.0, -0.0, -0.0]","[45.0, 0.0, 0.0]","[2, 2]"
2025-10-20 11:00:24,Motion_Completed,"[-0.0, -45.0, 0.0]","[45.0, -0.0, -0.0]","[45.0, 0.0, 0.0]","[2, 2]"
2025-10-20 11:00:24,Motion_Completed,"[-0.0, -45.0, 0.0]","[45.0, -0.0, -0.0]","[45.0, 0.0, 0.0]","[2, 2]"
2025-10-20 11:00:24,Motion_Completed,"[-0.0, -45.0, 0.0]","[45.0, -0.0, -0.0]","[45.0, 0.0, 0.0]","[2, 2]"
2025-10-20 11:00:24,Motion_Completed,"[-0.0, -45.0, 0.0]","[45.0, -0.0, -0.0]","[45.0, 0.0, 0.0]","[2, 2]"
2025-10-20 11:00:24,Motion_Completed,"[-0.0, -45.0, 0.0]","[45.0, -0.0, -0.0]","[45.0, 0.0, 0.0]","[2, 2]"
2025-10-20 11:00:24,Motion_Completed,"[-0.0, -45.0, 0.0]","[45.0, -0.0, -0.0]","[45.0, 0.0, 0.0]","[2, 2]"
2025-10-20 11:00:25,Motion_Completed,"[-0.0, -45.0, 0.0]","[45.0, -0.0, -0.0]","[45.0, 0.0, 0.0]","[2, 2]"
2025-10-20 11:00:25,Motion_Completed,"[-0.0, -45.0, 0.0]","[45.0, -0.0, -0.0]","[45.0, 0.0, 0.0]","[2, 2]"
2025-10-20 11:00:25,Motion_Completed,"[-0.0, -45.0, 0.0]","[45.0, -0.0, -0.0]","[45.0, 0.0, 0.0]","[2, 2]"
2025-10-20 11:00:25,Motion_Completed,"[-0.0, -45.0, 0.0]","[45.0, -0.0, -0.0]","[45.0, 0.0, 0.0]","[2, 2]"
2025-10-20 11:00:25,Motion_Completed,"[-0.0, -45.0, 0.0]","[45.0, -0.0, -0.0]","[45.0, 0.0, 0.0]","[2, 2]"
2025-10-20 11:00:25,Motion_Completed,"[-0.0, -45.0, 0.0]","[45.0, -0.0, -0.0]","[45.0, 0.0, 0.0]","[2, 2]"
2025-10-20 11:00:25,Motion_Completed,"[-0.0, -45.0, 0.0]","[45.0, -0.0, -0.0]","[45.0, 0.0, 0.0]","[2, 2]"
2025-10-20 11:00:25,Motion_Completed,"[-0.0, -45.0, 0.0]","[45.0, -0.0, -0.0]","[45.0, 0.0, 0.0]","[2, 2]"
2025-10-20 11:00:25,Motion_Completed,"[-0.0, -45.0, 0.0]","[45.0, -0.0, -0.0]","[45.0, 0.0, 0.0]","[2, 2]"
2025-10-20 11:00:25,Motion_Completed,"[-0.0, -45.0, 0.0]","[45.0, -0.0, -0.0]","[45.0, 0.0, 0.0]","[2, 2]"
2025-10-20 11:00:25,Motion_Completed,"[-0.0, -45.0, 0.0]","[45.0, -0.0, -0.0]","[45.0, 0.0, 0.0]","[2, 2]"
2025-10-20 11:00:25,Motion_Completed,"[-0.0, -45.0, 0.0]","[45.0, -0.0, -0.0]","[45.0, 0.0, 0.0]","[2, 2]"
2025-10-20 11:00:25,Motion_Completed,"[-0.0, -45.0, 0.0]","[45.0, -0.0, -0.0]","[45.0, 0.0, 0.0]","[2, 2]"
2025-10-20 11:00:25,Motion_Completed,"[-0.0, -45.0, 0.0]","[45.0, -0.0, -0.0]","[45.0, 0.0, 0.0]","[2, 2]"
2025-10-20 11:00:25,Motion_Completed,"[-0.0, -45.0, 0.0]","[45.0, -0.0, -0.0]","[45.0, 0.0, 0.0]","[2, 2]"
2025-10-20 11:00:25,Motion_Completed,"[-0.0, -45.0, 0.0]","[45.0, -0.0, -0.0]","[45.0, 0.0, 0.0]","[2, 2]"
2025-10-20 11:00:25,Motion_Completed,"[-0.0, -45.0, 0.0]","[45.0, -0.0, -0.0]","[45.0, 0.0, 0.0]","[2, 2]"
2025-10-20 11:00:25,Motion_Completed,"[-0.0, -45.0, 0.0]","[45.0, -0.0, -0.0]","[45.0, 0.0, 0.0]","[2, 2]"
2025-10-20 11:00:25,Motion_Completed,"[-0.0, -45.0, 0.0]","[45.0, -0.0, -0.0]","[45.0, 0.0, 0.0]","[2, 2]"
2025-10-20 11:00:25,Motion_Completed,"[-0.0, -45.0, 0.0]","[45.0, -0.0, -0.0]","[45.0, 0.0, 0.0]","[2, 2]"
2025-10-20 11:00:25,Motion_Completed,"[-0.0, -45.0, 0.0]","[45.0, -0.0, -0.0]","[45.0, 0.0, 0.0]","[2, 2]"
2025-10-20 11:00:25,Motion_Completed,"[-0.0, -45.0, 0.0]","[45.0, -0.0, -0.0]","[45.0, 0.0, 0.0]","[2, 2]"
2025-10-20 11:00:25,Motion_Completed,"[-0.0, -45.0, 0.0]","[45.0, -0.0, -0.0]","[45.0, 0.0, 0.0]","[2, 2]"
2025-10-20 11:00:25,Motion_Completed,"[-0.0, -45.0, 0.0]","[45.0, -0.0, -0.0]","[45.0, 0.0, 0.0]","[2, 2]"
2025-10-20 11:00:25,Motion_Completed,"[-0.0, -45.0, 0.0]","[45.0, -0.0, -0.0]","[45.0, 0.0, 0.0]","[2, 2]"
2025-10-20 11:00:26,Motion_Completed,"[-0.0, -45.0, 0.0]","[45.0, -0.0, -0.0]","[45.0, 0.0, 0.0]","[2, 2]"
2025-10-20 11:00:26,Motion_Completed,"[-0.0, -45.0, 0.0]","[45.0, -0.0, -0.0]","[45.0, 0.0, 0.0]","[2, 2]"
2025-10-20 11:00:26,Motion_Completed,"[-0.0, -45.0, 0.0]","[45.0, -0.0, -0.0]","[45.0, 0.0, 0.0]","[2, 2]"
2025-10-20 11:00:26,Motion_Completed,"[-0.0, -45.0, 0.0]","[45.0, -0.0, -0.0]","[45.0, 0.0, 0.0]","[2, 2]"
2025-10-20 11:00:26,Motion_Completed,"[-0.0, -45.0, 0.0]","[45.0, -0.0, -0.0]","[45.0, 0.0, 0.0]","[2, 2]"
2025-10-20 11:00:26,Motion_Completed,"[-0.0, -45.0, 0.0]","[45.0, -0.0, -0.0]","[45.0, 0.0, 0.0]","[2, 2]"
2025-10-20 11:00:26,Motion_Completed,"[-0.0, -45.0, 0.0]","[45.0, -0.0, -0.0]","[45.0, 0.0, 0.0]","[2, 2]"
2025-10-20 11:00:26,Motion_Completed,"[-0.0, -45.0, 0.0]","[45.0, -0.0, -0.0]","[45.0, 0.0, 0.0]","[2, 2]"
2025-10-20 11:00:26,Motion_Completed,"[-0.0, -45.0, 0.0]","[45.0, -0.0, -0.0]","[45.0, 0.0, 0.0]","[2, 2]"
2025-10-20 11:00:26,Motion_Completed,"[-0.0, -45.0, 0.0]","[45.0, -0.0, -0.0]","[45.0, 0.0, 0.0]","[2, 2]"
2025-10-20 11:00:26,Motion_Completed,"[-0.0, -45.0, 0.0]","[45.0, -0.0, -0.0]","[45.0, 0.0, 0.0]","[2, 2]"
2025-10-20 11:00:26,Motion_Completed,"[-0.0, -45.0, 0.0]","[45.0, -0.0, -0.0]","[45.0, 0.0, 0.0]","[2, 2]"
2025-10-20 11:00:26,Motion_Completed,"[-0.0, -45.0, 0.0]","[45.0, -0.0, -0.0]","[45.0, 0.0, 0.0]","[2, 2]"
2025-10-20 11:00:26,Motion_Completed,"[-0.0, -45.0, 0.0]","[45.0, -0.0, -0.0]","[45.0, 0.0, 0.0]","[2, 2]"
2025-10-20 11:00:26,Motion_Completed,"[-0.0, -45.0, 0.0]","[45.0, -0.0, -0.0]","[45.0, 0.0, 0.0]","[2, 2]"
2025-10-20 11:00:26,Motion_Completed,"[-0.0, -45.0, 0.0]","[45.0, -0.0, -0.0]","[45.0, 0.0, 0.0]","[2, 2]"
2025-10-20 11:00:26,Motion_Completed,"[-0.0, -45.0, 0.0]","[45.0, -0.0, -0.0]","[45.0, 0.0, 0.0]","[2, 2]"
2025-10-20 11:00:26,Motion_Completed,"[-0.0, -45.0, 0.0]","[45.0, -0.0, -0.0]","[45.0, 0.0, 0.0]","[2, 2]"
2025-10-20 11:00:26,Motion_Completed,"[-0.0, -45.0, 0.0]","[45.0, -0.0, -0.0]","[45.0, 0.0, 0.0]","[2, 2]"
2025-10-20 11:00:26,Motion_Completed,"[-0.0, -45.0, 0.0]","[45.0, -0.0, -0.0]","[45.0, 0.0, 0.0]","[2, 2]"
2025-10-20 11:00:26,Motion_Completed,"[-0.0, -45.0, 0.0]","[45.0, -0.0, -0.0]","[45.0, 0.0, 0.0]","[2, 2]"
2025-10-20 11:00:26,Motion_Completed,"[-0.0, -45.0, 0.0]","[45.0, -0.0, -0.0]","[45.0, 0.0, 0.0]","[2, 2]"
2025-10-20 11:00:26,Motion_Completed,"[-0.0, -45.0, 0.0]","[45.0, -0.0, -0.0]","[45.0, 0.0, 0.0]","[2, 2]"
2025-10-20 11:00:26,Motion_Completed,"[-0.0, -45.0, 0.0]","[45.0, -0.0, -0.0]","[45.0, 0.0, 0.0]","[2, 2]"
2025-10-20 11:00:26,Motion_Completed,"[-0.0, -45.0, 0.0]","[45.0, -0.0, -0.0]","[45.0, 0.0, 0.0]","[2, 2]"
2025-10-20 11:00:27,Motion_Completed,"[-0.0, -45.0, 0.0]","[45.0, -0.0, -0.0]","[45.0, 0.0, 0.0]","[2, 2]"
2025-10-20 11:00:27,Motion_Completed,"[-0.0, -45.0, 0.0]","[45.0, -0.0, -0.0]","[45.0, 0.0, 0.0]","[2, 2]"
2025-10-20 11:00:27,Motion_Completed,"[-0.0, -45.0, 0.0]","[45.0, -0.0, -0.0]","[45.0, 0.0, 0.0]","[2, 2]"
2025-10-20 11:00:27,Motion_Completed,"[-0.0, -45.0, 0.0]","[45.0, -0.0, -0.0]","[45.0, 0.0, 0.0]","[2, 2]"
2025-10-20 11:00:27,Motion_Completed,"[-0.0, -45.0, 0.0]","[45.0, -0.0, -0.0]","[45.0, 0.0, 0.0]","[2, 2]"
2025-10-20 11:00:27,Motion_Completed,"[-0.0, -45.0, 0.0]","[45.0, -0.0, -0.0]","[45.0, 0.0, 0.0]","[2, 2]"
2025-10-20 11:00:27,Motion_Completed,"[-0.0, -45.0, 0.0]","[45.0, -0.0, -0.0]","[45.0, 0.0, 0.0]","[2, 2]"
2025-10-20 11:00:27,Motion_Completed,"[-0.0, -45.0, 0.0]","[45.0, -0.0, -0.0]","[45.0, 0.0, 0.0]","[2, 2]"
2025-10-20 11:00:27,Motion_Completed,"[-0.0, -45.0, 0.0]","[45.0, -0.0, -0.0]","[45.0, 0.0, 0.0]","[2, 2]"
2025-10-20 11:00:27,Motion_Completed,"[-0.0, -45.0, 0.0]","[45.0, -0.0, -0.0]","[45.0, 0.0, 0.0]","[2, 2]"
2025-10-20 11:00:27,Motion_Completed,"[-0.0, -45.0, 0.0]","[45.0, -0.0, -0.0]","[45.0, 0.0, 0.0]","[2, 2]"
2025-10-20 11:00:27,Motion_Completed,"[-0.0, -45.0, 0.0]","[45.0, -0.0, -0.0]","[45.0, 0.0, 0.0]","[2, 2]"
2025-10-20 11:00:27,Motion_Completed,"[-0.0, -45.0, 0.0]","[45.0, -0.0, -0.0]","[45.0, 0.0, 0.0]","[2, 2]"
2025-10-20 11:00:27,Motion_Completed,"[-0.0, -45.0, 0.0]","[45.0, -0.0, -0.0]","[45.0, 0.0, 0.0]","[2, 2]"
2025-10-20 11:00:27,Motion_Completed,"[-0.0, -45.0, 0.0]","[45.0, -0.0, -0.0]","[45.0, 0.0, 0.0]","[2, 2]"
2025-10-20 11:00:27,Motion_Completed,"[-0.0, -45.0, 0.0]","[45.0, -0.0, -0.0]","[45.0, 0.0, 0.0]","[2, 2]"
2025-10-20 11:00:27,Motion_Completed,"[-0.0, -45.0, 0.0]","[45.0, -0.0, -0.0]","[45.0, 0.0, 0.0]","[2, 2]"
2025-10-20 11:00:27,Motion_Completed,"[-0.0, -45.0, 0.0]","[45.0, -0.0, -0.0]","[45.0, 0.0, 0.0]","[2, 2]"
2025-10-20 11:00:27,Motion_Completed,"[-0.0, -45.0, 0.0]","[45.0, -0.0, -0.0]","[45.0, 0.0, 0.0]","[2, 2]"
2025-10-20 11:00:27,Motion_Completed,"[-0.0, -45.0, 0.0]","[45.0, -0.0, -0.0]","[45.0, 0.0, 0.0]","[2, 2]"
2025-10-20 11:00:27,Motion_Completed,"[-0.0, -45.0, 0.0]","[45.0, -0.0, -0.0]","[45.0, 0.0, 0.0]","[2, 2]"
2025-10-20 11:00:27,Motion_Completed,"[-0.0, -45.0, 0.0]","[45.0, -0.0, -0.0]","[45.0, 0.0, 0.0]","[2, 2]"
2025-10-20 11:00:27,Motion_Completed,"[-0.0, -45.0, 0.0]","[45.0, -0.0, -0.0]","[45.0, 0.0, 0.0]","[2, 2]"
2025-10-20 11:00:27,Motion_Completed,"[-0.0, -45.0, 0.0]","[45.0, -0.0, -0.0]","[45.0, 0.0, 0.0]","[2, 2]"
2025-10-20 11:00:27,Motion_Completed,"[-0.0, -45.0, 0.0]","[45.0, -0.0, -0.0]","[45.0, 0.0, 0.0]","[2, 2]"
2025-10-20 11:00:28,Motion_Completed,"[-0.0, -45.0, 0.0]","[45.0, -0.0, -0.0]","[45.0, 0.0, 0.0]","[2, 2]"
2025-10-20 11:00:28,Motion_Completed,"[-0.0, -45.0, 0.0]","[45.0, -0.0, -0.0]","[45.0, 0.0, 0.0]","[2, 2]"
2025-10-20 11:00:28,Motion_Completed,"[-0.0, -45.0, 0.0]","[45.0, -0.0, -0.0]","[45.0, 0.0, 0.0]","[2, 2]"
2025-10-20 11:00:28,Motion_Completed,"[-0.0, -45.0, 0.0]","[45.0, -0.0, -0.0]","[45.0, 0.0, 0.0]","[2, 2]"
2025-10-20 11:00:28,Motion_Completed,"[-0.0, -45.0, 0.0]","[45.0, -0.0, -0.0]","[45.0, 0.0, 0.0]","[2, 2]"
2025-10-20 11:00:28,Motion_Completed,"[-0.0, -45.0, 0.0]","[45.0, -0.0, -0.0]","[45.0, 0.0, 0.0]","[2, 2]"
2025-10-20 11:00:28,Motion_Completed,"[-0.0, -45.0, 0.0]","[45.0, -0.0, -0.0]","[45.0, 0.0, 0.0]","[2, 2]"
2025-10-20 11:00:28,Motion_Completed,"[-0.0, -45.0, 0.0]","[45.0, -0.0, -0.0]","[45.0, 0.0, 0.0]","[2, 2]"
2025-10-20 11:00:28,Motion_Completed,"[-0.0, -45.0, 0.0]","[45.0, -0.0, -0.0]","[45.0, 0.0, 0.0]","[2, 2]"
2025-10-20 11:00:28,Motion_Completed,"[-0.0, -45.0, 0.0]","[45.0, -0.0, -0.0]","[45.0, 0.0, 0.0]","[2, 2]"
2025-10-20 11:00:28,Motion_Completed,"[-0.0, -45.0, 0.0]","[45.0, -0.0, -0.0]","[45.0, 0.0, 0.0]","[2, 2]"
2025-10-20 11:00:28,Motion_Completed,"[-0.0, -45.0, 0.0]","[45.0, -0.0, -0.0]","[45.0, 0.0, 0.0]","[2, 2]"
2025-10-20 11:00:28,Motion_Completed,"[-0.0, -45.0, 0.0]","[45.0, -0.0, -0.0]","[45.0, 0.0, 0.0]","[2, 2]"
2025-10-20 11:00:28,Motion_Completed,"[-0.0, -45.0, 0.0]","[45.0, -0.0, -0.0]","[45.0, 0.0, 0.0]","[2, 2]"
2025-10-20 11:00:28,Motion_Completed,"[-0.0, -45.0, 0.0]","[45.0, -0.0, -0.0]","[45.0, 0.0, 0.0]","[2, 2]"
2025-10-20 11:00:28,Motion_Completed,"[-0.0, -45.0, 0.0]","[45.0, -0.0, -0.0]","[45.0, 0.0, 0.0]","[2, 2]"
2025-10-20 11:00:28,Motion_Completed,"[-0.0, -45.0, 0.0]","[45.0, -0.0, -0.0]","[45.0, 0.0, 0.0]","[2, 2]"
2025-10-20 11:00:28,Motion_Completed,"[-0.0, -45.0, 0.0]","[45.0, -0.0, -0.0]","[45.0, 0.0, 0.0]","[2, 2]"
2025-10-20 11:00:28,Motion_Completed,"[-0.0, -45.0, 0.0]","[45.0, -0.0, -0.0]","[45.0, 0.0, 0.0]","[2, 2]"
2025-10-20 11:00:28,Motion_Completed,"[-0.0, -45.0, 0.0]","[45.0, -0.0, -0.0]","[45.0, 0.0, 0.0]","[2, 2]"
2025-10-20 11:00:28,Motion_Completed,"[-0.0, -45.0, 0.0]","[45.0, -0.0, -0.0]","[45.0, 0.0, 0.0]","[2, 2]"
2025-10-20 11:00:28,Motion_Completed,"[-0.0, -45.0, 0.0]","[45.0, -0.0, -0.0]","[45.0, 0.0, 0.0]","[2, 2]"
2025-10-20 11:00:28,Motion_Completed,"[-0.0, -45.0, 0.0]","[45.0, -0.0, -0.0]","[45.0, 0.0, 0.0]","[2, 2]"
2025-10-20 11:00:28,Motion_Completed,"[-0.0, -45.0, 0.0]","[45.0, -0.0, -0.0]","[45.0, 0.0, 0.0]","[2, 2]"
2025-10-20 11:00:28,Motion_Completed,"[-0.0, -45.0, 0.0]","[45.0, -0.0, -0.0]","[45.0, 0.0, 0.0]","[2, 2]"
2025-10-20 11:00:29,Motion_Completed,"[-0.0, -45.0, 0.0]","[45.0, -0.0, -0.0]","[45.0, 0.0, 0.0]","[2, 2]"
2025-10-20 11:00:29,Motion_Completed,"[-0.0, -45.0, 0.0]","[45.0, -0.0, -0.0]","[45.0, 0.0, 0.0]","[2, 2]"
2025-10-20 11:00:29,Motion_Completed,"[-0.0, -45.0, 0.0]","[45.0, -0.0, -0.0]","[45.0, 0.0, 0.0]","[2, 2]"
2025-10-20 11:00:29,Motion_Completed,"[-0.0, -45.0, 0.0]","[45.0, -0.0, -0.0]","[45.0, 0.0, 0.0]","[2, 2]"
2025-10-20 11:00:29,Motion_Completed,"[-0.0, -45.0, 0.0]","[45.0, -0.0, -0.0]","[45.0, 0.0, 0.0]","[2, 2]"
2025-10-20 11:00:29,Motion_Completed,"[-0.0, -45.0, 0.0]","[45.0, -0.0, -0.0]","[45.0, 0.0, 0.0]","[2, 2]"
2025-10-20 11:00:29,Motion_Completed,"[-0.0, -45.0, 0.0]","[45.0, -0.0, -0.0]","[45.0, 0.0, 0.0]","[2, 2]"
2025-10-20 11:00:29,Motion_Completed,"[-0.0, -45.0, 0.0]","[45.0, -0.0, -0.0]","[45.0, 0.0, 0.0]","[2, 2]"
2025-10-20 11:00:29,Motion_Completed,"[-0.0, -45.0, 0.0]","[45.0, -0.0, -0.0]","[45.0, 0.0, 0.0]","[2, 2]"
2025-10-20 11:00:29,Motion_Completed,"[-0.0, -45.0, 0.0]","[45.0, -0.0, -0.0]","[45.0, 0.0, 0.0]","[2, 2]"
2025-10-20 11:00:29,Motion_Completed,"[-0.0, -45.0, 0.0]","[45.0, -0.0, -0.0]","[45.0, 0.0, 0.0]","[2, 2]"
2025-10-20 11:00:29,Motion_Completed,"[-0.0, -45.0, 0.0]","[45.0, -0.0, -0.0]","[45.0, 0.0, 0.0]","[2, 2]"
2025-10-20 11:00:29,Motion_Completed,"[-0.0, -45.0, 0.0]","[45.0, -0.0, -0.0]","[45.0, 0.0, 0.0]","[2, 2]"
2025-10-20 11:00:29,Motion_Completed,"[-0.0, -45.0, 0.0]","[45.0, -0.0, -0.0]","[45.0, 0.0, 0.0]","[2, 2]"
2025-10-20 11:00:29,Motion_Completed,"[-0.0, -45.0, 0.0]","[45.0, -0.0, -0.0]","[45.0, 0.0, 0.0]","[2, 2]"
2025-10-20 11:00:29,Motion_Completed,"[-0.0, -45.0, 0.0]","[45.0, -0.0, -0.0]","[45.0, 0.0, 0.0]","[2, 2]"
2025-10-20 11:00:29,Motion_Completed,"[-0.0, -45.0, 0.0]","[45.0, -0.0, -0.0]","[45.0, 0.0, 0.0]","[2, 2]"
2025-10-20 11:00:29,Motion_Completed,"[-0.0, -45.0, 0.0]","[45.0, -0.0, -0.0]","[45.0, 0.0, 0.0]","[2, 2]"
2025-10-20 11:00:29,Motion_Completed,"[-0.0, -45.0, 0.0]","[45.0, -0.0, -0.0]","[45.0, 0.0, 0.0]","[2, 2]"
2025-10-20 11:00:29,Motion_Completed,"[-0.0, -45.0, 0.0]","[45.0, -0.0, -0.0]","[45.0, 0.0, 0.0]","[2, 2]"
2025-10-20 11:00:29,Motion_Completed,"[-0.0, -45.0, 0.0]","[45.0, -0.0, -0.0]","[45.0, 0.0, 0.0]","[2, 2]"
2025-10-20 11:00:29,Motion_Completed,"[-0.0, -45.0, 0.0]","[45.0, -0.0, -0.0]","[45.0, 0.0, 0.0]","[2, 2]"
2025-10-20 11:00:29,Motion_Completed,"[-0.0, -45.0, 0.0]","[45.0, -0.0, -0.0]","[45.0, 0.0, 0.0]","[2, 2]"
2025-10-20 11:00:29,Motion_Completed,"[-0.0, -45.0, 0.0]","[45.0, -0.0, -0.0]","[45.0, 0.0, 0.0]","[2, 2]"
2025-10-20 11:00:29,Motion_Completed,"[-0.0, -45.0, 0.0]","[45.0, -0.0, -0.0]","[45.0, 0.0, 0.0]","[2, 2]"
2025-10-20 11:00:30,Motion_Completed,"[-0.0, -45.0, 0.0]","[45.0, -0.0, -0.0]","[45.0, 0.0, 0.0]","[2, 2]"
2025-10-20 11:00:30,Motion_Completed,"[-0.0, -45.0, 0.0]","[45.0, -0.0, -0.0]","[45.0, 0.0, 0.0]","[2, 2]"
2025-10-20 11:00:30,Motion_Completed,"[-0.0, -45.0, 0.0]","[45.0, -0.0, -0.0]","[45.0, 0.0, 0.0]","[2, 2]"
2025-10-20 11:00:30,Motion_Completed,"[-0.0, -45.0, 0.0]","[45.0, -0.0, -0.0]","[45.0, 0.0, 0.0]","[2, 2]"
2025-10-20 11:00:30,Motion_Completed,"[-0.0, -45.0, 0.0]","[45.0, -0.0, -0.0]","[45.0, 0.0, 0.0]","[2, 2]"
2025-10-20 11:00:30,Motion_Completed,"[-0.0, -45.0, 0.0]","[45.0, -0.0, -0.0]","[45.0, 0.0, 0.0]","[2, 2]"
2025-10-20 11:00:30,Motion_Completed,"[-0.0, -45.0, 0.0]","[45.0, -0.0, -0.0]","[45.0, 0.0, 0.0]","[2, 2]"
2025-10-20 11:00:30,Motion_Completed,"[-0.0, -45.0, 0.0]","[45.0, -0.0, -0.0]","[45.0, 0.0, 0.0]","[2, 2]"
2025-10-20 11:00:30,Motion_Completed,"[-0.0, -45.0, 0.0]","[45.0, -0.0, -0.0]","[45.0, 0.0, 0.0]","[2, 2]"
2025-10-20 11:00:30,Motion_Completed,"[-0.0, -45.0, 0.0]","[45.0, -0.0, -0.0]","[45.0, 0.0, 0.0]","[2, 2]"
2025-10-20 11:00:30,Motion_Completed,"[-0.0, -45.0, 0.0]","[45.0, -0.0, -0.0]","[45.0, 0.0, 0.0]","[2, 2]"
2025-10-20 11:00:30,Motion_Completed,"[-0.0, -45.0, 0.0]","[45.0, -0.0, -0.0]","[45.0, 0.0, 0.0]","[2, 2]"
2025-10-20 11:00:30,Motion_Completed,"[-0.0, -45.0, 0.0]","[45.0, -0.0, -0.0]","[45.0, 0.0, 0.0]","[2, 2]"
2025-10-20 11:00:30,Motion_Completed,"[-0.0, -45.0, 0.0]","[45.0, -0.0, -0.0]","[45.0, 0.0, 0.0]","[2, 2]"
2025-10-20 11:00:30,Motion_Completed,"[-0.0, -45.0, 0.0]","[45.0, -0.0, -0.0]","[45.0, 0.0, 0.0]","[2, 2]"
2025-10-20 11:00:30,Motion_Completed,"[-0.0, -45.0, 0.0]","[45.0, -0.0, -0.0]","[45.0, 0.0, 0.0]","[2, 2]"
2025-10-20 11:00:30,Motion_Completed,"[-0.0, -45.0, 0.0]","[45.0, -0.0, -0.0]","[45.0, 0.0, 0.0]","[2, 2]"
2025-10-20 11:00:30,Motion_Completed,"[-0.0, -45.0, 0.0]","[45.0, -0.0, -0.0]","[45.0, 0.0, 0.0]","[2, 2]"
2025-10-20 11:00:30,Motion_Completed,"[-0.0, -45.0, 0.0]","[45.0, -0.0, -0.0]","[45.0, 0.0, 0.0]","[2, 2]"
2025-10-20 11:00:30,Motion_Completed,"[-0.0, -45.0, 0.0]","[45.0, -0.0, -0.0]","[45.0, 0.0, 0.0]","[2, 2]"
2025-10-20 11:00:30,Motion_Completed,"[-0.0, -45.0, 0.0]","[45.0, -0.0, -0.0]","[45.0, 0.0, 0.0]","[2, 2]"
2025-10-20 11:00:30,Motion_Completed,"[-0.0, -45.0, 0.0]","[45.0, -0.0, -0.0]","[45.0, 0.0, 0.0]","[2, 2]"
2025-10-20 11:00:30,Motion_Completed,"[-0.0, -45.0, 0.0]","[45.0, -0.0, -0.0]","[45.0, 0.0, 0.0]","[2, 2]"
2025-10-20 11:00:30,Motion_Completed,"[-0.0, -45.0, 0.0]","[45.0, -0.0, -0.0]","[45.0, 0.0, 0.0]","[2, 2]"
2025-10-20 11:00:30,Motion_Completed,"[-0.0, -45.0, 0.0]","[45.0, -0.0, -0.0]","[45.0, 0.0, 0.0]","[2, 2]"
2025-10-20 11:00:31,Motion_Completed,"[-0.0, -45.0, 0.0]","[45.0, -0.0, -0.0]","[45.0, 0.0, 0.0]","[2, 2]"
2025-10-20 11:00:31,Motion_Completed,"[-0.0, -45.0, 0.0]","[45.0, -0.0, -0.0]","[45.0, 0.0, 0.0]","[2, 2]"
2025-10-20 11:00:31,Motion_Completed,"[-0.0, -45.0, 0.0]","[45.0, -0.0, -0.0]","[45.0, 0.0, 0.0]","[2, 2]"
2025-10-20 11:00:31,Motion_Completed,"[-0.0, -45.0, 0.0]","[45.0, -0.0, -0.0]","[45.0, 0.0, 0.0]","[2, 2]"
2025-10-20 11:00:31,Motion_Completed,"[-0.0, -45.0, 0.0]","[45.0, -0.0, -0.0]","[45.0, 0.0, 0.0]","[2, 2]"
2025-10-20 11:00:31,Motion_Completed,"[-0.0, -45.0, 0.0]","[45.0, -0.0, -0.0]","[45.0, 0.0, 0.0]","[2, 2]"
2025-10-20 11:00:31,Motion_Completed,"[-0.0, -45.0, 0.0]","[45.0, -0.0, -0.0]","[45.0, 0.0, 0.0]","[2, 2]"
2025-10-20 11:00:31,Motion_Completed,"[-0.0, -45.0, 0.0]","[45.0, -0.0, -0.0]","[45.0, 0.0, 0.0]","[2, 2]"
2025-10-20 11:00:31,Motion_Completed,"[-0.0, -45.0, 0.0]","[45.0, -0.0, -0.0]","[45.0, 0.0, 0.0]","[2, 2]"
2025-10-20 11:00:31,Motion_Completed,"[-0.0, -45.0, 0.0]","[45.0, -0.0, -0.0]","[45.0, 0.0, 0.0]","[2, 2]"
2025-10-20 11:00:31,Motion_Completed,"[-0.0, -45.0, 0.0]","[45.0, -0.0, -0.0]","[45.0, 0.0, 0.0]","[2, 2]"
2025-10-20 11:00:31,Motion_Completed,"[-0.0, -45.0, 0.0]","[45.0, -0.0, -0.0]","[45.0, 0.0, 0.0]","[2, 2]"
2025-10-20 11:00:31,Motion_Completed,"[-0.0, -45.0, 0.0]","[45.0, -0.0, -0.0]","[45.0, 0.0, 0.0]","[2, 2]"
2025-10-20 11:00:31,Motion_Completed,"[-0.0, -45.0, 0.0]","[45.0, -0.0, -0.0]","[45.0, 0.0, 0.0]","[2, 2]"
2025-10-20 11:00:31,Motion_Completed,"[-0.0, -45.0, 0.0]","[45.0, -0.0, -0.0]","[45.0, 0.0, 0.0]","[2, 2]"
2025-10-20 11:00:31,Motion_Completed,"[-0.0, -45.0, 0.0]","[45.0, -0.0, -0.0]","[45.0, 0.0, 0.0]","[2, 2]"
2025-10-20 11:00:31,Motion_Completed,"[-0.0, -45.0, 0.0]","[45.0, -0.0, -0.0]","[45.0, 0.0, 0.0]","[2, 2]"
2025-10-20 11:00:31,Motion_Completed,"[-0.0, -45.0, 0.0]","[45.0, -0.0, -0.0]","[45.0, 0.0, 0.0]","[2, 2]"
2025-10-20 11:00:31,Motion_Completed,"[-0.0, -45.0, 0.0]","[45.0, -0.0, -0.0]","[45.0, 0.0, 0.0]","[2, 2]"
2025-10-20 11:00:31,Motion_Completed,"[-0.0, -45.0, 0.0]","[45.0, -0.0, -0.0]","[45.0, 0.0, 0.0]","[2, 2]"
2025-10-20 11:00:31,Motion_Completed,"[-0.0, -45.0, 0.0]","[45.0, -0.0, -0.0]","[45.0, 0.0, 0.0]","[2, 2]"
2025-10-20 11:00:31,Motion_Completed,"[-0.0, -45.0, 0.0]","[45.0, -0.0, -0.0]","[45.0, 0.0, 0.0]","[2, 2]"
2025-10-20 11:00:31,Motion_Completed,"[-0.0, -45.0, 0.0]","[45.0, -0.0, -0.0]","[45.0, 0.0, 0.0]","[2, 2]"
2025-10-20 11:00:31,Motion_Completed,"[-0.0, -45.0, 0.0]","[45.0, -0.0, -0.0]","[45.0, 0.0, 0.0]","[2, 2]"
2025-10-20 11:00:31,Motion_Completed,"[-0.0, -45.0, 0.0]","[45.0, -0.0, -0.0]","[45.0, 0.0, 0.0]","[2, 2]"
2025-10-20 11:00:32,Motion_Completed,"[-0.0, -45.0, 0.0]","[45.0, -0.0, -0.0]","[45.0, 0.0, 0.0]","[2, 2]"
2025-10-20 11:00:32,Motion_Completed,"[-0.0, -45.0, 0.0]","[45.0, -0.0, -0.0]","[45.0, 0.0, 0.0]","[2, 2]"
2025-10-20 11:00:32,Motion_Completed,"[-0.0, -45.0, 0.0]","[45.0, -0.0, -0.0]","[45.0, 0.0, 0.0]","[2, 2]"
2025-10-20 11:00:32,Motion_Completed,"[-0.0, -45.0, 0.0]","[45.0, -0.0, -0.0]","[45.0, 0.0, 0.0]","[2, 2]"
2025-10-20 11:00:32,Motion_Completed,"[-0.0, -45.0, 0.0]","[45.0, -0.0, -0.0]","[45.0, 0.0, 0.0]","[2, 2]"
2025-10-20 11:00:32,Motion_Completed,"[-0.0, -45.0, 0.0]","[45.0, -0.0, -0.0]","[45.0, 0.0, 0.0]","[2, 2]"
2025-10-20 11:00:32,Motion_Completed,"[-0.0, -45.0, 0.0]","[45.0, -0.0, -0.0]","[45.0, 0.0, 0.0]","[2, 2]"
2025-10-20 11:00:32,Motion_Completed,"[-0.0, -45.0, 0.0]","[45.0, -0.0, -0.0]","[45.0, 0.0, 0.0]","[2, 2]"
2025-10-20 11:00:32,Motion_Completed,"[-0.0, -45.0, 0.0]","[45.0, -0.0, -0.0]","[45.0, 0.0, 0.0]","[2, 2]"
2025-10-20 11:00:32,Motion_Completed,"[-0.0, -45.0, 0.0]","[45.0, -0.0, -0.0]","[45.0, 0.0, 0.0]","[2, 2]"
2025-10-20 11:00:32,Motion_Completed,"[-0.0, -45.0, 0.0]","[45.0, -0.0, -0.0]","[45.0, 0.0, 0.0]","[2, 2]"
2025-10-20 11:00:32,Motion_Completed,"[-0.0, -45.0, 0.0]","[45.0, -0.0, -0.0]","[45.0, 0.0, 0.0]","[2, 2]"
2025-10-20 11:00:32,Motion_Completed,"[-0.0, -45.0, 0.0]","[45.0, -0.0, -0.0]","[45.0, 0.0, 0.0]","[2, 2]"
2025-10-20 11:00:32,Motion_Completed,"[-0.0, -45.0, 0.0]","[45.0, -0.0, -0.0]","[45.0, 0.0, 0.0]","[2, 2]"
2025-10-20 11:00:32,Motion_Completed,"[-0.0, -45.0, 0.0]","[45.0, -0.0, -0.0]","[45.0, 0.0, 0.0]","[2, 2]"
2025-10-20 11:00:32,Motion_Completed,"[-0.0, -45.0, 0.0]","[45.0, -0.0, -0.0]","[45.0, 0.0, 0.0]","[2, 2]"
2025-10-20 11:00:32,Motion_Completed,"[-0.0, -45.0, 0.0]","[45.0, -0.0, -0.0]","[45.0, 0.0, 0.0]","[2, 2]"
2025-10-20 11:00:32,Motion_Completed,"[-0.0, -45.0, 0.0]","[45.0, -0.0, -0.0]","[45.0, 0.0, 0.0]","[2, 2]"
2025-10-20 11:00:32,Motion_Completed,"[-0.0, -45.0, 0.0]","[45.0, -0.0, -0.0]","[45.0, 0.0, 0.0]","[2, 2]"
2025-10-20 11:00:32,Motion_Completed,"[-0.0, -45.0, 0.0]","[45.0, -0.0, -0.0]","[45.0, 0.0, 0.0]","[2, 2]"
2025-10-20 11:00:32,Motion_Completed,"[-0.0, -45.0, 0.0]","[45.0, -0.0, -0.0]","[45.0, 0.0, 0.0]","[2, 2]"
2025-10-20 11:00:32,Motion_Completed,"[-0.0, -45.0, 0.0]","[45.0, -0.0, -0.0]","[45.0, 0.0, 0.0]","[2, 2]"
2025-10-20 11:00:32,Motion_Completed,"[-0.0, -45.0, 0.0]","[45.0, -0.0, -0.0]","[45.0, 0.0, 0.0]","[2, 2]"
2025-10-20 11:00:32,Motion_Completed,"[-0.0, -45.0, 0.0]","[45.0, -0.0, -0.0]","[45.0, 0.0, 0.0]","[2, 2]"
2025-10-20 11:00:32,Motion_Completed,"[-0.0, -45.0, 0.0]","[45.0, -0.0, -0.0]","[45.0, 0.0, 0.0]","[2, 2]"
2025-10-20 11:00:33,Motion_Completed,"[-0.0, -45.0, 0.0]","[45.0, -0.0, -0.0]","[45.0, 0.0, 0.0]","[2, 2]"
2025-10-20 11:00:33,Motion_Completed,"[-0.0, -45.0, 0.0]","[45.0, -0.0, -0.0]","[45.0, 0.0, 0.0]","[2, 2]"
2025-10-20 11:00:33,Motion_Completed,"[-0.0, -45.0, 0.0]","[45.0, -0.0, -0.0]","[45.0, 0.0, 0.0]","[2, 2]"
2025-10-20 11:00:33,Motion_Completed,"[-0.0, -45.0, 0.0]","[45.0, -0.0, -0.0]","[45.0, 0.0, 0.0]","[2, 2]"
2025-10-20 11:00:33,Motion_Completed,"[-0.0, -45.0, 0.0]","[45.0, -0.0, -0.0]","[45.0, 0.0, 0.0]","[2, 2]"
2025-10-20 11:00:33,Motion_Completed,"[-0.0, -45.0, 0.0]","[45.0, -0.0, -0.0]","[45.0, 0.0, 0.0]","[2, 2]"
2025-10-20 11:00:33,Motion_Completed,"[-0.0, -45.0, 0.0]","[45.0, -0.0, -0.0]","[45.0, 0.0, 0.0]","[2, 2]"
2025-10-20 11:00:33,Motion_Completed,"[-0.0, -45.0, 0.0]","[45.0, -0.0, -0.0]","[45.0, 0.0, 0.0]","[2, 2]"
2025-10-20 11:00:33,Motion_Completed,"[-0.0, -45.0, 0.0]","[45.0, -0.0, -0.0]","[45.0, 0.0, 0.0]","[2, 2]"
2025-10-20 11:00:33,Motion_Completed,"[-0.0, -45.0, 0.0]","[45.0, -0.0, -0.0]","[45.0, 0.0, 0.0]","[2, 2]"
2025-10-20 11:00:33,Motion_Completed,"[-0.0, -45.0, 0.0]","[45.0, -0.0, -0.0]","[45.0, 0.0, 0.0]","[2, 2]"
2025-10-20 11:00:33,Motion_Completed,"[-0.0, -45.0, 0.0]","[45.0, -0.0, -0.0]","[45.0, 0.0, 0.0]","[2, 2]"
2025-10-20 11:00:33,Motion_Completed,"[-0.0, -45.0, 0.0]","[45.0, -0.0, -0.0]","[45.0, 0.0, 0.0]","[2, 2]"
2025-10-20 11:00:33,Motion_Completed,"[-0.0, -45.0, 0.0]","[45.0, -0.0, -0.0]","[45.0, 0.0, 0.0]","[2, 2]"
2025-10-20 11:00:33,Motion_Completed,"[-0.0, -45.0, 0.0]","[45.0, -0.0, -0.0]","[45.0, 0.0, 0.0]","[2, 2]"
2025-10-20 11:00:33,Motion_Completed,"[-0.0, -45.0, 0.0]","[45.0, -0.0, -0.0]","[45.0, 0.0, 0.0]","[2, 2]"
2025-10-20 11:00:33,Motion_Completed,"[-0.0, -45.0, 0.0]","[45.0, -0.0, -0.0]","[45.0, 0.0, 0.0]","[2, 2]"
2025-10-20 11:00:33,Motion_Completed,"[-0.0, -45.0, 0.0]","[45.0, -0.0, -0.0]","[45.0, 0.0, 0.0]","[2, 2]"
2025-10-20 11:00:33,Motion_Completed,"[-0.0, -45.0, 0.0]","[45.0, -0.0, -0.0]","[45.0, 0.0, 0.0]","[2, 2]"
2025-10-20 11:00:33,Motion_Completed,"[-0.0, -45.0, 0.0]","[45.0, -0.0, -0.0]","[45.0, 0.0, 0.0]","[2, 2]"
2025-10-20 11:00:33,Motion_Completed,"[-0.0, -45.0, 0.0]","[45.0, -0.0, -0.0]","[45.0, 0.0, 0.0]","[2, 2]"
2025-10-20 11:00:33,Motion_Completed,"[-0.0, -45.0, 0.0]","[45.0, -0.0, -0.0]","[45.0, 0.0, 0.0]","[2, 2]"
2025-10-20 11:00:33,Motion_Completed,"[-0.0, -45.0, 0.0]","[45.0, -0.0, -0.0]","[45.0, 0.0, 0.0]","[2, 2]"
2025-10-20 11:00:33,Motion_Completed,"[-0.0, -45.0, 0.0]","[45.0, -0.0, -0.0]","[45.0, 0.0, 0.0]","[2, 2]"
2025-10-20 11:00:33,Motion_Completed,"[-0.0, -45.0, 0.0]","[45.0, -0.0, -0.0]","[45.0, 0.0, 0.0]","[2, 2]"
2025-10-20 11:00:34,Motion_Completed,"[-0.0, -45.0, 0.0]","[45.0, -0.0, -0.0]","[45.0, 0.0, 0.0]","[2, 2]"
2025-10-20 11:00:34,Motion_Completed,"[-0.0, -45.0, 0.0]","[45.0, -0.0, -0.0]","[45.0, 0.0, 0.0]","[2, 2]"
2025-10-20 11:00:34,Motion_Completed,"[-0.0, -45.0, 0.0]","[45.0, -0.0, -0.0]","[45.0, 0.0, 0.0]","[2, 2]"
2025-10-20 11:00:34,Motion_Completed,"[-0.0, -45.0, 0.0]","[45.0, -0.0, -0.0]","[45.0, 0.0, 0.0]","[2, 2]"
2025-10-20 11:00:34,Motion_Completed,"[-0.0, -45.0, 0.0]","[45.0, -0.0, -0.0]","[45.0, 0.0, 0.0]","[2, 2]"
2025-10-20 11:00:34,Motion_Completed,"[-0.0, -45.0, 0.0]","[45.0, -0.0, -0.0]","[45.0, 0.0, 0.0]","[2, 2]"
2025-10-20 11:00:34,Motion_Completed,"[-0.0, -45.0, 0.0]","[45.0, -0.0, -0.0]","[45.0, 0.0, 0.0]","[2, 2]"
2025-10-20 11:00:34,Motion_Completed,"[-0.0, -45.0, 0.0]","[45.0, -0.0, -0.0]","[45.0, 0.0, 0.0]","[2, 2]"
2025-10-20 11:00:34,Motion_Completed,"[-0.0, -45.0, 0.0]","[45.0, -0.0, -0.0]","[45.0, 0.0, 0.0]","[2, 2]"
2025-10-20 11:00:34,Motion_Completed,"[-0.0, -45.0, 0.0]","[45.0, -0.0, -0.0]","[45.0, 0.0, 0.0]","[2, 2]"
2025-10-20 11:00:34,Motion_Completed,"[-0.0, -45.0, 0.0]","[45.0, -0.0, -0.0]","[45.0, 0.0, 0.0]","[2, 2]"
2025-10-20 11:00:34,Motion_Completed,"[-0.0, -45.0, 0.0]","[45.0, -0.0, -0.0]","[45.0, 0.0, 0.0]","[2, 2]"
2025-10-20 11:00:34,Motion_Completed,"[-0.0, -45.0, 0.0]","[45.0, -0.0, -0.0]","[45.0, 0.0, 0.0]","[2, 2]"
2025-10-20 11:00:34,Motion_Completed,"[-0.0, -45.0, 0.0]","[45.0, -0.0, -0.0]","[45.0, 0.0, 0.0]","[2, 2]"
2025-10-20 11:00:34,Motion_Completed,"[-0.0, -45.0, 0.0]","[45.0, -0.0, -0.0]","[45.0, 0.0, 0.0]","[2, 2]"
2025-10-20 11:00:34,Motion_Completed,"[-0.0, -45.0, 0.0]","[45.0, -0.0, -0.0]","[45.0, 0.0, 0.0]","[2, 2]"
2025-10-20 11:00:34,Motion_Completed,"[-0.0, -45.0, 0.0]","[45.0, -0.0, -0.0]","[45.0, 0.0, 0.0]","[2, 2]"
2025-10-20 11:00:34,Motion_Completed,"[-0.0, -45.0, 0.0]","[45.0, -0.0, -0.0]","[45.0, 0.0, 0.0]","[2, 2]"
2025-10-20 11:00:34,Motion_Completed,"[-0.0, -45.0, 0.0]","[45.0, -0.0, -0.0]","[45.0, 0.0, 0.0]","[2, 2]"
2025-10-20 11:00:34,Motion_Completed,"[-0.0, -45.0, 0.0]","[45.0, -0.0, -0.0]","[45.0, 0.0, 0.0]","[2, 2]"
2025-10-20 11:00:34,Motion_Completed,"[-0.0, -45.0, 0.0]","[45.0, -0.0, -0.0]","[45.0, 0.0, 0.0]","[2, 2]"
2025-10-20 11:00:34,Motion_Completed,"[-0.0, -45.0, 0.0]","[45.0, -0.0, -0.0]","[45.0, 0.0, 0.0]","[2, 2]"
2025-10-20 11:00:34,Motion_Completed,"[-0.0, -45.0, 0.0]","[45.0, -0.0, -0.0]","[45.0, 0.0, 0.0]","[2, 2]"
2025-10-20 11:00:34,Motion_Completed,"[-0.0, -45.0, 0.0]","[45.0, -0.0, -0.0]","[45.0, 0.0, 0.0]","[2, 2]"
2025-10-20 11:00:35,Motion_Completed,"[-0.0, -45.0, 0.0]","[45.0, -0.0, -0.0]","[45.0, 0.0, 0.0]","[2, 2]"
2025-10-20 11:00:35,Motion_Completed,"[-0.0, -45.0, 0.0]","[45.0, -0.0, -0.0]","[45.0, 0.0, 0.0]","[2, 2]"
2025-10-20 11:00:35,Motion_Completed,"[-0.0, -45.0, 0.0]","[45.0, -0.0, -0.0]","[45.0, 0.0, 0.0]","[2, 2]"
2025-10-20 11:00:35,Motion_Completed,"[-0.0, -45.0, 0.0]","[45.0, -0.0, -0.0]","[45.0, 0.0, 0.0]","[2, 2]"
2025-10-20 11:00:35,Motion_Completed,"[-0.0, -45.0, 0.0]","[45.0, -0.0, -0.0]","[45.0, 0.0, 0.0]","[2, 2]"
2025-10-20 11:00:35,Motion_Completed,"[-0.0, -45.0, 0.0]","[45.0, -0.0, -0.0]","[45.0, 0.0, 0.0]","[2, 2]"
2025-10-20 11:00:35,Motion_Completed,"[-0.0, -45.0, 0.0]","[45.0, -0.0, -0.0]","[45.0, 0.0, 0.0]","[2, 2]"
2025-10-20 11:00:35,Motion_Completed,"[-0.0, -45.0, 0.0]","[45.0, -0.0, -0.0]","[45.0, 0.0, 0.0]","[2, 2]"
2025-10-20 11:00:35,Motion_Completed,"[-0.0, -45.0, 0.0]","[45.0, -0.0, -0.0]","[45.0, 0.0, 0.0]","[2, 2]"
2025-10-20 11:00:35,Motion_Completed,"[-0.0, -45.0, 0.0]","[45.0, -0.0, -0.0]","[45.0, 0.0, 0.0]","[2, 2]"
2025-10-20 11:00:35,Motion_Completed,"[-0.0, -45.0, 0.0]","[45.0, -0.0, -0.0]","[45.0, 0.0, 0.0]","[2, 2]"
2025-10-20 11:00:35,Motion_Completed,"[-0.0, -45.0, 0.0]","[45.0, -0.0, -0.0]","[45.0, 0.0, 0.0]","[2, 2]"
2025-10-20 11:00:35,Motion_Completed,"[-0.0, -45.0, 0.0]","[45.0, -0.0, -0.0]","[45.0, 0.0, 0.0]","[2, 2]"
2025-10-20 11:00:35,Motion_Completed,"[-0.0, -45.0, 0.0]","[45.0, -0.0, -0.0]","[45.0, 0.0, 0.0]","[2, 2]"
2025-10-20 11:00:35,Motion_Completed,"[-0.0, -45.0, 0.0]","[45.0, -0.0, -0.0]","[45.0, 0.0, 0.0]","[2, 2]"
2025-10-20 11:00:35,Motion_Completed,"[-0.0, -45.0, 0.0]","[45.0, -0.0, -0.0]","[45.0, 0.0, 0.0]","[2, 2]"
2025-10-20 11:00:35,Motion_Completed,"[-0.0, -45.0, 0.0]","[45.0, -0.0, -0.0]","[45.0, 0.0, 0.0]","[2, 2]"
2025-10-20 11:00:35,Motion_Completed,"[-0.0, -45.0, 0.0]","[45.0, -0.0, -0.0]","[45.0, 0.0, 0.0]","[2, 2]"
2025-10-20 11:00:35,Motion_Completed,"[-0.0, -45.0, 0.0]","[45.0, -0.0, -0.0]","[45.0, 0.0, 0.0]","[2, 2]"
2025-10-20 11:00:35,Motion_Completed,"[-0.0, -45.0, 0.0]","[45.0, -0.0, -0.0]","[45.0, 0.0, 0.0]","[2, 2]"
2025-10-20 11:00:35,Motion_Completed,"[-0.0, -45.0, 0.0]","[45.0, -0.0, -0.0]","[45.0, 0.0, 0.0]","[2, 2]"
2025-10-20 11:00:35,Motion_Completed,"[-0.0, -45.0, 0.0]","[45.0, -0.0, -0.0]","[45.0, 0.0, 0.0]","[2, 2]"
2025-10-20 11:00:35,Motion_Completed,"[-0.0, -45.0, 0.0]","[45.0, -0.0, -0.0]","[45.0, 0.0, 0.0]","[2, 2]"
2025-10-20 11:00:35,Motion_Completed,"[-0.0, -45.0, 0.0]","[45.0, -0.0, -0.0]","[45.0, 0.0, 0.0]","[2, 2]"
2025-10-20 11:00:35,Motion_Completed,"[-0.0, -45.0, 0.0]","[45.0, -0.0, -0.0]","[45.0, 0.0, 0.0]","[2, 2]"
2025-10-20 11:00:36,Motion_Completed,"[-0.0, -45.0, 0.0]","[45.0, -0.0, -0.0]","[45.0, 0.0, 0.0]","[2, 2]"
2025-10-20 11:00:36,Motion_Completed,"[-0.0, -45.0, 0.0]","[45.0, -0.0, -0.0]","[45.0, 0.0, 0.0]","[2, 2]"
2025-10-20 11:00:36,Motion_Completed,"[-0.0, -45.0, 0.0]","[45.0, -0.0, -0.0]","[45.0, 0.0, 0.0]","[2, 2]"
2025-10-20 11:00:36,Motion_Completed,"[-0.0, -45.0, 0.0]","[45.0, -0.0, -0.0]","[45.0, 0.0, 0.0]","[2, 2]"
2025-10-20 11:00:36,Motion_Completed,"[-0.0, -45.0, 0.0]","[45.0, -0.0, -0.0]","[45.0, 0.0, 0.0]","[2, 2]"
2025-10-20 11:00:36,Motion_Completed,"[-0.0, -45.0, 0.0]","[45.0, -0.0, -0.0]","[45.0, 0.0, 0.0]","[2, 2]"
2025-10-20 11:00:36,Motion_Completed,"[-0.0, -45.0, 0.0]","[45.0, -0.0, -0.0]","[45.0, 0.0, 0.0]","[2, 2]"
2025-10-20 11:00:36,Motion_Completed,"[-0.0, -45.0, 0.0]","[45.0, -0.0, -0.0]","[45.0, 0.0, 0.0]","[2, 2]"
2025-10-20 11:00:36,Motion_Completed,"[-0.0, -45.0, 0.0]","[45.0, -0.0, -0.0]","[45.0, 0.0, 0.0]","[2, 2]"
2025-10-20 11:00:36,Motion_Completed,"[-0.0, -45.0, 0.0]","[45.0, -0.0, -0.0]","[45.0, 0.0, 0.0]","[2, 2]"
2025-10-20 11:00:36,Motion_Completed,"[-0.0, -45.0, 0.0]","[45.0, -0.0, -0.0]","[45.0, 0.0, 0.0]","[2, 2]"
2025-10-20 11:00:36,Motion_Completed,"[-0.0, -45.0, 0.0]","[45.0, -0.0, -0.0]","[45.0, 0.0, 0.0]","[2, 2]"
2025-10-20 11:00:36,Motion_Completed,"[-0.0, -45.0, 0.0]","[45.0, -0.0, -0.0]","[45.0, 0.0, 0.0]","[2, 2]"
2025-10-20 11:00:36,Motion_Completed,"[-0.0, -45.0, 0.0]","[45.0, -0.0, -0.0]","[45.0, 0.0, 0.0]","[2, 2]"
2025-10-20 11:00:36,Motion_Completed,"[-0.0, -45.0, 0.0]","[45.0, -0.0, -0.0]","[45.0, 0.0, 0.0]","[2, 2]"
2025-10-20 11:00:36,Motion_Completed,"[-0.0, -45.0, 0.0]","[45.0, -0.0, -0.0]","[45.0, 0.0, 0.0]","[2, 2]"
2025-10-20 11:00:36,Motion_Completed,"[-0.0, -45.0, 0.0]","[45.0, -0.0, -0.0]","[45.0, 0.0, 0.0]","[2, 2]"
2025-10-20 11:00:36,Motion_Completed,"[-0.0, -45.0, 0.0]","[45.0, -0.0, -0.0]","[45.0, 0.0, 0.0]","[2, 2]"
2025-10-20 11:00:36,Motion_Completed,"[-0.0, -45.0, 0.0]","[45.0, -0.0, -0.0]","[45.0, 0.0, 0.0]","[2, 2]"
2025-10-20 11:00:36,Motion_Completed,"[-0.0, -45.0, 0.0]","[45.0, -0.0, -0.0]","[45.0, 0.0, 0.0]","[2, 2]"
2025-10-20 11:00:36,Motion_Completed,"[-0.0, -45.0, 0.0]","[45.0, -0.0, -0.0]","[45.0, 0.0, 0.0]","[2, 2]"
2025-10-20 11:00:36,Motion_Completed,"[-0.0, -45.0, 0.0]","[45.0, -0.0, -0.0]","[45.0, 0.0, 0.0]","[2, 2]"
2025-10-20 11:00:36,Motion_Completed,"[-0.0, -45.0, 0.0]","[45.0, -0.0, -0.0]","[45.0, 0.0, 0.0]","[2, 2]"
2025-10-20 11:00:36,Motion_Completed,"[-0.0, -45.0, 0.0]","[45.0, -0.0, -0.0]","[45.0, 0.0, 0.0]","[2, 2]"
2025-10-20 11:00:36,Motion_Completed,"[-0.0, -45.0, 0.0]","[45.0, -0.0, -0.0]","[45.0, 0.0, 0.0]","[2, 2]"
2025-10-20 11:00:36,Motion_Completed,"[-0.0, -45.0, 0.0]","[45.0, -0.0, -0.0]","[45.0, 0.0, 0.0]","[2, 2]"
2025-10-20 11:00:37,Motion_Completed,"[-0.0, -45.0, 0.0]","[45.0, -0.0, -0.0]","[45.0, 0.0, 0.0]","[2, 2]"
2025-10-20 11:00:37,Motion_Completed,"[-0.0, -45.0, 0.0]","[45.0, -0.0, -0.0]","[45.0, 0.0, 0.0]","[2, 2]"
2025-10-20 11:00:37,Motion_Completed,"[-0.0, -45.0, 0.0]","[45.0, -0.0, -0.0]","[45.0, 0.0, 0.0]","[2, 2]"
2025-10-20 11:00:37,Motion_Completed,"[-0.0, -45.0, 0.0]","[45.0, -0.0, -0.0]","[45.0, 0.0, 0.0]","[2, 2]"
2025-10-20 11:00:37,Motion_Completed,"[-0.0, -45.0, 0.0]","[45.0, -0.0, -0.0]","[45.0, 0.0, 0.0]","[2, 2]"
2025-10-20 11:00:37,Motion_Completed,"[-0.0, -45.0, 0.0]","[45.0, -0.0, -0.0]","[45.0, 0.0, 0.0]","[2, 2]"
2025-10-20 11:00:37,Motion_Completed,"[-0.0, -45.0, 0.0]","[45.0, -0.0, -0.0]","[45.0, 0.0, 0.0]","[2, 2]"
2025-10-20 11:00:37,Motion_Completed,"[-0.0, -45.0, 0.0]","[45.0, -0.0, -0.0]","[45.0, 0.0, 0.0]","[2, 2]"
2025-10-20 11:00:37,Motion_Completed,"[-0.0, -45.0, 0.0]","[45.0, -0.0, -0.0]","[45.0, 0.0, 0.0]","[2, 2]"
2025-10-20 11:00:37,Motion_Completed,"[-0.0, -45.0, 0.0]","[45.0, -0.0, -0.0]","[45.0, 0.0, 0.0]","[2, 2]"
2025-10-20 11:00:37,Motion_Completed,"[-0.0, -45.0, 0.0]","[45.0, -0.0, -0.0]","[45.0, 0.0, 0.0]","[2, 2]"
2025-10-20 11:00:37,Motion_Completed,"[-0.0, -45.0, 0.0]","[45.0, -0.0, -0.0]","[45.0, 0.0, 0.0]","[2, 2]"
2025-10-20 11:00:37,Motion_Completed,"[-0.0, -45.0, 0.0]","[45.0, -0.0, -0.0]","[45.0, 0.0, 0.0]","[2, 2]"
2025-10-20 11:00:37,Motion_Completed,"[-0.0, -45.0, 0.0]","[45.0, -0.0, -0.0]","[45.0, 0.0, 0.0]","[2, 2]"
2025-10-20 11:00:37,Motion_Completed,"[-0.0, -45.0, 0.0]","[45.0, -0.0, -0.0]","[45.0, 0.0, 0.0]","[2, 2]"
2025-10-20 11:00:37,Motion_Completed,"[-0.0, -45.0, 0.0]","[45.0, -0.0, -0.0]","[45.0, 0.0, 0.0]","[2, 2]"
2025-10-20 11:00:37,Motion_Completed,"[-0.0, -45.0, 0.0]","[45.0, -0.0, -0.0]","[45.0, 0.0, 0.0]","[2, 2]"
2025-10-20 11:00:37,Motion_Completed,"[-0.0, -45.0, 0.0]","[45.0, -0.0, -0.0]","[45.0, 0.0, 0.0]","[2, 2]"
2025-10-20 11:00:37,Motion_Completed,"[-0.0, -45.0, 0.0]","[45.0, -0.0, -0.0]","[45.0, 0.0, 0.0]","[2, 2]"
2025-10-20 11:00:37,Motion_Completed,"[-0.0, -45.0, 0.0]","[45.0, -0.0, -0.0]","[45.0, 0.0, 0.0]","[2, 2]"
2025-10-20 11:00:37,Motion_Completed,"[-0.0, -45.0, 0.0]","[45.0, -0.0, -0.0]","[45.0, 0.0, 0.0]","[2, 2]"
2025-10-20 11:00:37,Motion_Completed,"[-0.0, -45.0, 0.0]","[45.0, -0.0, -0.0]","[45.0, 0.0, 0.0]","[2, 2]"
2025-10-20 11:00:37,Motion_Completed,"[-0.0, -45.0, 0.0]","[45.0, -0.0, -0.0]","[45.0, 0.0, 0.0]","[2, 2]"
2025-10-20 11:00:37,Motion_Completed,"[-0.0, -45.0, 0.0]","[45.0, -0.0, -0.0]","[45.0, 0.0, 0.0]","[2, 2]"
2025-10-20 11:00:37,Motion_Completed,"[-0.0, -45.0, 0.0]","[45.0, -0.0, -0.0]","[45.0, 0.0, 0.0]","[2, 2]"
2025-10-20 11:00:38,Motion_Completed,"[-0.0, -45.0, 0.0]","[45.0, -0.0, -0.0]","[45.0, 0.0, 0.0]","[2, 2]"
2025-10-20 11:00:38,Motion_Completed,"[-0.0, -45.0, 0.0]","[45.0, -0.0, -0.0]","[45.0, 0.0, 0.0]","[2, 2]"
2025-10-20 11:00:38,Motion_Completed,"[-0.0, -45.0, 0.0]","[45.0, -0.0, -0.0]","[45.0, 0.0, 0.0]","[2, 2]"
2025-10-20 11:00:38,Motion_Completed,"[-0.0, -45.0, 0.0]","[45.0, -0.0, -0.0]","[45.0, 0.0, 0.0]","[2, 2]"
2025-10-20 11:00:38,Motion_Completed,"[-0.0, -45.0, 0.0]","[45.0, -0.0, -0.0]","[45.0, 0.0, 0.0]","[2, 2]"
2025-10-20 11:00:38,Motion_Completed,"[-0.0, -45.0, 0.0]","[45.0, -0.0, -0.0]","[45.0, 0.0, 0.0]","[2, 2]"
2025-10-20 11:00:38,Motion_Completed,"[-0.0, -45.0, 0.0]","[45.0, -0.0, -0.0]","[45.0, 0.0, 0.0]","[2, 2]"
2025-10-20 11:00:38,Motion_Completed,"[-0.0, -45.0, 0.0]","[45.0, -0.0, -0.0]","[45.0, 0.0, 0.0]","[2, 2]"
2025-10-20 11:00:38,Motion_Completed,"[-0.0, -45.0, 0.0]","[45.0, -0.0, -0.0]","[45.0, 0.0, 0.0]","[2, 2]"
2025-10-20 11:00:38,Motion_Completed,"[-0.0, -45.0, 0.0]","[45.0, -0.0, -0.0]","[45.0, 0.0, 0.0]","[2, 2]"
2025-10-20 11:00:38,Motion_Completed,"[-0.0, -45.0, 0.0]","[45.0, -0.0, -0.0]","[45.0, 0.0, 0.0]","[2, 2]"
2025-10-20 11:00:38,Motion_Completed,"[-0.0, -45.0, 0.0]","[45.0, -0.0, -0.0]","[45.0, 0.0, 0.0]","[2, 2]"
2025-10-20 11:00:38,Motion_Completed,"[-0.0, -45.0, 0.0]","[45.0, -0.0, -0.0]","[45.0, 0.0, 0.0]","[2, 2]"
2025-10-20 11:00:38,Motion_Completed,"[-0.0, -45.0, 0.0]","[45.0, -0.0, -0.0]","[45.0, 0.0, 0.0]","[2, 2]"
2025-10-20 11:00:38,Motion_Completed,"[-0.0, -45.0, 0.0]","[45.0, -0.0, -0.0]","[45.0, 0.0, 0.0]","[2, 2]"
2025-10-20 11:00:38,Motion_Completed,"[-0.0, -45.0, 0.0]","[45.0, -0.0, -0.0]","[45.0, 0.0, 0.0]","[2, 2]"
2025-10-20 11:00:38,Motion_Completed,"[-0.0, -45.0, 0.0]","[45.0, -0.0, -0.0]","[45.0, 0.0, 0.0]","[2, 2]"
2025-10-20 11:00:38,Motion_Completed,"[-0.0, -45.0, 0.0]","[45.0, -0.0, -0.0]","[45.0, 0.0, 0.0]","[2, 2]"
2025-10-20 11:00:38,Motion_Completed,"[-0.0, -45.0, 0.0]","[45.0, -0.0, -0.0]","[45.0, 0.0, 0.0]","[2, 2]"
2025-10-20 11:00:38,Motion_Completed,"[-0.0, -45.0, 0.0]","[45.0, -0.0, -0.0]","[45.0, 0.0, 0.0]","[2, 2]"
2025-10-20 11:00:38,Motion_Completed,"[-0.0, -45.0, 0.0]","[45.0, -0.0, -0.0]","[45.0, 0.0, 0.0]","[2, 2]"
2025-10-20 11:00:38,Motion_Completed,"[-0.0, -45.0, 0.0]","[45.0, -0.0, -0.0]","[45.0, 0.0, 0.0]","[2, 2]"
2025-10-20 11:00:38,Motion_Completed,"[-0.0, -45.0, 0.0]","[45.0, -0.0, -0.0]","[45.0, 0.0, 0.0]","[2, 2]"
2025-10-20 11:00:38,Motion_Completed,"[-0.0, -45.0, 0.0]","[45.0, -0.0, -0.0]","[45.0, 0.0, 0.0]","[2, 2]"
2025-10-20 11:00:38,Motion_Completed,"[-0.0, -45.0, 0.0]","[45.0, -0.0, -0.0]","[45.0, 0.0, 0.0]","[2, 2]"
2025-10-20 11:00:39,Motion_Completed,"[-0.0, -45.0, 0.0]","[45.0, -0.0, -0.0]","[45.0, 0.0, 0.0]","[2, 2]"
2025-10-20 11:00:39,Motion_Completed,"[-0.0, -45.0, 0.0]","[45.0, -0.0, -0.0]","[45.0, 0.0, 0.0]","[2, 2]"
2025-10-20 11:00:39,Motion_Completed,"[-0.0, -45.0, 0.0]","[45.0, -0.0, -0.0]","[45.0, 0.0, 0.0]","[2, 2]"
2025-10-20 11:00:39,Motion_Completed,"[-0.0, -45.0, 0.0]","[45.0, -0.0, -0.0]","[45.0, 0.0, 0.0]","[2, 2]"
2025-10-20 11:00:39,Motion_Completed,"[-0.0, -45.0, 0.0]","[45.0, -0.0, -0.0]","[45.0, 0.0, 0.0]","[2, 2]"
2025-10-20 11:00:39,Motion_Completed,"[-0.0, -45.0, 0.0]","[45.0, -0.0, -0.0]","[45.0, 0.0, 0.0]","[2, 2]"
2025-10-20 11:00:39,Motion_Completed,"[-0.0, -45.0, 0.0]","[45.0, -0.0, -0.0]","[45.0, 0.0, 0.0]","[2, 2]"
2025-10-20 11:00:39,Motion_Completed,"[-0.0, -45.0, 0.0]","[45.0, -0.0, -0.0]","[45.0, 0.0, 0.0]","[2, 2]"
2025-10-20 11:00:39,Motion_Completed,"[-0.0, -45.0, 0.0]","[45.0, -0.0, -0.0]","[45.0, 0.0, 0.0]","[2, 2]"
2025-10-20 11:00:39,Motion_Completed,"[-0.0, -45.0, 0.0]","[45.0, -0.0, -0.0]","[45.0, 0.0, 0.0]","[2, 2]"
2025-10-20 11:00:39,Motion_Completed,"[-0.0, -45.0, 0.0]","[45.0, -0.0, -0.0]","[45.0, 0.0, 0.0]","[2, 2]"
2025-10-20 11:00:39,Motion_Completed,"[-0.0, -45.0, 0.0]","[45.0, -0.0, -0.0]","[45.0, 0.0, 0.0]","[2, 2]"
2025-10-20 11:00:39,Motion_Completed,"[-0.0, -45.0, 0.0]","[45.0, -0.0, -0.0]","[45.0, 0.0, 0.0]","[2, 2]"
2025-10-20 11:00:39,Motion_Completed,"[-0.0, -45.0, 0.0]","[45.0, -0.0, -0.0]","[45.0, 0.0, 0.0]","[2, 2]"
2025-10-20 11:00:39,Motion_Completed,"[-0.0, -45.0, 0.0]","[45.0, -0.0, -0.0]","[45.0, 0.0, 0.0]","[2, 2]"
2025-10-20 11:00:39,Motion_Completed,"[-0.0, -45.0, 0.0]","[45.0, -0.0, -0.0]","[45.0, 0.0, 0.0]","[2, 2]"
2025-10-20 11:00:39,Motion_Completed,"[-0.0, -45.0, 0.0]","[45.0, -0.0, -0.0]","[45.0, 0.0, 0.0]","[2, 2]"
2025-10-20 11:00:39,Motion_Completed,"[-0.0, -45.0, 0.0]","[45.0, -0.0, -0.0]","[45.0, 0.0, 0.0]","[2, 2]"
2025-10-20 11:00:39,Motion_Completed,"[-0.0, -45.0, 0.0]","[45.0, -0.0, -0.0]","[45.0, 0.0, 0.0]","[2, 2]"
2025-10-20 11:00:39,Motion_Completed,"[-0.0, -45.0, 0.0]","[45.0, -0.0, -0.0]","[45.0, 0.0, 0.0]","[2, 2]"
2025-10-20 11:00:39,Motion_Completed,"[-0.0, -45.0, 0.0]","[45.0, -0.0, -0.0]","[45.0, 0.0, 0.0]","[2, 2]"
2025-10-20 11:00:39,Motion_Completed,"[-0.0, -45.0, 0.0]","[45.0, -0.0, -0.0]","[45.0, 0.0, 0.0]","[2, 2]"
2025-10-20 11:00:39,Motion_Completed,"[-0.0, -45.0, 0.0]","[45.0, -0.0, -0.0]","[45.0, 0.0, 0.0]","[2, 2]"
2025-10-20 11:00:39,Motion_Completed,"[-0.0, -45.0, 0.0]","[45.0, -0.0, -0.0]","[45.0, 0.0, 0.0]","[2, 2]"
2025-10-20 11:00:39,Motion_Completed,"[-0.0, -45.0, 0.0]","[45.0, -0.0, -0.0]","[45.0, 0.0, 0.0]","[2, 2]"
2025-10-20 11:00:40,Motion_Completed,"[-0.0, -45.0, 0.0]","[45.0, -0.0, -0.0]","[45.0, 0.0, 0.0]","[2, 2]"
2025-10-20 11:00:40,Motion_Completed,"[-0.0, -45.0, 0.0]","[45.0, -0.0, -0.0]","[45.0, 0.0, 0.0]","[2, 2]"
2025-10-20 11:00:40,Motion_Completed,"[-0.0, -45.0, 0.0]","[45.0, -0.0, -0.0]","[45.0, 0.0, 0.0]","[2, 2]"
2025-10-20 11:00:40,Motion_Completed,"[-0.0, -45.0, 0.0]","[45.0, -0.0, -0.0]","[45.0, 0.0, 0.0]","[2, 2]"
2025-10-20 11:00:40,Motion_Completed,"[-0.0, -45.0, 0.0]","[45.0, -0.0, -0.0]","[45.0, 0.0, 0.0]","[2, 2]"
2025-10-20 11:00:40,Motion_Completed,"[-0.0, -45.0, 0.0]","[45.0, -0.0, -0.0]","[45.0, 0.0, 0.0]","[2, 2]"
2025-10-20 11:00:40,Motion_Completed,"[-0.0, -45.0, 0.0]","[45.0, -0.0, -0.0]","[45.0, 0.0, 0.0]","[2, 2]"
2025-10-20 11:00:40,Motion_Completed,"[-0.0, -45.0, 0.0]","[45.0, -0.0, -0.0]","[45.0, 0.0, 0.0]","[2, 2]"
2025-10-20 11:00:40,Motion_Completed,"[-0.0, -45.0, 0.0]","[45.0, -0.0, -0.0]","[45.0, 0.0, 0.0]","[2, 2]"
2025-10-20 11:00:40,Motion_Completed,"[-0.0, -45.0, 0.0]","[45.0, -0.0, -0.0]","[45.0, 0.0, 0.0]","[2, 2]"
2025-10-20 11:00:40,Motion_Completed,"[-0.0, -45.0, 0.0]","[45.0, -0.0, -0.0]","[45.0, 0.0, 0.0]","[2, 2]"
2025-10-20 11:00:40,Motion_Completed,"[-0.0, -45.0, 0.0]","[45.0, -0.0, -0.0]","[45.0, 0.0, 0.0]","[2, 2]"
2025-10-20 11:00:40,Motion_Completed,"[-0.0, -45.0, 0.0]","[45.0, -0.0, -0.0]","[45.0, 0.0, 0.0]","[2, 2]"
2025-10-20 11:00:40,Motion_Completed,"[-0.0, -45.0, 0.0]","[45.0, -0.0, -0.0]","[45.0, 0.0, 0.0]","[2, 2]"
2025-10-20 11:00:40,Motion_Completed,"[-0.0, -45.0, 0.0]","[45.0, -0.0, -0.0]","[45.0, 0.0, 0.0]","[2, 2]"
2025-10-20 11:00:40,Motion_Completed,"[-0.0, -45.0, 0.0]","[45.0, -0.0, -0.0]","[45.0, 0.0, 0.0]","[2, 2]"
2025-10-20 11:00:40,Motion_Completed,"[-0.0, -45.0, 0.0]","[45.0, -0.0, -0.0]","[45.0, 0.0, 0.0]","[2, 2]"
2025-10-20 11:00:40,Motion_Completed,"[-0.0, -45.0, 0.0]","[45.0, -0.0, -0.0]","[45.0, 0.0, 0.0]","[2, 2]"
2025-10-20 11:00:40,Motion_Completed,"[-0.0, -45.0, 0.0]","[45.0, -0.0, -0.0]","[45.0, 0.0, 0.0]","[2, 2]"
2025-10-20 11:00:40,Motion_Completed,"[-0.0, -45.0, 0.0]","[45.0, -0.0, -0.0]","[45.0, 0.0, 0.0]","[2, 2]"
2025-10-20 11:00:40,Motion_Completed,"[-0.0, -45.0, 0.0]","[45.0, -0.0, -0.0]","[45.0, 0.0, 0.0]","[2, 2]"
2025-10-20 11:00:40,Motion_Completed,"[-0.0, -45.0, 0.0]","[45.0, -0.0, -0.0]","[45.0, 0.0, 0.0]","[2, 2]"
2025-10-20 11:00:40,Motion_Completed,"[-0.0, -45.0, 0.0]","[45.0, -0.0, -0.0]","[45.0, 0.0, 0.0]","[2, 2]"
2025-10-20 11:00:40,Motion_Completed,"[-0.0, -45.0, 0.0]","[45.0, -0.0, -0.0]","[45.0, 0.0, 0.0]","[2, 2]"
2025-10-20 11:00:40,Motion_Completed,"[-0.0, -45.0, 0.0]","[45.0, -0.0, -0.0]","[45.0, 0.0, 0.0]","[2, 2]"
2025-10-20 11:00:41,Motion_Completed,"[-0.0, -45.0, 0.0]","[45.0, -0.0, -0.0]","[45.0, 0.0, 0.0]","[2, 2]"
2025-10-20 11:00:41,Motion_Completed,"[-0.0, -45.0, 0.0]","[45.0, -0.0, -0.0]","[45.0, 0.0, 0.0]","[2, 2]"
2025-10-20 11:00:41,Motion_Completed,"[-0.0, -45.0, 0.0]","[45.0, -0.0, -0.0]","[45.0, 0.0, 0.0]","[2, 2]"
2025-10-20 11:00:41,Motion_Completed,"[-0.0, -45.0, 0.0]","[45.0, -0.0, -0.0]","[45.0, 0.0, 0.0]","[2, 2]"
2025-10-20 11:00:41,Motion_Completed,"[-0.0, -45.0, 0.0]","[45.0, -0.0, -0.0]","[45.0, 0.0, 0.0]","[2, 2]"
2025-10-20 11:00:41,Motion_Completed,"[-0.0, -45.0, 0.0]","[45.0, -0.0, -0.0]","[45.0, 0.0, 0.0]","[2, 2]"
2025-10-20 11:00:41,Motion_Completed,"[-0.0, -45.0, 0.0]","[45.0, -0.0, -0.0]","[45.0, 0.0, 0.0]","[2, 2]"
2025-10-20 11:00:41,Motion_Completed,"[-0.0, -45.0, 0.0]","[45.0, -0.0, -0.0]","[45.0, 0.0, 0.0]","[2, 2]"
2025-10-20 11:00:41,Motion_Completed,"[-0.0, -45.0, 0.0]","[45.0, -0.0, -0.0]","[45.0, 0.0, 0.0]","[2, 2]"
2025-10-20 11:00:41,Motion_Completed,"[-0.0, -45.0, 0.0]","[45.0, -0.0, -0.0]","[45.0, 0.0, 0.0]","[2, 2]"
2025-10-20 11:00:41,Motion_Completed,"[-0.0, -45.0, 0.0]","[45.0, -0.0, -0.0]","[45.0, 0.0, 0.0]","[2, 2]"
2025-10-20 11:00:41,Motion_Completed,"[-0.0, -45.0, 0.0]","[45.0, -0.0, -0.0]","[45.0, 0.0, 0.0]","[2, 2]"
2025-10-20 11:00:41,Motion_Completed,"[-0.0, -45.0, 0.0]","[45.0, -0.0, -0.0]","[45.0, 0.0, 0.0]","[2, 2]"
2025-10-20 11:00:41,Motion_Completed,"[-0.0, -45.0, 0.0]","[45.0, -0.0, -0.0]","[45.0, 0.0, 0.0]","[2, 2]"
2025-10-20 11:00:41,Motion_Completed,"[-0.0, -45.0, 0.0]","[45.0, -0.0, -0.0]","[45.0, 0.0, 0.0]","[2, 2]"
2025-10-20 11:00:41,Motion_Completed,"[-0.0, -45.0, 0.0]","[45.0, -0.0, -0.0]","[45.0, 0.0, 0.0]","[2, 2]"
2025-10-20 11:00:41,Motion_Completed,"[-0.0, -45.0, 0.0]","[45.0, -0.0, -0.0]","[45.0, 0.0, 0.0]","[2, 2]"
2025-10-20 11:00:41,Motion_Completed,"[-0.0, -45.0, 0.0]","[45.0, -0.0, -0.0]","[45.0, 0.0, 0.0]","[2, 2]"
2025-10-20 11:00:41,Motion_Completed,"[-0.0, -45.0, 0.0]","[45.0, -0.0, -0.0]","[45.0, 0.0, 0.0]","[2, 2]"
2025-10-20 11:00:41,Motion_Completed,"[-0.0, -45.0, 0.0]","[45.0, -0.0, -0.0]","[45.0, 0.0, 0.0]","[2, 2]"
2025-10-20 11:00:41,Motion_Completed,"[-0.0, -45.0, 0.0]","[45.0, -0.0, -0.0]","[45.0, 0.0, 0.0]","[2, 2]"
2025-10-20 11:00:41,Motion_Completed,"[-0.0, -45.0, 0.0]","[45.0, -0.0, -0.0]","[45.0, 0.0, 0.0]","[2, 2]"
2025-10-20 11:00:41,Motion_Completed,"[-0.0, -45.0, 0.0]","[45.0, -0.0, -0.0]","[45.0, 0.0, 0.0]","[2, 2]"
2025-10-20 11:00:41,Motion_Completed,"[-0.0, -45.0, 0.0]","[45.0, -0.0, -0.0]","[45.0, 0.0, 0.0]","[2, 2]"
2025-10-20 11:00:41,Motion_Completed,"[-0.0, -45.0, 0.0]","[45.0, -0.0, -0.0]","[45.0, 0.0, 0.0]","[2, 2]"
2025-10-20 11:00:42,Motion_Completed,"[-0.0, -45.0, 0.0]","[45.0, -0.0, -0.0]","[45.0, 0.0, 0.0]","[2, 2]"
2025-10-20 11:00:42,Motion_Completed,"[-0.0, -45.0, 0.0]","[45.0, -0.0, -0.0]","[45.0, 0.0, 0.0]","[2, 2]"
2025-10-20 11:00:42,Motion_Completed,"[-0.0, -45.0, 0.0]","[45.0, -0.0, -0.0]","[45.0, 0.0, 0.0]","[2, 2]"
2025-10-20 11:00:42,Motion_Completed,"[-0.0, -45.0, 0.0]","[45.0, -0.0, -0.0]","[45.0, 0.0, 0.0]","[2, 2]"
2025-10-20 11:00:42,Motion_Completed,"[-0.0, -45.0, 0.0]","[45.0, -0.0, -0.0]","[45.0, 0.0, 0.0]","[2, 2]"
2025-10-20 11:00:42,Motion_Completed,"[-0.0, -45.0, 0.0]","[45.0, -0.0, -0.0]","[45.0, 0.0, 0.0]","[2, 2]"
2025-10-20 11:00:42,Motion_Completed,"[-0.0, -45.0, 0.0]","[45.0, -0.0, -0.0]","[45.0, 0.0, 0.0]","[2, 2]"
2025-10-20 11:00:42,Motion_Completed,"[-0.0, -45.0, 0.0]","[45.0, -0.0, -0.0]","[45.0, 0.0, 0.0]","[2, 2]"
2025-10-20 11:00:42,Motion_Completed,"[-0.0, -45.0, 0.0]","[45.0, -0.0, -0.0]","[45.0, 0.0, 0.0]","[2, 2]"
2025-10-20 11:00:42,Motion_Completed,"[-0.0, -45.0, 0.0]","[45.0, -0.0, -0.0]","[45.0, 0.0, 0.0]","[2, 2]"
2025-10-20 11:00:42,Motion_Completed,"[-0.0, -45.0, 0.0]","[45.0, -0.0, -0.0]","[45.0, 0.0, 0.0]","[2, 2]"
2025-10-20 11:00:42,Motion_Completed,"[-0.0, -45.0, 0.0]","[45.0, -0.0, -0.0]","[45.0, 0.0, 0.0]","[2, 2]"
2025-10-20 11:00:42,Motion_Completed,"[-0.0, -45.0, 0.0]","[45.0, -0.0, -0.0]","[45.0, 0.0, 0.0]","[2, 2]"
2025-10-20 11:00:42,Motion_Completed,"[-0.0, -45.0, 0.0]","[45.0, -0.0, -0.0]","[45.0, 0.0, 0.0]","[2, 2]"
2025-10-20 11:00:42,Motion_Completed,"[-0.0, -45.0, 0.0]","[45.0, -0.0, -0.0]","[45.0, 0.0, 0.0]","[2, 2]"
2025-10-20 11:00:42,Motion_Completed,"[-0.0, -45.0, 0.0]","[45.0, -0.0, -0.0]","[45.0, 0.0, 0.0]","[2, 2]"
2025-10-20 11:00:42,Motion_Completed,"[-0.0, -45.0, 0.0]","[45.0, -0.0, -0.0]","[45.0, 0.0, 0.0]","[2, 2]"
2025-10-20 11:00:42,Motion_Completed,"[-0.0, -45.0, 0.0]","[45.0, -0.0, -0.0]","[45.0, 0.0, 0.0]","[2, 2]"
2025-10-20 11:00:42,Motion_Completed,"[-0.0, -45.0, 0.0]","[45.0, -0.0, -0.0]","[45.0, 0.0, 0.0]","[2, 2]"
2025-10-20 11:00:42,Motion_Completed,"[-0.0, -45.0, 0.0]","[45.0, -0.0, -0.0]","[45.0, 0.0, 0.0]","[2, 2]"
2025-10-20 11:00:42,Motion_Completed,"[-0.0, -45.0, 0.0]","[45.0, -0.0, -0.0]","[45.0, 0.0, 0.0]","[2, 2]"
2025-10-20 11:00:42,Motion_Completed,"[-0.0, -45.0, 0.0]","[45.0, -0.0, -0.0]","[45.0, 0.0, 0.0]","[2, 2]"
2025-10-20 11:00:42,Motion_Completed,"[-0.0, -45.0, 0.0]","[45.0, -0.0, -0.0]","[45.0, 0.0, 0.0]","[2, 2]"
2025-10-20 11:00:42,Motion_Completed,"[-0.0, -45.0, 0.0]","[45.0, -0.0, -0.0]","[45.0, 0.0, 0.0]","[2, 2]"
2025-10-20 11:00:42,Motion_Completed,"[-0.0, -45.0, 0.0]","[45.0, -0.0, -0.0]","[45.0, 0.0, 0.0]","[2, 2]"
2025-10-20 11:00:43,Motion_Completed,"[-0.0, -45.0, 0.0]","[45.0, -0.0, -0.0]","[45.0, 0.0, 0.0]","[2, 2]"
2025-10-20 11:00:43,Motion_Completed,"[-0.0, -45.0, 0.0]","[45.0, -0.0, -0.0]","[45.0, 0.0, 0.0]","[2, 2]"
2025-10-20 11:00:43,Motion_Completed,"[-0.0, -45.0, 0.0]","[45.0, -0.0, -0.0]","[45.0, 0.0, 0.0]","[2, 2]"
2025-10-20 11:00:43,Motion_Completed,"[-0.0, -45.0, 0.0]","[45.0, -0.0, -0.0]","[45.0, 0.0, 0.0]","[2, 2]"
2025-10-20 11:00:43,Motion_Completed,"[-0.0, -45.0, 0.0]","[45.0, -0.0, -0.0]","[45.0, 0.0, 0.0]","[2, 2]"
2025-10-20 11:00:43,Motion_Completed,"[-0.0, -45.0, 0.0]","[45.0, -0.0, -0.0]","[45.0, 0.0, 0.0]","[2, 2]"
2025-10-20 11:00:43,Motion_Completed,"[-0.0, -45.0, 0.0]","[45.0, -0.0, -0.0]","[45.0, 0.0, 0.0]","[2, 2]"
2025-10-20 11:00:43,Motion_Completed,"[-0.0, -45.0, 0.0]","[45.0, -0.0, -0.0]","[45.0, 0.0, 0.0]","[2, 2]"
2025-10-20 11:00:43,Motion_Completed,"[-0.0, -45.0, 0.0]","[45.0, -0.0, -0.0]","[45.0, 0.0, 0.0]","[2, 2]"
2025-10-20 11:00:43,Motion_Completed,"[-0.0, -45.0, 0.0]","[45.0, -0.0, -0.0]","[45.0, 0.0, 0.0]","[2, 2]"
2025-10-20 11:00:43,Motion_Completed,"[-0.0, -45.0, 0.0]","[45.0, -0.0, -0.0]","[45.0, 0.0, 0.0]","[2, 2]"
2025-10-20 11:00:43,Motion_Completed,"[-0.0, -45.0, 0.0]","[45.0, -0.0, -0.0]","[45.0, 0.0, 0.0]","[2, 2]"
2025-10-20 11:00:43,Motion_Completed,"[-0.0, -45.0, 0.0]","[45.0, -0.0, -0.0]","[45.0, 0.0, 0.0]","[2, 2]"
2025-10-20 11:00:43,Motion_Completed,"[-0.0, -45.0, 0.0]","[45.0, -0.0, -0.0]","[45.0, 0.0, 0.0]","[2, 2]"
2025-10-20 11:00:43,Motion_Completed,"[-0.0, -45.0, 0.0]","[45.0, -0.0, -0.0]","[45.0, 0.0, 0.0]","[2, 2]"
2025-10-20 11:00:43,Motion_Completed,"[-0.0, -45.0, 0.0]","[45.0, -0.0, -0.0]","[45.0, 0.0, 0.0]","[2, 2]"
2025-10-20 11:00:43,Motion_Completed,"[-0.0, -45.0, 0.0]","[45.0, -0.0, -0.0]","[45.0, 0.0, 0.0]","[2, 2]"
2025-10-20 11:00:43,Motion_Completed,"[-0.0, -45.0, 0.0]","[45.0, -0.0, -0.0]","[45.0, 0.0, 0.0]","[2, 2]"
2025-10-20 11:00:43,Motion_Completed,"[-0.0, -45.0, 0.0]","[45.0, -0.0, -0.0]","[45.0, 0.0, 0.0]","[2, 2]"
2025-10-20 11:00:43,Motion_Completed,"[-0.0, -45.0, 0.0]","[45.0, -0.0, -0.0]","[45.0, 0.0, 0.0]","[2, 2]"
2025-10-20 11:00:43,Motion_Completed,"[-0.0, -45.0, 0.0]","[45.0, -0.0, -0.0]","[45.0, 0.0, 0.0]","[2, 2]"
2025-10-20 11:00:43,Motion_Completed,"[-0.0, -45.0, 0.0]","[45.0, -0.0, -0.0]","[45.0, 0.0, 0.0]","[2, 2]"
2025-10-20 11:00:43,Motion_Completed,"[-0.0, -45.0, 0.0]","[45.0, -0.0, -0.0]","[45.0, 0.0, 0.0]","[2, 2]"
2025-10-20 11:00:43,Motion_Completed,"[-0.0, -45.0, 0.0]","[45.0, -0.0, -0.0]","[45.0, 0.0, 0.0]","[2, 2]"
2025-10-20 11:00:43,Motion_Completed,"[-0.0, -45.0, 0.0]","[45.0, -0.0, -0.0]","[45.0, 0.0, 0.0]","[2, 2]"
2025-10-20 11:00:44,Motion_Completed,"[-0.0, -45.0, 0.0]","[45.0, -0.0, -0.0]","[45.0, 0.0, 0.0]","[2, 2]"
2025-10-20 11:00:44,Motion_Completed,"[-0.0, -45.0, 0.0]","[45.0, -0.0, -0.0]","[45.0, 0.0, 0.0]","[2, 2]"
2025-10-20 11:00:44,Motion_Completed,"[-0.0, -45.0, 0.0]","[45.0, -0.0, -0.0]","[45.0, 0.0, 0.0]","[2, 2]"
2025-10-20 11:00:44,Motion_Completed,"[-0.0, -45.0, 0.0]","[45.0, -0.0, -0.0]","[45.0, 0.0, 0.0]","[2, 2]"
2025-10-20 11:00:44,Motion_Completed,"[-0.0, -45.0, 0.0]","[45.0, -0.0, -0.0]","[45.0, 0.0, 0.0]","[2, 2]"
2025-10-20 11:00:44,Motion_Completed,"[-0.0, -45.0, 0.0]","[45.0, -0.0, -0.0]","[45.0, 0.0, 0.0]","[2, 2]"
2025-10-20 11:00:44,Motion_Completed,"[-0.0, -45.0, 0.0]","[45.0, -0.0, -0.0]","[45.0, 0.0, 0.0]","[2, 2]"
2025-10-20 11:00:44,Motion_Completed,"[-0.0, -45.0, 0.0]","[45.0, -0.0, -0.0]","[45.0, 0.0, 0.0]","[2, 2]"
2025-10-20 11:00:44,Motion_Completed,"[-0.0, -45.0, 0.0]","[45.0, -0.0, -0.0]","[45.0, 0.0, 0.0]","[2, 2]"
2025-10-20 11:00:44,Motion_Completed,"[-0.0, -45.0, 0.0]","[45.0, -0.0, -0.0]","[45.0, 0.0, 0.0]","[2, 2]"
2025-10-20 11:00:44,Motion_Completed,"[-0.0, -45.0, 0.0]","[45.0, -0.0, -0.0]","[45.0, 0.0, 0.0]","[2, 2]"
2025-10-20 11:00:44,Motion_Completed,"[-0.0, -45.0, 0.0]","[45.0, -0.0, -0.0]","[45.0, 0.0, 0.0]","[2, 2]"
2025-10-20 11:00:44,Motion_Completed,"[-0.0, -45.0, 0.0]","[45.0, -0.0, -0.0]","[45.0, 0.0, 0.0]","[2, 2]"
2025-10-20 11:00:44,Motion_Completed,"[-0.0, -45.0, 0.0]","[45.0, -0.0, -0.0]","[45.0, 0.0, 0.0]","[2, 2]"
2025-10-20 11:00:44,Motion_Completed,"[-0.0, -45.0, 0.0]","[45.0, -0.0, -0.0]","[45.0, 0.0, 0.0]","[2, 2]"
2025-10-20 11:00:44,Motion_Completed,"[-0.0, -45.0, 0.0]","[45.0, -0.0, -0.0]","[45.0, 0.0, 0.0]","[2, 2]"
2025-10-20 11:00:44,Motion_Completed,"[-0.0, -45.0, 0.0]","[45.0, -0.0, -0.0]","[45.0, 0.0, 0.0]","[2, 2]"
2025-10-20 11:00:44,Motion_Completed,"[-0.0, -45.0, 0.0]","[45.0, -0.0, -0.0]","[45.0, 0.0, 0.0]","[2, 2]"
2025-10-20 11:00:44,Motion_Completed,"[-0.0, -45.0, 0.0]","[45.0, -0.0, -0.0]","[45.0, 0.0, 0.0]","[2, 2]"
2025-10-20 11:00:44,Motion_Completed,"[-0.0, -45.0, 0.0]","[45.0, -0.0, -0.0]","[45.0, 0.0, 0.0]","[2, 2]"
2025-10-20 11:00:44,Motion_Completed,"[-0.0, -45.0, 0.0]","[45.0, -0.0, -0.0]","[45.0, 0.0, 0.0]","[2, 2]"
2025-10-20 11:00:44,Motion_Completed,"[-0.0, -45.0, 0.0]","[45.0, -0.0, -0.0]","[45.0, 0.0, 0.0]","[2, 2]"
2025-10-20 11:00:44,Motion_Completed,"[-0.0, -45.0, 0.0]","[45.0, -0.0, -0.0]","[45.0, 0.0, 0.0]","[2, 2]"
2025-10-20 11:00:44,Motion_Completed,"[-0.0, -45.0, 0.0]","[45.0, -0.0, -0.0]","[45.0, 0.0, 0.0]","[2, 2]"
2025-10-20 11:00:44,Motion_Completed,"[-0.0, -45.0, 0.0]","[45.0, -0.0, -0.0]","[45.0, 0.0, 0.0]","[2, 2]"
2025-10-20 11:00:45,Motion_Completed,"[-0.0, -45.0, 0.0]","[45.0, -0.0, -0.0]","[45.0, 0.0, 0.0]","[2, 2]"
2025-10-20 11:00:45,Motion_Completed,"[-0.0, -45.0, 0.0]","[45.0, -0.0, -0.0]","[45.0, 0.0, 0.0]","[2, 2]"
2025-10-20 11:00:45,Motion_Completed,"[-0.0, -45.0, 0.0]","[45.0, -0.0, -0.0]","[45.0, 0.0, 0.0]","[2, 2]"
2025-10-20 11:00:45,Motion_Completed,"[-0.0, -45.0, 0.0]","[45.0, -0.0, -0.0]","[45.0, 0.0, 0.0]","[2, 2]"
2025-10-20 11:00:45,Motion_Completed,"[-0.0, -45.0, 0.0]","[45.0, -0.0, -0.0]","[45.0, 0.0, 0.0]","[2, 2]"
2025-10-20 11:00:45,Motion_Completed,"[-0.0, -45.0, 0.0]","[45.0, -0.0, -0.0]","[45.0, 0.0, 0.0]","[2, 2]"
2025-10-20 11:00:45,Motion_Completed,"[-0.0, -45.0, 0.0]","[45.0, -0.0, -0.0]","[45.0, 0.0, 0.0]","[2, 2]"
2025-10-20 11:00:45,Motion_Completed,"[-0.0, -45.0, 0.0]","[45.0, -0.0, -0.0]","[45.0, 0.0, 0.0]","[2, 2]"
2025-10-20 11:00:45,Motion_Completed,"[-0.0, -45.0, 0.0]","[45.0, -0.0, -0.0]","[45.0, 0.0, 0.0]","[2, 2]"
2025-10-20 11:00:45,Motion_Completed,"[-0.0, -45.0, 0.0]","[45.0, -0.0, -0.0]","[45.0, 0.0, 0.0]","[2, 2]"
2025-10-20 11:00:45,Motion_Completed,"[-0.0, -45.0, 0.0]","[45.0, -0.0, -0.0]","[45.0, 0.0, 0.0]","[2, 2]"
2025-10-20 11:00:45,Motion_Completed,"[-0.0, -45.0, 0.0]","[45.0, -0.0, -0.0]","[45.0, 0.0, 0.0]","[2, 2]"
2025-10-20 11:00:45,Motion_Completed,"[-0.0, -45.0, 0.0]","[45.0, -0.0, -0.0]","[45.0, 0.0, 0.0]","[2, 2]"
2025-10-20 11:00:45,Motion_Completed,"[-0.0, -45.0, 0.0]","[45.0, -0.0, -0.0]","[45.0, 0.0, 0.0]","[2, 2]"
2025-10-20 11:00:45,Motion_Completed,"[-0.0, -45.0, 0.0]","[45.0, -0.0, -0.0]","[45.0, 0.0, 0.0]","[2, 2]"
2025-10-20 11:00:45,Motion_Completed,"[-0.0, -45.0, 0.0]","[45.0, -0.0, -0.0]","[45.0, 0.0, 0.0]","[2, 2]"
2025-10-20 11:00:45,Motion_Completed,"[-0.0, -45.0, 0.0]","[45.0, -0.0, -0.0]","[45.0, 0.0, 0.0]","[2, 2]"
2025-10-20 11:00:45,Motion_Completed,"[-0.0, -45.0, 0.0]","[45.0, -0.0, -0.0]","[45.0, 0.0, 0.0]","[2, 2]"
2025-10-20 11:00:45,Motion_Completed,"[-0.0, -45.0, 0.0]","[45.0, -0.0, -0.0]","[45.0, 0.0, 0.0]","[2, 2]"
2025-10-20 11:00:45,Motion_Completed,"[-0.0, -45.0, 0.0]","[45.0, -0.0, -0.0]","[45.0, 0.0, 0.0]","[2, 2]"
2025-10-20 11:00:45,Motion_Completed,"[-0.0, -45.0, 0.0]","[45.0, -0.0, -0.0]","[45.0, 0.0, 0.0]","[2, 2]"
2025-10-20 11:00:45,Motion_Completed,"[-0.0, -45.0, 0.0]","[45.0, -0.0, -0.0]","[45.0, 0.0, 0.0]","[2, 2]"
2025-10-20 11:00:45,Motion_Completed,"[-0.0, -45.0, 0.0]","[45.0, -0.0, -0.0]","[45.0, 0.0, 0.0]","[2, 2]"
2025-10-20 11:00:45,Motion_Completed,"[-0.0, -45.0, 0.0]","[45.0, -0.0, -0.0]","[45.0, 0.0, 0.0]","[2, 2]"
2025-10-20 11:00:45,Motion_Completed,"[-0.0, -45.0, 0.0]","[45.0, -0.0, -0.0]","[45.0, 0.0, 0.0]","[2, 2]"
2025-10-20 11:00:46,Motion_Completed,"[-0.0, -45.0, 0.0]","[45.0, -0.0, -0.0]","[45.0, 0.0, 0.0]","[2, 2]"
2025-10-20 11:00:46,Motion_Completed,"[-0.0, -45.0, 0.0]","[45.0, -0.0, -0.0]","[45.0, 0.0, 0.0]","[2, 2]"
2025-10-20 11:00:46,Motion_Completed,"[-0.0, -45.0, 0.0]","[45.0, -0.0, -0.0]","[45.0, 0.0, 0.0]","[2, 2]"
2025-10-20 11:00:46,Motion_Completed,"[-0.0, -45.0, 0.0]","[45.0, -0.0, -0.0]","[45.0, 0.0, 0.0]","[2, 2]"
2025-10-20 11:00:46,Motion_Completed,"[-0.0, -45.0, 0.0]","[45.0, -0.0, -0.0]","[45.0, 0.0, 0.0]","[2, 2]"
2025-10-20 11:00:46,Motion_Completed,"[-0.0, -45.0, 0.0]","[45.0, -0.0, -0.0]","[45.0, 0.0, 0.0]","[2, 2]"
2025-10-20 11:00:46,Motion_Completed,"[-0.0, -45.0, 0.0]","[45.0, -0.0, -0.0]","[45.0, 0.0, 0.0]","[2, 2]"
2025-10-20 11:00:46,Motion_Completed,"[-0.0, -45.0, 0.0]","[45.0, -0.0, -0.0]","[45.0, 0.0, 0.0]","[2, 2]"
2025-10-20 11:00:46,Motion_Completed,"[-0.0, -45.0, 0.0]","[45.0, -0.0, -0.0]","[45.0, 0.0, 0.0]","[2, 2]"
2025-10-20 11:00:46,Motion_Completed,"[-0.0, -45.0, 0.0]","[45.0, -0.0, -0.0]","[45.0, 0.0, 0.0]","[2, 2]"
2025-10-20 11:00:46,Motion_Completed,"[-0.0, -45.0, 0.0]","[45.0, -0.0, -0.0]","[45.0, 0.0, 0.0]","[2, 2]"
2025-10-20 11:00:46,Motion_Completed,"[-0.0, -45.0, 0.0]","[45.0, -0.0, -0.0]","[45.0, 0.0, 0.0]","[2, 2]"
2025-10-20 11:00:46,Motion_Completed,"[-0.0, -45.0, 0.0]","[45.0, -0.0, -0.0]","[45.0, 0.0, 0.0]","[2, 2]"
2025-10-20 11:00:46,Motion_Completed,"[-0.0, -45.0, 0.0]","[45.0, -0.0, -0.0]","[45.0, 0.0, 0.0]","[2, 2]"
2025-10-20 11:00:46,Motion_Completed,"[-0.0, -45.0, 0.0]","[45.0, -0.0, -0.0]","[45.0, 0.0, 0.0]","[2, 2]"
2025-10-20 11:00:46,Motion_Completed,"[-0.0, -45.0, 0.0]","[45.0, -0.0, -0.0]","[45.0, 0.0, 0.0]","[2, 2]"
2025-10-20 11:00:46,Motion_Completed,"[-0.0, -45.0, 0.0]","[45.0, -0.0, -0.0]","[45.0, 0.0, 0.0]","[2, 2]"
2025-10-20 11:00:46,Motion_Completed,"[-0.0, -45.0, 0.0]","[45.0, -0.0, -0.0]","[45.0, 0.0, 0.0]","[2, 2]"
2025-10-20 11:00:46,Motion_Completed,"[-0.0, -45.0, 0.0]","[45.0, -0.0, -0.0]","[45.0, 0.0, 0.0]","[2, 2]"
2025-10-20 11:00:46,Motion_Completed,"[-0.0, -45.0, 0.0]","[45.0, -0.0, -0.0]","[45.0, 0.0, 0.0]","[2, 2]"
2025-10-20 11:00:46,Motion_Completed,"[-0.0, -45.0, 0.0]","[45.0, -0.0, -0.0]","[45.0, 0.0, 0.0]","[2, 2]"
2025-10-20 11:00:46,Motion_Completed,"[-0.0, -45.0, 0.0]","[45.0, -0.0, -0.0]","[45.0, 0.0, 0.0]","[2, 2]"
2025-10-20 11:00:46,Motion_Completed,"[-0.0, -45.0, 0.0]","[45.0, -0.0, -0.0]","[45.0, 0.0, 0.0]","[2, 2]"
2025-10-20 11:00:46,Motion_Completed,"[-0.0, -45.0, 0.0]","[45.0, -0.0, -0.0]","[45.0, 0.0, 0.0]","[2, 2]"
2025-10-20 11:00:46,Motion_Completed,"[-0.0, -45.0, 0.0]","[45.0, -0.0, -0.0]","[45.0, 0.0, 0.0]","[2, 2]"
2025-10-20 11:00:47,Motion_Completed,"[-0.0, -45.0, 0.0]","[45.0, -0.0, -0.0]","[45.0, 0.0, 0.0]","[2, 2]"
2025-10-20 11:00:47,Motion_Completed,"[-0.0, -45.0, 0.0]","[45.0, -0.0, -0.0]","[45.0, 0.0, 0.0]","[2, 2]"
2025-10-20 11:00:47,Motion_Completed,"[-0.0, -45.0, 0.0]","[45.0, -0.0, -0.0]","[45.0, 0.0, 0.0]","[2, 2]"
2025-10-20 11:00:47,Motion_Completed,"[-0.0, -45.0, 0.0]","[45.0, -0.0, -0.0]","[45.0, 0.0, 0.0]","[2, 2]"
2025-10-20 11:00:47,Motion_Completed,"[-0.0, -45.0, 0.0]","[45.0, -0.0, -0.0]","[45.0, 0.0, 0.0]","[2, 2]"
2025-10-20 11:00:47,Motion_Completed,"[-0.0, -45.0, 0.0]","[45.0, -0.0, -0.0]","[45.0, 0.0, 0.0]","[2, 2]"
2025-10-20 11:00:47,Motion_Completed,"[-0.0, -45.0, 0.0]","[45.0, -0.0, -0.0]","[45.0, 0.0, 0.0]","[2, 2]"
2025-10-20 11:00:47,Motion_Completed,"[-0.0, -45.0, 0.0]","[45.0, -0.0, -0.0]","[45.0, 0.0, 0.0]","[2, 2]"
2025-10-20 11:00:47,Motion_Completed,"[-0.0, -45.0, 0.0]","[45.0, -0.0, -0.0]","[45.0, 0.0, 0.0]","[2, 2]"
2025-10-20 11:00:47,Motion_Completed,"[-0.0, -45.0, 0.0]","[45.0, -0.0, -0.0]","[45.0, 0.0, 0.0]","[2, 2]"
2025-10-20 11:00:47,Motion_Completed,"[-0.0, -45.0, 0.0]","[45.0, -0.0, -0.0]","[45.0, 0.0, 0.0]","[2, 2]"
2025-10-20 11:00:47,Motion_Completed,"[-0.0, -45.0, 0.0]","[45.0, -0.0, -0.0]","[45.0, 0.0, 0.0]","[2, 2]"
2025-10-20 11:00:47,Motion_Completed,"[-0.0, -45.0, 0.0]","[45.0, -0.0, -0.0]","[45.0, 0.0, 0.0]","[2, 2]"
2025-10-20 11:00:47,Motion_Completed,"[-0.0, -45.0, 0.0]","[45.0, -0.0, -0.0]","[45.0, 0.0, 0.0]","[2, 2]"
2025-10-20 11:00:47,Motion_Completed,"[-0.0, -45.0, 0.0]","[45.0, -0.0, -0.0]","[45.0, 0.0, 0.0]","[2, 2]"
2025-10-20 11:00:47,Motion_Completed,"[-0.0, -45.0, 0.0]","[45.0, -0.0, -0.0]","[45.0, 0.0, 0.0]","[2, 2]"
2025-10-20 11:00:47,Motion_Completed,"[-0.0, -45.0, 0.0]","[45.0, -0.0, -0.0]","[45.0, 0.0, 0.0]","[2, 2]"
2025-10-20 11:00:47,Motion_Completed,"[-0.0, -45.0, 0.0]","[45.0, -0.0, -0.0]","[45.0, 0.0, 0.0]","[2, 2]"
2025-10-20 11:00:47,Motion_Completed,"[-0.0, -45.0, 0.0]","[45.0, -0.0, -0.0]","[45.0, 0.0, 0.0]","[2, 2]"
2025-10-20 11:00:47,Motion_Completed,"[-0.0, -45.0, 0.0]","[45.0, -0.0, -0.0]","[45.0, 0.0, 0.0]","[2, 2]"
2025-10-20 11:00:47,Motion_Completed,"[-0.0, -45.0, 0.0]","[45.0, -0.0, -0.0]","[45.0, 0.0, 0.0]","[2, 2]"
2025-10-20 11:00:47,Motion_Completed,"[-0.0, -45.0, 0.0]","[45.0, -0.0, -0.0]","[45.0, 0.0, 0.0]","[2, 2]"
2025-10-20 11:00:47,Motion_Completed,"[-0.0, -45.0, 0.0]","[45.0, -0.0, -0.0]","[45.0, 0.0, 0.0]","[2, 2]"
2025-10-20 11:00:47,Motion_Completed,"[-0.0, -45.0, 0.0]","[45.0, -0.0, -0.0]","[45.0, 0.0, 0.0]","[2, 2]"
2025-10-20 11:00:47,Motion_Completed,"[-0.0, -45.0, 0.0]","[45.0, -0.0, -0.0]","[45.0, 0.0, 0.0]","[2, 2]"
2025-10-20 11:00:48,Motion_Completed,"[-0.0, -45.0, 0.0]","[45.0, -0.0, -0.0]","[45.0, 0.0, 0.0]","[2, 2]"
2025-10-20 11:00:48,Motion_Completed,"[-0.0, -45.0, 0.0]","[45.0, -0.0, -0.0]","[45.0, 0.0, 0.0]","[2, 2]"
2025-10-20 11:00:48,Motion_Completed,"[-0.0, -45.0, 0.0]","[45.0, -0.0, -0.0]","[45.0, 0.0, 0.0]","[2, 2]"
2025-10-20 11:00:48,Motion_Completed,"[-0.0, -45.0, 0.0]","[45.0, -0.0, -0.0]","[45.0, 0.0, 0.0]","[2, 2]"
2025-10-20 11:00:48,Motion_Completed,"[-0.0, -45.0, 0.0]","[45.0, -0.0, -0.0]","[45.0, 0.0, 0.0]","[2, 2]"
2025-10-20 11:00:48,Motion_Completed,"[-0.0, -45.0, 0.0]","[45.0, -0.0, -0.0]","[45.0, 0.0, 0.0]","[2, 2]"
2025-10-20 11:00:48,Motion_Completed,"[-0.0, -45.0, 0.0]","[45.0, -0.0, -0.0]","[45.0, 0.0, 0.0]","[2, 2]"
2025-10-20 11:00:48,Motion_Completed,"[-0.0, -45.0, 0.0]","[45.0, -0.0, -0.0]","[45.0, 0.0, 0.0]","[2, 2]"
2025-10-20 11:00:48,Motion_Completed,"[-0.0, -45.0, 0.0]","[45.0, -0.0, -0.0]","[45.0, 0.0, 0.0]","[2, 2]"
2025-10-20 11:00:48,Motion_Completed,"[-0.0, -45.0, 0.0]","[45.0, -0.0, -0.0]","[45.0, 0.0, 0.0]","[2, 2]"
2025-10-20 11:00:48,Motion_Completed,"[-0.0, -45.0, 0.0]","[45.0, -0.0, -0.0]","[45.0, 0.0, 0.0]","[2, 2]"
2025-10-20 11:00:48,Motion_Completed,"[-0.0, -45.0, 0.0]","[45.0, -0.0, -0.0]","[45.0, 0.0, 0.0]","[2, 2]"
2025-10-20 11:00:48,Motion_Completed,"[-0.0, -45.0, 0.0]","[45.0, -0.0, -0.0]","[45.0, 0.0, 0.0]","[2, 2]"
2025-10-20 11:00:48,Motion_Completed,"[-0.0, -45.0, 0.0]","[45.0, -0.0, -0.0]","[45.0, 0.0, 0.0]","[2, 2]"
2025-10-20 11:00:48,Motion_Completed,"[-0.0, -45.0, 0.0]","[45.0, -0.0, -0.0]","[45.0, 0.0, 0.0]","[2, 2]"
2025-10-20 11:00:48,Motion_Completed,"[-0.0, -45.0, 0.0]","[45.0, -0.0, -0.0]","[45.0, 0.0, 0.0]","[2, 2]"
2025-10-20 11:00:48,Motion_Completed,"[-0.0, -45.0, 0.0]","[45.0, -0.0, -0.0]","[45.0, 0.0, 0.0]","[2, 2]"
2025-10-20 11:00:48,Motion_Completed,"[-0.0, -45.0, 0.0]","[45.0, -0.0, -0.0]","[45.0, 0.0, 0.0]","[2, 2]"
2025-10-20 11:00:48,Motion_Completed,"[-0.0, -45.0, 0.0]","[45.0, -0.0, -0.0]","[45.0, 0.0, 0.0]","[2, 2]"
2025-10-20 11:00:48,Motion_Completed,"[-0.0, -45.0, 0.0]","[45.0, -0.0, -0.0]","[45.0, 0.0, 0.0]","[2, 2]"
2025-10-20 11:00:48,Motion_Completed,"[-0.0, -45.0, 0.0]","[45.0, -0.0, -0.0]","[45.0, 0.0, 0.0]","[2, 2]"
2025-10-20 11:00:48,Motion_Completed,"[-0.0, -45.0, 0.0]","[45.0, -0.0, -0.0]","[45.0, 0.0, 0.0]","[2, 2]"
2025-10-20 11:00:48,Motion_Completed,"[-0.0, -45.0, 0.0]","[45.0, -0.0, -0.0]","[45.0, 0.0, 0.0]","[2, 2]"
2025-10-20 11:00:48,Motion_Completed,"[-0.0, -45.0, 0.0]","[45.0, -0.0, -0.0]","[45.0, 0.0, 0.0]","[2, 2]"
2025-10-20 11:00:48,Motion_Completed,"[-0.0, -45.0, 0.0]","[45.0, -0.0, -0.0]","[45.0, 0.0, 0.0]","[2, 2]"
2025-10-20 11:00:49,Motion_Completed,"[-0.0, -45.0, 0.0]","[45.0, -0.0, -0.0]","[45.0, 0.0, 0.0]","[2, 2]"
2025-10-20 11:00:49,Motion_Completed,"[-0.0, -45.0, 0.0]","[45.0, -0.0, -0.0]","[45.0, 0.0, 0.0]","[2, 2]"
2025-10-20 11:00:49,Motion_Completed,"[-0.0, -45.0, 0.0]","[45.0, -0.0, -0.0]","[45.0, 0.0, 0.0]","[2, 2]"
2025-10-20 11:00:49,Motion_Completed,"[-0.0, -45.0, 0.0]","[45.0, -0.0, -0.0]","[45.0, 0.0, 0.0]","[2, 2]"
2025-10-20 11:00:49,Motion_Completed,"[-0.0, -45.0, 0.0]","[45.0, -0.0, -0.0]","[45.0, 0.0, 0.0]","[2, 2]"
2025-10-20 11:00:49,Motion_Completed,"[-0.0, -45.0, 0.0]","[45.0, -0.0, -0.0]","[45.0, 0.0, 0.0]","[2, 2]"
2025-10-20 11:00:49,Motion_Completed,"[-0.0, -45.0, 0.0]","[45.0, -0.0, -0.0]","[45.0, 0.0, 0.0]","[2, 2]"
2025-10-20 11:00:49,Motion_Completed,"[-0.0, -45.0, 0.0]","[45.0, -0.0, -0.0]","[45.0, 0.0, 0.0]","[2, 2]"
2025-10-20 11:00:49,Motion_Completed,"[-0.0, -45.0, 0.0]","[45.0, -0.0, -0.0]","[45.0, 0.0, 0.0]","[2, 2]"
2025-10-20 11:00:49,Motion_Completed,"[-0.0, -45.0, 0.0]","[45.0, -0.0, -0.0]","[45.0, 0.0, 0.0]","[2, 2]"
2025-10-20 11:00:49,Motion_Completed,"[-0.0, -45.0, 0.0]","[45.0, -0.0, -0.0]","[45.0, 0.0, 0.0]","[2, 2]"
2025-10-20 11:00:49,Motion_Completed,"[-0.0, -45.0, 0.0]","[45.0, -0.0, -0.0]","[45.0, 0.0, 0.0]","[2, 2]"
2025-10-20 11:00:49,Motion_Completed,"[-0.0, -45.0, 0.0]","[45.0, -0.0, -0.0]","[45.0, 0.0, 0.0]","[2, 2]"
2025-10-20 11:00:49,Motion_Completed,"[-0.0, -45.0, 0.0]","[45.0, -0.0, -0.0]","[45.0, 0.0, 0.0]","[2, 2]"
2025-10-20 11:00:49,Motion_Completed,"[-0.0, -45.0, 0.0]","[45.0, -0.0, -0.0]","[45.0, 0.0, 0.0]","[2, 2]"
2025-10-20 11:00:49,Motion_Completed,"[-0.0, -45.0, 0.0]","[45.0, -0.0, -0.0]","[45.0, 0.0, 0.0]","[2, 2]"
2025-10-20 11:00:49,Motion_Completed,"[-0.0, -45.0, 0.0]","[45.0, -0.0, -0.0]","[45.0, 0.0, 0.0]","[2, 2]"
2025-10-20 11:00:49,Motion_Completed,"[-0.0, -45.0, 0.0]","[45.0, -0.0, -0.0]","[45.0, 0.0, 0.0]","[2, 2]"
2025-10-20 11:00:49,Motion_Completed,"[-0.0, -45.0, 0.0]","[45.0, -0.0, -0.0]","[45.0, 0.0, 0.0]","[2, 2]"
2025-10-20 11:00:49,Motion_Completed,"[-0.0, -45.0, 0.0]","[45.0, -0.0, -0.0]","[45.0, 0.0, 0.0]","[2, 2]"
2025-10-20 11:00:49,Motion_Completed,"[-0.0, -45.0, 0.0]","[45.0, -0.0, -0.0]","[45.0, 0.0, 0.0]","[2, 2]"
2025-10-20 11:00:49,Motion_Completed,"[-0.0, -45.0, 0.0]","[45.0, -0.0, -0.0]","[45.0, 0.0, 0.0]","[2, 2]"
2025-10-20 11:00:49,Motion_Completed,"[-0.0, -45.0, 0.0]","[45.0, -0.0, -0.0]","[45.0, 0.0, 0.0]","[2, 2]"
2025-10-20 11:00:49,Motion_Completed,"[-0.0, -45.0, 0.0]","[45.0, -0.0, -0.0]","[45.0, 0.0, 0.0]","[2, 2]"
2025-10-20 11:00:49,Motion_Completed,"[-0.0, -45.0, 0.0]","[45.0, -0.0, -0.0]","[45.0, 0.0, 0.0]","[2, 2]"
2025-10-20 11:00:50,Motion_Completed,"[-0.0, -45.0, 0.0]","[45.0, -0.0, -0.0]","[45.0, 0.0, 0.0]","[2, 2]"
2025-10-20 11:00:50,Motion_Completed,"[-0.0, -45.0, 0.0]","[45.0, -0.0, -0.0]","[45.0, 0.0, 0.0]","[2, 2]"
2025-10-20 11:00:50,Motion_Completed,"[-0.0, -45.0, 0.0]","[45.0, -0.0, -0.0]","[45.0, 0.0, 0.0]","[2, 2]"
2025-10-20 11:00:50,Motion_Completed,"[-0.0, -45.0, 0.0]","[45.0, -0.0, -0.0]","[45.0, 0.0, 0.0]","[2, 2]"
2025-10-20 11:00:50,Motion_Completed,"[-0.0, -45.0, 0.0]","[45.0, -0.0, -0.0]","[45.0, 0.0, 0.0]","[2, 2]"
2025-10-20 11:00:50,Motion_Completed,"[-0.0, -45.0, 0.0]","[45.0, -0.0, -0.0]","[45.0, 0.0, 0.0]","[2, 2]"
2025-10-20 11:00:50,Motion_Completed,"[-0.0, -45.0, 0.0]","[45.0, -0.0, -0.0]","[45.0, 0.0, 0.0]","[2, 2]"
2025-10-20 11:00:50,Motion_Completed,"[-0.0, -45.0, 0.0]","[45.0, -0.0, -0.0]","[45.0, 0.0, 0.0]","[2, 2]"
2025-10-20 11:00:50,Motion_Completed,"[-0.0, -45.0, 0.0]","[45.0, -0.0, -0.0]","[45.0, 0.0, 0.0]","[2, 2]"
2025-10-20 11:00:50,Motion_Completed,"[-0.0, -45.0, 0.0]","[45.0, -0.0, -0.0]","[45.0, 0.0, 0.0]","[2, 2]"
2025-10-20 11:00:50,Motion_Completed,"[-0.0, -45.0, 0.0]","[45.0, -0.0, -0.0]","[45.0, 0.0, 0.0]","[2, 2]"
2025-10-20 11:00:50,Motion_Completed,"[-0.0, -45.0, 0.0]","[45.0, -0.0, -0.0]","[45.0, 0.0, 0.0]","[2, 2]"
2025-10-20 11:00:50,Motion_Completed,"[-0.0, -45.0, 0.0]","[45.0, -0.0, -0.0]","[45.0, 0.0, 0.0]","[2, 2]"
2025-10-20 11:00:50,Motion_Completed,"[-0.0, -45.0, 0.0]","[45.0, -0.0, -0.0]","[45.0, 0.0, 0.0]","[2, 2]"
2025-10-20 11:00:50,Motion_Completed,"[-0.0, -45.0, 0.0]","[45.0, -0.0, -0.0]","[45.0, 0.0, 0.0]","[2, 2]"
2025-10-20 11:00:50,Motion_Completed,"[-0.0, -45.0, 0.0]","[45.0, -0.0, -0.0]","[45.0, 0.0, 0.0]","[2, 2]"
2025-10-20 11:00:50,Motion_Completed,"[-0.0, -45.0, 0.0]","[45.0, -0.0, -0.0]","[45.0, 0.0, 0.0]","[2, 2]"
2025-10-20 11:00:50,Motion_Completed,"[-0.0, -45.0, 0.0]","[45.0, -0.0, -0.0]","[45.0, 0.0, 0.0]","[2, 2]"
2025-10-20 11:00:50,Motion_Completed,"[-0.0, -45.0, 0.0]","[45.0, -0.0, -0.0]","[45.0, 0.0, 0.0]","[2, 2]"
2025-10-20 11:00:50,Motion_Completed,"[-0.0, -45.0, 0.0]","[45.0, -0.0, -0.0]","[45.0, 0.0, 0.0]","[2, 2]"
2025-10-20 11:00:50,Motion_Completed,"[-0.0, -45.0, 0.0]","[45.0, -0.0, -0.0]","[45.0, 0.0, 0.0]","[2, 2]"
2025-10-20 11:00:50,Motion_Completed,"[-0.0, -45.0, 0.0]","[45.0, -0.0, -0.0]","[45.0, 0.0, 0.0]","[2, 2]"
2025-10-20 11:00:50,Motion_Completed,"[-0.0, -45.0, 0.0]","[45.0, -0.0, -0.0]","[45.0, 0.0, 0.0]","[2, 2]"
2025-10-20 11:00:50,Motion_Completed,"[-0.0, -45.0, 0.0]","[45.0, -0.0, -0.0]","[45.0, 0.0, 0.0]","[2, 2]"
2025-10-20 11:00:50,Motion_Completed,"[-0.0, -45.0, 0.0]","[45.0, -0.0, -0.0]","[45.0, 0.0, 0.0]","[2, 2]"
2025-10-20 11:00:51,Motion_Completed,"[-0.0, -45.0, 0.0]","[45.0, -0.0, -0.0]","[45.0, 0.0, 0.0]","[2, 2]"
2025-10-20 11:00:51,Motion_Completed,"[-0.0, -45.0, 0.0]","[45.0, -0.0, -0.0]","[45.0, 0.0, 0.0]","[2, 2]"
2025-10-20 11:00:51,Motion_Completed,"[-0.0, -45.0, 0.0]","[45.0, -0.0, -0.0]","[45.0, 0.0, 0.0]","[2, 2]"
2025-10-20 11:00:51,Motion_Completed,"[-0.0, -45.0, 0.0]","[45.0, -0.0, -0.0]","[45.0, 0.0, 0.0]","[2, 2]"
2025-10-20 11:00:51,Motion_Completed,"[-0.0, -45.0, 0.0]","[45.0, -0.0, -0.0]","[45.0, 0.0, 0.0]","[2, 2]"
2025-10-20 11:00:51,Motion_Completed,"[-0.0, -45.0, 0.0]","[45.0, -0.0, -0.0]","[45.0, 0.0, 0.0]","[2, 2]"
2025-10-20 11:00:51,Motion_Completed,"[-0.0, -45.0, 0.0]","[45.0, -0.0, -0.0]","[45.0, 0.0, 0.0]","[2, 2]"
2025-10-20 11:00:51,Motion_Completed,"[-0.0, -45.0, 0.0]","[45.0, -0.0, -0.0]","[45.0, 0.0, 0.0]","[2, 2]"
2025-10-20 11:00:51,Motion_Completed,"[-0.0, -45.0, 0.0]","[45.0, -0.0, -0.0]","[45.0, 0.0, 0.0]","[2, 2]"
2025-10-20 11:00:51,Motion_Completed,"[-0.0, -45.0, 0.0]","[45.0, -0.0, -0.0]","[45.0, 0.0, 0.0]","[2, 2]"
2025-10-20 11:00:51,Motion_Completed,"[-0.0, -45.0, 0.0]","[45.0, -0.0, -0.0]","[45.0, 0.0, 0.0]","[2, 2]"
2025-10-20 11:00:51,Motion_Completed,"[-0.0, -45.0, 0.0]","[45.0, -0.0, -0.0]","[45.0, 0.0, 0.0]","[2, 2]"
2025-10-20 11:00:51,Motion_Completed,"[-0.0, -45.0, 0.0]","[45.0, -0.0, -0.0]","[45.0, 0.0, 0.0]","[2, 2]"
2025-10-20 11:00:51,Motion_Completed,"[-0.0, -45.0, 0.0]","[45.0, -0.0, -0.0]","[45.0, 0.0, 0.0]","[2, 2]"
2025-10-20 11:00:51,Motion_Completed,"[-0.0, -45.0, 0.0]","[45.0, -0.0, -0.0]","[45.0, 0.0, 0.0]","[2, 2]"
2025-10-20 11:00:51,Motion_Completed,"[-0.0, -45.0, 0.0]","[45.0, -0.0, -0.0]","[45.0, 0.0, 0.0]","[2, 2]"
2025-10-20 11:00:51,Motion_Completed,"[-0.0, -45.0, 0.0]","[45.0, -0.0, -0.0]","[45.0, 0.0, 0.0]","[2, 2]"
2025-10-20 11:00:51,Motion_Completed,"[-0.0, -45.0, 0.0]","[45.0, -0.0, -0.0]","[45.0, 0.0, 0.0]","[2, 2]"
2025-10-20 11:00:51,Motion_Completed,"[-0.0, -45.0, 0.0]","[45.0, -0.0, -0.0]","[45.0, 0.0, 0.0]","[2, 2]"
2025-10-20 11:00:51,Motion_Completed,"[-0.0, -45.0, 0.0]","[45.0, -0.0, -0.0]","[45.0, 0.0, 0.0]","[2, 2]"
2025-10-20 11:00:51,Motion_Completed,"[-0.0, -45.0, 0.0]","[45.0, -0.0, -0.0]","[45.0, 0.0, 0.0]","[2, 2]"
2025-10-20 11:00:51,Motion_Completed,"[-0.0, -45.0, 0.0]","[45.0, -0.0, -0.0]","[45.0, 0.0, 0.0]","[2, 2]"
2025-10-20 11:00:51,Motion_Completed,"[-0.0, -45.0, 0.0]","[45.0, -0.0, -0.0]","[45.0, 0.0, 0.0]","[2, 2]"
2025-10-20 11:00:51,Motion_Completed,"[-0.0, -45.0, 0.0]","[45.0, -0.0, -0.0]","[45.0, 0.0, 0.0]","[2, 2]"
2025-10-20 11:00:51,Motion_Completed,"[-0.0, -45.0, 0.0]","[45.0, -0.0, -0.0]","[45.0, 0.0, 0.0]","[2, 2]"
2025-10-20 11:00:52,Motion_Completed,"[-0.0, -45.0, 0.0]","[45.0, -0.0, -0.0]","[45.0, 0.0, 0.0]","[2, 2]"
2025-10-20 11:00:52,Motion_Completed,"[-0.0, -45.0, 0.0]","[45.0, -0.0, -0.0]","[45.0, 0.0, 0.0]","[2, 2]"
2025-10-20 11:00:52,Motion_Completed,"[-0.0, -45.0, 0.0]","[45.0, -0.0, -0.0]","[45.0, 0.0, 0.0]","[2, 2]"
2025-10-20 11:00:52,Motion_Completed,"[-0.0, -45.0, 0.0]","[45.0, -0.0, -0.0]","[45.0, 0.0, 0.0]","[2, 2]"
2025-10-20 11:00:52,Motion_Completed,"[-0.0, -45.0, 0.0]","[45.0, -0.0, -0.0]","[45.0, 0.0, 0.0]","[2, 2]"
2025-10-20 11:00:52,Motion_Completed,"[-0.0, -45.0, 0.0]","[45.0, -0.0, -0.0]","[45.0, 0.0, 0.0]","[2, 2]"
2025-10-20 11:00:52,Motion_Completed,"[-0.0, -45.0, 0.0]","[45.0, -0.0, -0.0]","[45.0, 0.0, 0.0]","[2, 2]"
2025-10-20 11:00:52,Motion_Completed,"[-0.0, -45.0, 0.0]","[45.0, -0.0, -0.0]","[45.0, 0.0, 0.0]","[2, 2]"
2025-10-20 11:00:52,Motion_Completed,"[-0.0, -45.0, 0.0]","[45.0, -0.0, -0.0]","[45.0, 0.0, 0.0]","[2, 2]"
2025-10-20 11:00:52,Motion_Completed,"[-0.0, -45.0, 0.0]","[45.0, -0.0, -0.0]","[45.0, 0.0, 0.0]","[2, 2]"
2025-10-20 11:00:52,Motion_Completed,"[-0.0, -45.0, 0.0]","[45.0, -0.0, -0.0]","[45.0, 0.0, 0.0]","[2, 2]"
2025-10-20 11:00:52,Motion_Completed,"[-0.0, -45.0, 0.0]","[45.0, -0.0, -0.0]","[45.0, 0.0, 0.0]","[2, 2]"
2025-10-20 11:00:52,Motion_Completed,"[-0.0, -45.0, 0.0]","[45.0, -0.0, -0.0]","[45.0, 0.0, 0.0]","[2, 2]"
2025-10-20 11:00:52,Motion_Completed,"[-0.0, -45.0, 0.0]","[45.0, -0.0, -0.0]","[45.0, 0.0, 0.0]","[2, 2]"
2025-10-20 11:00:52,Motion_Completed,"[-0.0, -45.0, 0.0]","[45.0, -0.0, -0.0]","[45.0, 0.0, 0.0]","[2, 2]"
2025-10-20 11:00:52,Motion_Completed,"[-0.0, -45.0, 0.0]","[45.0, -0.0, -0.0]","[45.0, 0.0, 0.0]","[2, 2]"
2025-10-20 11:00:52,Motion_Completed,"[-0.0, -45.0, 0.0]","[45.0, -0.0, -0.0]","[45.0, 0.0, 0.0]","[2, 2]"
2025-10-20 11:00:52,Motion_Completed,"[-0.0, -45.0, 0.0]","[45.0, -0.0, -0.0]","[45.0, 0.0, 0.0]","[2, 2]"
2025-10-20 11:00:52,Motion_Completed,"[-0.0, -45.0, 0.0]","[45.0, -0.0, -0.0]","[45.0, 0.0, 0.0]","[2, 2]"
2025-10-20 11:00:52,Motion_Completed,"[-0.0, -45.0, 0.0]","[45.0, -0.0, -0.0]","[45.0, 0.0, 0.0]","[2, 2]"
2025-10-20 11:00:52,Motion_Completed,"[-0.0, -45.0, 0.0]","[45.0, -0.0, -0.0]","[45.0, 0.0, 0.0]","[2, 2]"
2025-10-20 11:00:52,Motion_Completed,"[-0.0, -45.0, 0.0]","[45.0, -0.0, -0.0]","[45.0, 0.0, 0.0]","[2, 2]"
2025-10-20 11:00:52,Motion_Completed,"[-0.0, -45.0, 0.0]","[45.0, -0.0, -0.0]","[45.0, 0.0, 0.0]","[2, 2]"
2025-10-20 11:00:52,Motion_Completed,"[-0.0, -45.0, 0.0]","[45.0, -0.0, -0.0]","[45.0, 0.0, 0.0]","[2, 2]"
2025-10-20 11:00:52,Motion_Completed,"[-0.0, -45.0, 0.0]","[45.0, -0.0, -0.0]","[45.0, 0.0, 0.0]","[2, 2]"
2025-10-20 11:00:53,Motion_Completed,"[-0.0, -45.0, 0.0]","[45.0, -0.0, -0.0]","[45.0, 0.0, 0.0]","[2, 2]"
2025-10-20 11:00:53,Motion_Completed,"[-0.0, -45.0, 0.0]","[45.0, -0.0, -0.0]","[45.0, 0.0, 0.0]","[2, 2]"
2025-10-20 11:00:53,Motion_Completed,"[-0.0, -45.0, 0.0]","[45.0, -0.0, -0.0]","[45.0, 0.0, 0.0]","[2, 2]"
2025-10-20 11:00:53,Motion_Completed,"[-0.0, -45.0, 0.0]","[45.0, -0.0, -0.0]","[45.0, 0.0, 0.0]","[2, 2]"
2025-10-20 11:00:53,Motion_Completed,"[-0.0, -45.0, 0.0]","[45.0, -0.0, -0.0]","[45.0, 0.0, 0.0]","[2, 2]"
2025-10-20 11:00:53,Motion_Completed,"[-0.0, -45.0, 0.0]","[45.0, -0.0, -0.0]","[45.0, 0.0, 0.0]","[2, 2]"
2025-10-20 11:00:53,Motion_Completed,"[-0.0, -45.0, 0.0]","[45.0, -0.0, -0.0]","[45.0, 0.0, 0.0]","[2, 2]"
2025-10-20 11:00:53,Motion_Completed,"[-0.0, -45.0, 0.0]","[45.0, -0.0, -0.0]","[45.0, 0.0, 0.0]","[2, 2]"
2025-10-20 11:00:53,Motion_Completed,"[-0.0, -45.0, 0.0]","[45.0, -0.0, -0.0]","[45.0, 0.0, 0.0]","[2, 2]"
2025-10-20 11:00:53,Motion_Completed,"[-0.0, -45.0, 0.0]","[45.0, -0.0, -0.0]","[45.0, 0.0, 0.0]","[2, 2]"
2025-10-20 11:00:53,Motion_Completed,"[-0.0, -45.0, 0.0]","[45.0, -0.0, -0.0]","[45.0, 0.0, 0.0]","[2, 2]"
2025-10-20 11:00:53,Motion_Completed,"[-0.0, -45.0, 0.0]","[45.0, -0.0, -0.0]","[45.0, 0.0, 0.0]","[2, 2]"
2025-10-20 11:00:53,Motion_Completed,"[-0.0, -45.0, 0.0]","[45.0, -0.0, -0.0]","[45.0, 0.0, 0.0]","[2, 2]"
2025-10-20 11:00:53,Motion_Completed,"[-0.0, -45.0, 0.0]","[45.0, -0.0, -0.0]","[45.0, 0.0, 0.0]","[2, 2]"
2025-10-20 11:00:53,Motion_Completed,"[-0.0, -45.0, 0.0]","[45.0, -0.0, -0.0]","[45.0, 0.0, 0.0]","[2, 2]"
2025-10-20 11:00:53,Motion_Completed,"[-0.0, -45.0, 0.0]","[45.0, -0.0, -0.0]","[45.0, 0.0, 0.0]","[2, 2]"
2025-10-20 11:00:53,Motion_Completed,"[-0.0, -45.0, 0.0]","[45.0, -0.0, -0.0]","[45.0, 0.0, 0.0]","[2, 2]"
2025-10-20 11:00:53,Motion_Completed,"[-0.0, -45.0, 0.0]","[45.0, -0.0, -0.0]","[45.0, 0.0, 0.0]","[2, 2]"
2025-10-20 11:00:53,Motion_Completed,"[-0.0, -45.0, 0.0]","[45.0, -0.0, -0.0]","[45.0, 0.0, 0.0]","[2, 2]"
2025-10-20 11:00:53,Motion_Completed,"[-0.0, -45.0, 0.0]","[45.0, -0.0, -0.0]","[45.0, 0.0, 0.0]","[2, 2]"
2025-10-20 11:00:53,Motion_Completed,"[-0.0, -45.0, 0.0]","[45.0, -0.0, -0.0]","[45.0, 0.0, 0.0]","[2, 2]"
2025-10-20 11:00:53,Motion_Completed,"[-0.0, -45.0, 0.0]","[45.0, -0.0, -0.0]","[45.0, 0.0, 0.0]","[2, 2]"
2025-10-20 11:00:53,Motion_Completed,"[-0.0, -45.0, 0.0]","[45.0, -0.0, -0.0]","[45.0, 0.0, 0.0]","[2, 2]"
2025-10-20 11:00:53,Motion_Completed,"[-0.0, -45.0, 0.0]","[45.0, -0.0, -0.0]","[45.0, 0.0, 0.0]","[2, 2]"
2025-10-20 11:00:53,Motion_Completed,"[-0.0, -45.0, 0.0]","[45.0, -0.0, -0.0]","[45.0, 0.0, 0.0]","[2, 2]"
2025-10-20 11:00:54,Motion_Completed,"[-0.0, -45.0, 0.0]","[45.0, -0.0, -0.0]","[45.0, 0.0, 0.0]","[2, 2]"
2025-10-20 11:00:54,Motion_Completed,"[-0.0, -45.0, 0.0]","[45.0, -0.0, -0.0]","[45.0, 0.0, 0.0]","[2, 2]"
2025-10-20 11:00:54,Motion_Completed,"[-0.0, -45.0, 0.0]","[45.0, -0.0, -0.0]","[45.0, 0.0, 0.0]","[2, 2]"
2025-10-20 11:00:54,Motion_Completed,"[-0.0, -45.0, 0.0]","[45.0, -0.0, -0.0]","[45.0, 0.0, 0.0]","[2, 2]"
2025-10-20 11:00:54,Motion_Completed,"[-0.0, -45.0, 0.0]","[45.0, -0.0, -0.0]","[45.0, 0.0, 0.0]","[2, 2]"
2025-10-20 11:00:54,Motion_Completed,"[-0.0, -45.0, 0.0]","[45.0, -0.0, -0.0]","[45.0, 0.0, 0.0]","[2, 2]"
2025-10-20 11:00:54,Motion_Completed,"[-0.0, -45.0, 0.0]","[45.0, -0.0, -0.0]","[45.0, 0.0, 0.0]","[2, 2]"
2025-10-20 11:00:54,Motion_Completed,"[-0.0, -45.0, 0.0]","[45.0, -0.0, -0.0]","[45.0, 0.0, 0.0]","[2, 2]"
2025-10-20 11:00:54,Motion_Completed,"[-0.0, -45.0, 0.0]","[45.0, -0.0, -0.0]","[45.0, 0.0, 0.0]","[2, 2]"
2025-10-20 11:00:54,Motion_Completed,"[-0.0, -45.0, 0.0]","[45.0, -0.0, -0.0]","[45.0, 0.0, 0.0]","[2, 2]"
2025-10-20 11:00:54,Motion_Completed,"[-0.0, -45.0, 0.0]","[45.0, -0.0, -0.0]","[45.0, 0.0, 0.0]","[2, 2]"
2025-10-20 11:00:54,Motion_Completed,"[-0.0, -45.0, 0.0]","[45.0, -0.0, -0.0]","[45.0, 0.0, 0.0]","[2, 2]"
2025-10-20 11:00:54,Motion_Completed,"[-0.0, -45.0, 0.0]","[45.0, -0.0, -0.0]","[45.0, 0.0, 0.0]","[2, 2]"
2025-10-20 11:00:54,Motion_Completed,"[-0.0, -45.0, 0.0]","[45.0, -0.0, -0.0]","[45.0, 0.0, 0.0]","[2, 2]"
2025-10-20 11:00:54,Motion_Completed,"[-0.0, -45.0, 0.0]","[45.0, -0.0, -0.0]","[45.0, 0.0, 0.0]","[2, 2]"
2025-10-20 11:00:54,Motion_Completed,"[-0.0, -45.0, 0.0]","[45.0, -0.0, -0.0]","[45.0, 0.0, 0.0]","[2, 2]"
2025-10-20 11:00:54,Motion_Completed,"[-0.0, -45.0, 0.0]","[45.0, -0.0, -0.0]","[45.0, 0.0, 0.0]","[2, 2]"
2025-10-20 11:00:54,Motion_Completed,"[-0.0, -45.0, 0.0]","[45.0, -0.0, -0.0]","[45.0, 0.0, 0.0]","[2, 2]"
2025-10-20 11:00:54,Motion_Completed,"[-0.0, -45.0, 0.0]","[45.0, -0.0, -0.0]","[45.0, 0.0, 0.0]","[2, 2]"
2025-10-20 11:00:54,Motion_Completed,"[-0.0, -45.0, 0.0]","[45.0, -0.0, -0.0]","[45.0, 0.0, 0.0]","[2, 2]"
2025-10-20 11:00:54,Motion_Completed,"[-0.0, -45.0, 0.0]","[45.0, -0.0, -0.0]","[45.0, 0.0, 0.0]","[2, 2]"
2025-10-20 11:00:54,Motion_Completed,"[-0.0, -45.0, 0.0]","[45.0, -0.0, -0.0]","[45.0, 0.0, 0.0]","[2, 2]"
2025-10-20 11:00:54,Motion_Completed,"[-0.0, -45.0, 0.0]","[45.0, -0.0, -0.0]","[45.0, 0.0, 0.0]","[2, 2]"
2025-10-20 11:00:54,Motion_Completed,"[-0.0, -45.0, 0.0]","[45.0, -0.0, -0.0]","[45.0, 0.0, 0.0]","[2, 2]"
2025-10-20 11:00:54,Motion_Completed,"[-0.0, -45.0, 0.0]","[45.0, -0.0, -0.0]","[45.0, 0.0, 0.0]","[2, 2]"
2025-10-20 11:00:55,Motion_Completed,"[-0.0, -45.0, 0.0]","[45.0, -0.0, -0.0]","[45.0, 0.0, 0.0]","[2, 2]"
2025-10-20 11:00:55,Motion_Completed,"[-0.0, -45.0, 0.0]","[45.0, -0.0, -0.0]","[45.0, 0.0, 0.0]","[2, 2]"
2025-10-20 11:00:55,Motion_Completed,"[-0.0, -45.0, 0.0]","[45.0, -0.0, -0.0]","[45.0, 0.0, 0.0]","[2, 2]"
2025-10-20 11:00:55,Motion_Completed,"[-0.0, -45.0, 0.0]","[45.0, -0.0, -0.0]","[45.0, 0.0, 0.0]","[2, 2]"
2025-10-20 11:00:55,Motion_Completed,"[-0.0, -45.0, 0.0]","[45.0, -0.0, -0.0]","[45.0, 0.0, 0.0]","[2, 2]"
2025-10-20 11:00:55,Motion_Completed,"[-0.0, -45.0, 0.0]","[45.0, -0.0, -0.0]","[45.0, 0.0, 0.0]","[2, 2]"
2025-10-20 11:00:55,Motion_Completed,"[-0.0, -45.0, 0.0]","[45.0, -0.0, -0.0]","[45.0, 0.0, 0.0]","[2, 2]"
2025-10-20 11:00:55,Motion_Completed,"[-0.0, -45.0, 0.0]","[45.0, -0.0, -0.0]","[45.0, 0.0, 0.0]","[2, 2]"
2025-10-20 11:00:55,Motion_Completed,"[-0.0, -45.0, 0.0]","[45.0, -0.0, -0.0]","[45.0, 0.0, 0.0]","[2, 2]"
2025-10-20 11:00:55,Motion_Completed,"[-0.0, -45.0, 0.0]","[45.0, -0.0, -0.0]","[45.0, 0.0, 0.0]","[2, 2]"
2025-10-20 11:00:55,Motion_Completed,"[-0.0, -45.0, 0.0]","[45.0, -0.0, -0.0]","[45.0, 0.0, 0.0]","[2, 2]"
2025-10-20 11:00:55,Motion_Completed,"[-0.0, -45.0, 0.0]","[45.0, -0.0, -0.0]","[45.0, 0.0, 0.0]","[2, 2]"
2025-10-20 11:00:55,Motion_Completed,"[-0.0, -45.0, 0.0]","[45.0, -0.0, -0.0]","[45.0, 0.0, 0.0]","[2, 2]"
2025-10-20 11:00:55,Motion_Completed,"[-0.0, -45.0, 0.0]","[45.0, -0.0, -0.0]","[45.0, 0.0, 0.0]","[2, 2]"
2025-10-20 11:00:55,Motion_Completed,"[-0.0, -45.0, 0.0]","[45.0, -0.0, -0.0]","[45.0, 0.0, 0.0]","[2, 2]"
2025-10-20 11:00:55,Motion_Completed,"[-0.0, -45.0, 0.0]","[45.0, -0.0, -0.0]","[45.0, 0.0, 0.0]","[2, 2]"
2025-10-20 11:00:55,Motion_Completed,"[-0.0, -45.0, 0.0]","[45.0, -0.0, -0.0]","[45.0, 0.0, 0.0]","[2, 2]"
2025-10-20 11:00:55,Motion_Completed,"[-0.0, -45.0, 0.0]","[45.0, -0.0, -0.0]","[45.0, 0.0, 0.0]","[2, 2]"
2025-10-20 11:00:55,Motion_Completed,"[-0.0, -45.0, 0.0]","[45.0, -0.0, -0.0]","[45.0, 0.0, 0.0]","[2, 2]"
2025-10-20 11:00:55,Motion_Completed,"[-0.0, -45.0, 0.0]","[45.0, -0.0, -0.0]","[45.0, 0.0, 0.0]","[2, 2]"
2025-10-20 11:00:55,Motion_Completed,"[-0.0, -45.0, 0.0]","[45.0, -0.0, -0.0]","[45.0, 0.0, 0.0]","[2, 2]"
2025-10-20 11:00:55,Motion_Completed,"[-0.0, -45.0, 0.0]","[45.0, -0.0, -0.0]","[45.0, 0.0, 0.0]","[2, 2]"
2025-10-20 11:00:55,Motion_Completed,"[-0.0, -45.0, 0.0]","[45.0, -0.0, -0.0]","[45.0, 0.0, 0.0]","[2, 2]"
2025-10-20 11:00:55,Motion_Completed,"[-0.0, -45.0, 0.0]","[45.0, -0.0, -0.0]","[45.0, 0.0, 0.0]","[2, 2]"
2025-10-20 11:00:55,Motion_Completed,"[-0.0, -45.0, 0.0]","[45.0, -0.0, -0.0]","[45.0, 0.0, 0.0]","[2, 2]"
2025-10-20 11:00:56,Motion_Completed,"[-0.0, -45.0, 0.0]","[45.0, -0.0, -0.0]","[45.0, 0.0, 0.0]","[2, 2]"
2025-10-20 11:00:56,Motion_Completed,"[-0.0, -45.0, 0.0]","[45.0, -0.0, -0.0]","[45.0, 0.0, 0.0]","[2, 2]"
2025-10-20 11:00:56,Motion_Completed,"[-0.0, -45.0, 0.0]","[45.0, -0.0, -0.0]","[45.0, 0.0, 0.0]","[2, 2]"
2025-10-20 11:00:56,Motion_Completed,"[-0.0, -45.0, 0.0]","[45.0, -0.0, -0.0]","[45.0, 0.0, 0.0]","[2, 2]"
2025-10-20 11:00:56,Motion_Completed,"[-0.0, -45.0, 0.0]","[45.0, -0.0, -0.0]","[45.0, 0.0, 0.0]","[2, 2]"
2025-10-20 11:00:56,Motion_Completed,"[-0.0, -45.0, 0.0]","[45.0, -0.0, -0.0]","[45.0, 0.0, 0.0]","[2, 2]"
2025-10-20 11:00:56,Motion_Completed,"[-0.0, -45.0, 0.0]","[45.0, -0.0, -0.0]","[45.0, 0.0, 0.0]","[2, 2]"
2025-10-20 11:00:56,Motion_Completed,"[-0.0, -45.0, 0.0]","[45.0, -0.0, -0.0]","[45.0, 0.0, 0.0]","[2, 2]"
2025-10-20 11:00:56,Motion_Completed,"[-0.0, -45.0, 0.0]","[45.0, -0.0, -0.0]","[45.0, 0.0, 0.0]","[2, 2]"
2025-10-20 11:00:56,Motion_Completed,"[-0.0, -45.0, 0.0]","[45.0, -0.0, -0.0]","[45.0, 0.0, 0.0]","[2, 2]"
2025-10-20 11:00:56,Motion_Completed,"[-0.0, -45.0, 0.0]","[45.0, -0.0, -0.0]","[45.0, 0.0, 0.0]","[2, 2]"
2025-10-20 11:00:56,Motion_Completed,"[-0.0, -45.0, 0.0]","[45.0, -0.0, -0.0]","[45.0, 0.0, 0.0]","[2, 2]"
2025-10-20 11:00:56,Motion_Completed,"[-0.0, -45.0, 0.0]","[45.0, -0.0, -0.0]","[45.0, 0.0, 0.0]","[2, 2]"
2025-10-20 11:00:56,Motion_Completed,"[-0.0, -45.0, 0.0]","[45.0, -0.0, -0.0]","[45.0, 0.0, 0.0]","[2, 2]"
2025-10-20 11:00:56,Motion_Completed,"[-0.0, -45.0, 0.0]","[45.0, -0.0, -0.0]","[45.0, 0.0, 0.0]","[2, 2]"
2025-10-20 11:00:56,Motion_Completed,"[-0.0, -45.0, 0.0]","[45.0, -0.0, -0.0]","[45.0, 0.0, 0.0]","[2, 2]"
2025-10-20 11:00:56,Motion_Completed,"[-0.0, -45.0, 0.0]","[45.0, -0.0, -0.0]","[45.0, 0.0, 0.0]","[2, 2]"
2025-10-20 11:00:56,Motion_Completed,"[-0.0, -45.0, 0.0]","[45.0, -0.0, -0.0]","[45.0, 0.0, 0.0]","[2, 2]"
2025-10-20 11:00:56,Motion_Completed,"[-0.0, -45.0, 0.0]","[45.0, -0.0, -0.0]","[45.0, 0.0, 0.0]","[2, 2]"
2025-10-20 11:00:56,Motion_Completed,"[-0.0, -45.0, 0.0]","[45.0, -0.0, -0.0]","[45.0, 0.0, 0.0]","[2, 2]"
2025-10-20 11:00:56,Motion_Completed,"[-0.0, -45.0, 0.0]","[45.0, -0.0, -0.0]","[45.0, 0.0, 0.0]","[2, 2]"
2025-10-20 11:00:56,Motion_Completed,"[-0.0, -45.0, 0.0]","[45.0, -0.0, -0.0]","[45.0, 0.0, 0.0]","[2, 2]"
2025-10-20 11:00:56,Motion_Completed,"[-0.0, -45.0, 0.0]","[45.0, -0.0, -0.0]","[45.0, 0.0, 0.0]","[2, 2]"
2025-10-20 11:00:56,Motion_Completed,"[-0.0, -45.0, 0.0]","[45.0, -0.0, -0.0]","[45.0, 0.0, 0.0]","[2, 2]"
2025-10-20 11:00:56,Motion_Completed,"[-0.0, -45.0, 0.0]","[45.0, -0.0, -0.0]","[45.0, 0.0, 0.0]","[2, 2]"
2025-10-20 11:00:57,Motion_Completed,"[-0.0, -45.0, 0.0]","[45.0, -0.0, -0.0]","[45.0, 0.0, 0.0]","[2, 2]"
2025-10-20 11:00:57,Motion_Completed,"[-0.0, -45.0, 0.0]","[45.0, -0.0, -0.0]","[45.0, 0.0, 0.0]","[2, 2]"
2025-10-20 11:00:57,Motion_Completed,"[-0.0, -45.0, 0.0]","[45.0, -0.0, -0.0]","[45.0, 0.0, 0.0]","[2, 2]"
2025-10-20 11:00:57,Motion_Completed,"[-0.0, -45.0, 0.0]","[45.0, -0.0, -0.0]","[45.0, 0.0, 0.0]","[2, 2]"
2025-10-20 11:00:57,Motion_Completed,"[-0.0, -45.0, 0.0]","[45.0, -0.0, -0.0]","[45.0, 0.0, 0.0]","[2, 2]"
2025-10-20 11:00:57,Motion_Completed,"[-0.0, -45.0, 0.0]","[45.0, -0.0, -0.0]","[45.0, 0.0, 0.0]","[2, 2]"
2025-10-20 11:00:57,Motion_Completed,"[-0.0, -45.0, 0.0]","[45.0, -0.0, -0.0]","[45.0, 0.0, 0.0]","[2, 2]"
2025-10-20 11:00:57,Motion_Completed,"[-0.0, -45.0, 0.0]","[45.0, -0.0, -0.0]","[45.0, 0.0, 0.0]","[2, 2]"
2025-10-20 11:00:57,Motion_Completed,"[-0.0, -45.0, 0.0]","[45.0, -0.0, -0.0]","[45.0, 0.0, 0.0]","[2, 2]"
2025-10-20 11:00:57,Motion_Completed,"[-0.0, -45.0, 0.0]","[45.0, -0.0, -0.0]","[45.0, 0.0, 0.0]","[2, 2]"
2025-10-20 11:00:57,Motion_Completed,"[-0.0, -45.0, 0.0]","[45.0, -0.0, -0.0]","[45.0, 0.0, 0.0]","[2, 2]"
2025-10-20 11:00:57,Motion_Completed,"[-0.0, -45.0, 0.0]","[45.0, -0.0, -0.0]","[45.0, 0.0, 0.0]","[2, 2]"
2025-10-20 11:00:57,Motion_Completed,"[-0.0, -45.0, 0.0]","[45.0, -0.0, -0.0]","[45.0, 0.0, 0.0]","[2, 2]"
2025-10-20 11:00:57,Motion_Completed,"[-0.0, -45.0, 0.0]","[45.0, -0.0, -0.0]","[45.0, 0.0, 0.0]","[2, 2]"
2025-10-20 11:00:57,Motion_Completed,"[-0.0, -45.0, 0.0]","[45.0, -0.0, -0.0]","[45.0, 0.0, 0.0]","[2, 2]"
2025-10-20 11:00:57,Motion_Completed,"[-0.0, -45.0, 0.0]","[45.0, -0.0, -0.0]","[45.0, 0.0, 0.0]","[2, 2]"
2025-10-20 11:00:57,Motion_Completed,"[-0.0, -45.0, 0.0]","[45.0, -0.0, -0.0]","[45.0, 0.0, 0.0]","[2, 2]"
2025-10-20 11:00:57,Motion_Completed,"[-0.0, -45.0, 0.0]","[45.0, -0.0, -0.0]","[45.0, 0.0, 0.0]","[2, 2]"
2025-10-20 11:00:57,Motion_Completed,"[-0.0, -45.0, 0.0]","[45.0, -0.0, -0.0]","[45.0, 0.0, 0.0]","[2, 2]"
2025-10-20 11:00:57,Motion_Completed,"[-0.0, -45.0, 0.0]","[45.0, -0.0, -0.0]","[45.0, 0.0, 0.0]","[2, 2]"
2025-10-20 11:00:57,Motion_Completed,"[-0.0, -45.0, 0.0]","[45.0, -0.0, -0.0]","[45.0, 0.0, 0.0]","[2, 2]"
2025-10-20 11:00:57,Motion_Completed,"[-0.0, -45.0, 0.0]","[45.0, -0.0, -0.0]","[45.0, 0.0, 0.0]","[2, 2]"
2025-10-20 11:00:57,Motion_Completed,"[-0.0, -45.0, 0.0]","[45.0, -0.0, -0.0]","[45.0, 0.0, 0.0]","[2, 2]"
2025-10-20 11:00:57,Motion_Completed,"[-0.0, -45.0, 0.0]","[45.0, -0.0, -0.0]","[45.0, 0.0, 0.0]","[2, 2]"
2025-10-20 11:00:57,Motion_Completed,"[-0.0, -45.0, 0.0]","[45.0, -0.0, -0.0]","[45.0, 0.0, 0.0]","[2, 2]"
2025-10-20 11:00:58,Motion_Completed,"[-0.0, -45.0, 0.0]","[45.0, -0.0, -0.0]","[45.0, 0.0, 0.0]","[2, 2]"
2025-10-20 11:00:58,Motion_Completed,"[-0.0, -45.0, 0.0]","[45.0, -0.0, -0.0]","[45.0, 0.0, 0.0]","[2, 2]"
2025-10-20 11:00:58,Motion_Completed,"[-0.0, -45.0, 0.0]","[45.0, -0.0, -0.0]","[45.0, 0.0, 0.0]","[2, 2]"
2025-10-20 11:00:58,Motion_Completed,"[-0.0, -45.0, 0.0]","[45.0, -0.0, -0.0]","[45.0, 0.0, 0.0]","[2, 2]"
2025-10-20 11:00:58,Motion_Completed,"[-0.0, -45.0, 0.0]","[45.0, -0.0, -0.0]","[45.0, 0.0, 0.0]","[2, 2]"
2025-10-20 11:00:58,Motion_Completed,"[-0.0, -45.0, 0.0]","[45.0, -0.0, -0.0]","[45.0, 0.0, 0.0]","[2, 2]"
2025-10-20 11:00:58,Motion_Completed,"[-0.0, -45.0, 0.0]","[45.0, -0.0, -0.0]","[45.0, 0.0, 0.0]","[2, 2]"
2025-10-20 11:00:58,Motion_Completed,"[-0.0, -45.0, 0.0]","[45.0, -0.0, -0.0]","[45.0, 0.0, 0.0]","[2, 2]"
2025-10-20 11:00:58,Motion_Completed,"[-0.0, -45.0, 0.0]","[45.0, -0.0, -0.0]","[45.0, 0.0, 0.0]","[2, 2]"
2025-10-20 11:00:58,Motion_Completed,"[-0.0, -45.0, 0.0]","[45.0, -0.0, -0.0]","[45.0, 0.0, 0.0]","[2, 2]"
2025-10-20 11:00:58,Motion_Completed,"[-0.0, -45.0, 0.0]","[45.0, -0.0, -0.0]","[45.0, 0.0, 0.0]","[2, 2]"
2025-10-20 11:00:58,Motion_Completed,"[-0.0, -45.0, 0.0]","[45.0, -0.0, -0.0]","[45.0, 0.0, 0.0]","[2, 2]"
2025-10-20 11:00:58,Motion_Completed,"[-0.0, -45.0, 0.0]","[45.0, -0.0, -0.0]","[45.0, 0.0, 0.0]","[2, 2]"
2025-10-20 11:00:58,Motion_Completed,"[-0.0, -45.0, 0.0]","[45.0, -0.0, -0.0]","[45.0, 0.0, 0.0]","[2, 2]"
2025-10-20 11:00:58,Motion_Completed,"[-0.0, -45.0, 0.0]","[45.0, -0.0, -0.0]","[45.0, 0.0, 0.0]","[2, 2]"
2025-10-20 11:00:58,Motion_Completed,"[-0.0, -45.0, 0.0]","[45.0, -0.0, -0.0]","[45.0, 0.0, 0.0]","[2, 2]"
2025-10-20 11:00:58,Motion_Completed,"[-0.0, -45.0, 0.0]","[45.0, -0.0, -0.0]","[45.0, 0.0, 0.0]","[2, 2]"
2025-10-20 11:00:58,Motion_Completed,"[-0.0, -45.0, 0.0]","[45.0, -0.0, -0.0]","[45.0, 0.0, 0.0]","[2, 2]"
2025-10-20 11:00:58,Motion_Completed,"[-0.0, -45.0, 0.0]","[45.0, -0.0, -0.0]","[45.0, 0.0, 0.0]","[2, 2]"
2025-10-20 11:00:58,Motion_Completed,"[-0.0, -45.0, 0.0]","[45.0, -0.0, -0.0]","[45.0, 0.0, 0.0]","[2, 2]"
2025-10-20 11:00:58,Motion_Completed,"[-0.0, -45.0, 0.0]","[45.0, -0.0, -0.0]","[45.0, 0.0, 0.0]","[2, 2]"
2025-10-20 11:00:58,Motion_Completed,"[-0.0, -45.0, 0.0]","[45.0, -0.0, -0.0]","[45.0, 0.0, 0.0]","[2, 2]"
2025-10-20 11:00:58,Motion_Completed,"[-0.0, -45.0, 0.0]","[45.0, -0.0, -0.0]","[45.0, 0.0, 0.0]","[2, 2]"
2025-10-20 11:00:58,Motion_Completed,"[-0.0, -45.0, 0.0]","[45.0, -0.0, -0.0]","[45.0, 0.0, 0.0]","[2, 2]"
2025-10-20 11:00:58,Motion_Completed,"[-0.0, -45.0, 0.0]","[45.0, -0.0, -0.0]","[45.0, 0.0, 0.0]","[2, 2]"
2025-10-20 11:00:59,Motion_Completed,"[-0.0, -45.0, 0.0]","[45.0, -0.0, -0.0]","[45.0, 0.0, 0.0]","[2, 2]"
2025-10-20 11:00:59,Motion_Completed,"[-0.0, -45.0, 0.0]","[45.0, -0.0, -0.0]","[45.0, 0.0, 0.0]","[2, 2]"
2025-10-20 11:00:59,Motion_Completed,"[-0.0, -45.0, 0.0]","[45.0, -0.0, -0.0]","[45.0, 0.0, 0.0]","[2, 2]"
2025-10-20 11:00:59,Motion_Completed,"[-0.0, -45.0, 0.0]","[45.0, -0.0, -0.0]","[45.0, 0.0, 0.0]","[2, 2]"
2025-10-20 11:00:59,Motion_Completed,"[-0.0, -45.0, 0.0]","[45.0, -0.0, -0.0]","[45.0, 0.0, 0.0]","[2, 2]"
2025-10-20 11:00:59,Motion_Completed,"[-0.0, -45.0, 0.0]","[45.0, -0.0, -0.0]","[45.0, 0.0, 0.0]","[2, 2]"
2025-10-20 11:00:59,Motion_Completed,"[-0.0, -45.0, 0.0]","[45.0, -0.0, -0.0]","[45.0, 0.0, 0.0]","[2, 2]"
2025-10-20 11:00:59,Motion_Completed,"[-0.0, -45.0, 0.0]","[45.0, -0.0, -0.0]","[45.0, 0.0, 0.0]","[2, 2]"
2025-10-20 11:00:59,Motion_Completed,"[-0.0, -45.0, 0.0]","[45.0, -0.0, -0.0]","[45.0, 0.0, 0.0]","[2, 2]"
2025-10-20 11:00:59,Motion_Completed,"[-0.0, -45.0, 0.0]","[45.0, -0.0, -0.0]","[45.0, 0.0, 0.0]","[2, 2]"
2025-10-20 11:00:59,Motion_Completed,"[-0.0, -45.0, 0.0]","[45.0, -0.0, -0.0]","[45.0, 0.0, 0.0]","[2, 2]"
2025-10-20 11:00:59,Motion_Completed,"[-0.0, -45.0, 0.0]","[45.0, -0.0, -0.0]","[45.0, 0.0, 0.0]","[2, 2]"
2025-10-20 11:00:59,Motion_Completed,"[-0.0, -45.0, 0.0]","[45.0, -0.0, -0.0]","[45.0, 0.0, 0.0]","[2, 2]"
2025-10-20 11:00:59,Motion_Completed,"[-0.0, -45.0, 0.0]","[45.0, -0.0, -0.0]","[45.0, 0.0, 0.0]","[2, 2]"
2025-10-20 11:00:59,Motion_Completed,"[-0.0, -45.0, 0.0]","[45.0, -0.0, -0.0]","[45.0, 0.0, 0.0]","[2, 2]"
2025-10-20 11:00:59,Motion_Completed,"[-0.0, -45.0, 0.0]","[45.0, -0.0, -0.0]","[45.0, 0.0, 0.0]","[2, 2]"
2025-10-20 11:00:59,Motion_Completed,"[-0.0, -45.0, 0.0]","[45.0, -0.0, -0.0]","[45.0, 0.0, 0.0]","[2, 2]"
2025-10-20 11:00:59,Motion_Completed,"[-0.0, -45.0, 0.0]","[45.0, -0.0, -0.0]","[45.0, 0.0, 0.0]","[2, 2]"
2025-10-20 11:00:59,Motion_Completed,"[-0.0, -45.0, 0.0]","[45.0, -0.0, -0.0]","[45.0, 0.0, 0.0]","[2, 2]"
2025-10-20 11:00:59,Motion_Completed,"[-0.0, -45.0, 0.0]","[45.0, -0.0, -0.0]","[45.0, 0.0, 0.0]","[2, 2]"
2025-10-20 11:00:59,Motion_Completed,"[-0.0, -45.0, 0.0]","[45.0, -0.0, -0.0]","[45.0, 0.0, 0.0]","[2, 2]"
2025-10-20 11:00:59,Motion_Completed,"[-0.0, -45.0, 0.0]","[45.0, -0.0, -0.0]","[45.0, 0.0, 0.0]","[2, 2]"
2025-10-20 11:00:59,Motion_Completed,"[-0.0, -45.0, 0.0]","[45.0, -0.0, -0.0]","[45.0, 0.0, 0.0]","[2, 2]"
2025-10-20 11:00:59,Motion_Completed,"[-0.0, -45.0, 0.0]","[45.0, -0.0, -0.0]","[45.0, 0.0, 0.0]","[2, 2]"
2025-10-20 11:00:59,Motion_Completed,"[-0.0, -45.0, 0.0]","[45.0, -0.0, -0.0]","[45.0, 0.0, 0.0]","[2, 2]"
2025-10-20 11:01:00,Motion_Completed,"[-0.0, -45.0, 0.0]","[45.0, -0.0, -0.0]","[45.0, 0.0, 0.0]","[2, 2]"
2025-10-20 11:01:00,Motion_Completed,"[-0.0, -45.0, 0.0]","[45.0, -0.0, -0.0]","[45.0, 0.0, 0.0]","[2, 2]"
2025-10-20 11:01:00,Motion_Completed,"[-0.0, -45.0, 0.0]","[45.0, -0.0, -0.0]","[45.0, 0.0, 0.0]","[2, 2]"
2025-10-20 11:01:00,Motion_Completed,"[-0.0, -45.0, 0.0]","[45.0, -0.0, -0.0]","[45.0, 0.0, 0.0]","[2, 2]"
2025-10-20 11:01:00,Motion_Completed,"[-0.0, -45.0, 0.0]","[45.0, -0.0, -0.0]","[45.0, 0.0, 0.0]","[2, 2]"
2025-10-20 11:01:00,Motion_Completed,"[-0.0, -45.0, 0.0]","[45.0, -0.0, -0.0]","[45.0, 0.0, 0.0]","[2, 2]"
2025-10-20 11:01:00,Motion_Completed,"[-0.0, -45.0, 0.0]","[45.0, -0.0, -0.0]","[45.0, 0.0, 0.0]","[2, 2]"
2025-10-20 11:01:00,Motion_Completed,"[-0.0, -45.0, 0.0]","[45.0, -0.0, -0.0]","[45.0, 0.0, 0.0]","[2, 2]"
2025-10-20 11:01:00,Motion_Completed,"[-0.0, -45.0, 0.0]","[45.0, -0.0, -0.0]","[45.0, 0.0, 0.0]","[2, 2]"
2025-10-20 11:01:00,Motion_Completed,"[-0.0, -45.0, 0.0]","[45.0, -0.0, -0.0]","[45.0, 0.0, 0.0]","[2, 2]"
2025-10-20 11:01:00,Motion_Completed,"[-0.0, -45.0, 0.0]","[45.0, -0.0, -0.0]","[45.0, 0.0, 0.0]","[2, 2]"
2025-10-20 11:01:00,Motion_Completed,"[-0.0, -45.0, 0.0]","[45.0, -0.0, -0.0]","[45.0, 0.0, 0.0]","[2, 2]"
2025-10-20 11:01:00,Motion_Completed,"[-0.0, -45.0, 0.0]","[45.0, -0.0, -0.0]","[45.0, 0.0, 0.0]","[2, 2]"
2025-10-20 11:01:00,Motion_Completed,"[-0.0, -45.0, 0.0]","[45.0, -0.0, -0.0]","[45.0, 0.0, 0.0]","[2, 2]"
2025-10-20 11:01:00,Motion_Completed,"[-0.0, -45.0, 0.0]","[45.0, -0.0, -0.0]","[45.0, 0.0, 0.0]","[2, 2]"
2025-10-20 11:01:00,Motion_Completed,"[-0.0, -45.0, 0.0]","[45.0, -0.0, -0.0]","[45.0, 0.0, 0.0]","[2, 2]"
2025-10-20 11:01:00,Motion_Completed,"[-0.0, -45.0, 0.0]","[45.0, -0.0, -0.0]","[45.0, 0.0, 0.0]","[2, 2]"
2025-10-20 11:01:00,Motion_Completed,"[-0.0, -45.0, 0.0]","[45.0, -0.0, -0.0]","[45.0, 0.0, 0.0]","[2, 2]"
2025-10-20 11:01:00,Motion_Completed,"[-0.0, -45.0, 0.0]","[45.0, -0.0, -0.0]","[45.0, 0.0, 0.0]","[2, 2]"
2025-10-20 11:01:00,Motion_Completed,"[-0.0, -45.0, 0.0]","[45.0, -0.0, -0.0]","[45.0, 0.0, 0.0]","[2, 2]"
2025-10-20 11:01:00,Motion_Completed,"[-0.0, -45.0, 0.0]","[45.0, -0.0, -0.0]","[45.0, 0.0, 0.0]","[2, 2]"
2025-10-20 11:01:00,Motion_Completed,"[-0.0, -45.0, 0.0]","[45.0, -0.0, -0.0]","[45.0, 0.0, 0.0]","[2, 2]"
2025-10-20 11:01:00,Motion_Completed,"[-0.0, -45.0, 0.0]","[45.0, -0.0, -0.0]","[45.0, 0.0, 0.0]","[2, 2]"
2025-10-20 11:01:00,Motion_Completed,"[-0.0, -45.0, 0.0]","[45.0, -0.0, -0.0]","[45.0, 0.0, 0.0]","[2, 2]"
2025-10-20 11:01:00,Motion_Completed,"[-0.0, -45.0, 0.0]","[45.0, -0.0, -0.0]","[45.0, 0.0, 0.0]","[2, 2]"
2025-10-20 11:01:01,Motion_Completed,"[-0.0, -45.0, 0.0]","[45.0, -0.0, -0.0]","[45.0, 0.0, 0.0]","[2, 2]"
2025-10-20 11:01:01,Motion_Completed,"[-0.0, -45.0, 0.0]","[45.0, -0.0, -0.0]","[45.0, 0.0, 0.0]","[2, 2]"
2025-10-20 11:01:01,Motion_Completed,"[-0.0, -45.0, 0.0]","[45.0, -0.0, -0.0]","[45.0, 0.0, 0.0]","[2, 2]"
2025-10-20 11:01:01,Motion_Completed,"[-0.0, -45.0, 0.0]","[45.0, -0.0, -0.0]","[45.0, 0.0, 0.0]","[2, 2]"
2025-10-20 11:01:01,Motion_Completed,"[-0.0, -45.0, 0.0]","[45.0, -0.0, -0.0]","[45.0, 0.0, 0.0]","[2, 2]"
2025-10-20 11:01:01,Motion_Completed,"[-0.0, -45.0, 0.0]","[45.0, -0.0, -0.0]","[45.0, 0.0, 0.0]","[2, 2]"
2025-10-20 11:01:01,Motion_Completed,"[-0.0, -45.0, 0.0]","[45.0, -0.0, -0.0]","[45.0, 0.0, 0.0]","[2, 2]"
2025-10-20 11:01:01,Motion_Completed,"[-0.0, -45.0, 0.0]","[45.0, -0.0, -0.0]","[45.0, 0.0, 0.0]","[2, 2]"
2025-10-20 11:01:01,Motion_Completed,"[-0.0, -45.0, 0.0]","[45.0, -0.0, -0.0]","[45.0, 0.0, 0.0]","[2, 2]"
2025-10-20 11:01:01,Motion_Completed,"[-0.0, -45.0, 0.0]","[45.0, -0.0, -0.0]","[45.0, 0.0, 0.0]","[2, 2]"
2025-10-20 11:01:01,Motion_Completed,"[-0.0, -45.0, 0.0]","[45.0, -0.0, -0.0]","[45.0, 0.0, 0.0]","[2, 2]"
2025-10-20 11:01:01,Motion_Completed,"[-0.0, -45.0, 0.0]","[45.0, -0.0, -0.0]","[45.0, 0.0, 0.0]","[2, 2]"
2025-10-20 11:01:01,Motion_Completed,"[-0.0, -45.0, 0.0]","[45.0, -0.0, -0.0]","[45.0, 0.0, 0.0]","[2, 2]"
2025-10-20 11:01:01,Motion_Completed,"[-0.0, -45.0, 0.0]","[45.0, -0.0, -0.0]","[45.0, 0.0, 0.0]","[2, 2]"
2025-10-20 11:01:01,Motion_Completed,"[-0.0, -45.0, 0.0]","[45.0, -0.0, -0.0]","[45.0, 0.0, 0.0]","[2, 2]"
2025-10-20 11:01:01,Motion_Completed,"[-0.0, -45.0, 0.0]","[45.0, -0.0, -0.0]","[45.0, 0.0, 0.0]","[2, 2]"
2025-10-20 11:01:01,Motion_Completed,"[-0.0, -45.0, 0.0]","[45.0, -0.0, -0.0]","[45.0, 0.0, 0.0]","[2, 2]"
2025-10-20 11:01:01,Motion_Completed,"[-0.0, -45.0, 0.0]","[45.0, -0.0, -0.0]","[45.0, 0.0, 0.0]","[2, 2]"
2025-10-20 11:01:01,Motion_Completed,"[-0.0, -45.0, 0.0]","[45.0, -0.0, -0.0]","[45.0, 0.0, 0.0]","[2, 2]"
2025-10-20 11:01:01,Motion_Completed,"[-0.0, -45.0, 0.0]","[45.0, -0.0, -0.0]","[45.0, 0.0, 0.0]","[2, 2]"
2025-10-20 11:01:01,Motion_Completed,"[-0.0, -45.0, 0.0]","[45.0, -0.0, -0.0]","[45.0, 0.0, 0.0]","[2, 2]"
2025-10-20 11:01:01,Motion_Completed,"[-0.0, -45.0, 0.0]","[45.0, -0.0, -0.0]","[45.0, 0.0, 0.0]","[2, 2]"
2025-10-20 11:01:01,Motion_Completed,"[-0.0, -45.0, 0.0]","[45.0, -0.0, -0.0]","[45.0, 0.0, 0.0]","[2, 2]"
2025-10-20 11:01:01,Motion_Completed,"[-0.0, -45.0, 0.0]","[45.0, -0.0, -0.0]","[45.0, 0.0, 0.0]","[2, 2]"
2025-10-20 11:01:01,Motion_Completed,"[-0.0, -45.0, 0.0]","[45.0, -0.0, -0.0]","[45.0, 0.0, 0.0]","[2, 2]"
2025-10-20 11:01:02,Motion_Completed,"[-0.0, -45.0, 0.0]","[45.0, -0.0, -0.0]","[45.0, 0.0, 0.0]","[2, 2]"
2025-10-20 11:01:02,Motion_Completed,"[-0.0, -45.0, 0.0]","[45.0, -0.0, -0.0]","[45.0, 0.0, 0.0]","[2, 2]"
2025-10-20 11:01:02,Motion_Completed,"[-0.0, -45.0, 0.0]","[45.0, -0.0, -0.0]","[45.0, 0.0, 0.0]","[2, 2]"
2025-10-20 11:01:02,Motion_Completed,"[-0.0, -45.0, 0.0]","[45.0, -0.0, -0.0]","[45.0, 0.0, 0.0]","[2, 2]"
2025-10-20 11:01:02,Motion_Completed,"[-0.0, -45.0, 0.0]","[45.0, -0.0, -0.0]","[45.0, 0.0, 0.0]","[2, 2]"
2025-10-20 11:01:02,Motion_Completed,"[-0.0, -45.0, 0.0]","[45.0, -0.0, -0.0]","[45.0, 0.0, 0.0]","[2, 2]"
2025-10-20 11:01:02,Motion_Completed,"[-0.0, -45.0, 0.0]","[45.0, -0.0, -0.0]","[45.0, 0.0, 0.0]","[2, 2]"
2025-10-20 11:01:02,Motion_Completed,"[-0.0, -45.0, 0.0]","[45.0, -0.0, -0.0]","[45.0, 0.0, 0.0]","[2, 2]"
2025-10-20 11:01:02,Motion_Completed,"[-0.0, -45.0, 0.0]","[45.0, -0.0, -0.0]","[45.0, 0.0, 0.0]","[2, 2]"
2025-10-20 11:01:02,Motion_Completed,"[-0.0, -45.0, 0.0]","[45.0, -0.0, -0.0]","[45.0, 0.0, 0.0]","[2, 2]"
2025-10-20 11:01:02,Motion_Completed,"[-0.0, -45.0, 0.0]","[45.0, -0.0, -0.0]","[45.0, 0.0, 0.0]","[2, 2]"
2025-10-20 11:01:02,Motion_Completed,"[-0.0, -45.0, 0.0]","[45.0, -0.0, -0.0]","[45.0, 0.0, 0.0]","[2, 2]"
2025-10-20 11:01:02,Motion_Completed,"[-0.0, -45.0, 0.0]","[45.0, -0.0, -0.0]","[45.0, 0.0, 0.0]","[2, 2]"
2025-10-20 11:01:02,Motion_Completed,"[-0.0, -45.0, 0.0]","[45.0, -0.0, -0.0]","[45.0, 0.0, 0.0]","[2, 2]"
2025-10-20 11:01:02,Motion_Completed,"[-0.0, -45.0, 0.0]","[45.0, -0.0, -0.0]","[45.0, 0.0, 0.0]","[2, 2]"
2025-10-20 11:01:02,Motion_Completed,"[-0.0, -45.0, 0.0]","[45.0, -0.0, -0.0]","[45.0, 0.0, 0.0]","[2, 2]"
2025-10-20 11:01:02,Motion_Completed,"[-0.0, -45.0, 0.0]","[45.0, -0.0, -0.0]","[45.0, 0.0, 0.0]","[2, 2]"
2025-10-20 11:01:02,Motion_Completed,"[-0.0, -45.0, 0.0]","[45.0, -0.0, -0.0]","[45.0, 0.0, 0.0]","[2, 2]"
2025-10-20 11:01:02,Motion_Completed,"[-0.0, -45.0, 0.0]","[45.0, -0.0, -0.0]","[45.0, 0.0, 0.0]","[2, 2]"
2025-10-20 11:01:02,Motion_Completed,"[-0.0, -45.0, 0.0]","[45.0, -0.0, -0.0]","[45.0, 0.0, 0.0]","[2, 2]"
2025-10-20 11:01:02,Motion_Completed,"[-0.0, -45.0, 0.0]","[45.0, -0.0, -0.0]","[45.0, 0.0, 0.0]","[2, 2]"
2025-10-20 11:01:02,Motion_Completed,"[-0.0, -45.0, 0.0]","[45.0, -0.0, -0.0]","[45.0, 0.0, 0.0]","[2, 2]"
2025-10-20 11:01:02,Motion_Completed,"[-0.0, -45.0, 0.0]","[45.0, -0.0, -0.0]","[45.0, 0.0, 0.0]","[2, 2]"
2025-10-20 11:01:02,Motion_Completed,"[-0.0, -45.0, 0.0]","[45.0, -0.0, -0.0]","[45.0, 0.0, 0.0]","[2, 2]"
2025-10-20 11:01:02,Motion_Completed,"[-0.0, -45.0, 0.0]","[45.0, -0.0, -0.0]","[45.0, 0.0, 0.0]","[2, 2]"
2025-10-20 11:01:03,Motion_Completed,"[-0.0, -45.0, 0.0]","[45.0, -0.0, -0.0]","[45.0, 0.0, 0.0]","[2, 2]"
2025-10-20 11:01:03,Motion_Completed,"[-0.0, -45.0, 0.0]","[45.0, -0.0, -0.0]","[45.0, 0.0, 0.0]","[2, 2]"
2025-10-20 11:01:03,Motion_Completed,"[-0.0, -45.0, 0.0]","[45.0, -0.0, -0.0]","[45.0, 0.0, 0.0]","[2, 2]"
2025-10-20 11:01:03,Motion_Completed,"[-0.0, -45.0, 0.0]","[45.0, -0.0, -0.0]","[45.0, 0.0, 0.0]","[2, 2]"
2025-10-20 11:01:03,Motion_Completed,"[-0.0, -45.0, 0.0]","[45.0, -0.0, -0.0]","[45.0, 0.0, 0.0]","[2, 2]"
2025-10-20 11:01:03,Motion_Completed,"[-0.0, -45.0, 0.0]","[45.0, -0.0, -0.0]","[45.0, 0.0, 0.0]","[2, 2]"
2025-10-20 11:01:03,Motion_Completed,"[-0.0, -45.0, 0.0]","[45.0, -0.0, -0.0]","[45.0, 0.0, 0.0]","[2, 2]"
2025-10-20 11:01:03,Motion_Completed,"[-0.0, -45.0, 0.0]","[45.0, -0.0, -0.0]","[45.0, 0.0, 0.0]","[2, 2]"
2025-10-20 11:01:03,Motion_Completed,"[-0.0, -45.0, 0.0]","[45.0, -0.0, -0.0]","[45.0, 0.0, 0.0]","[2, 2]"
2025-10-20 11:01:03,Motion_Completed,"[-0.0, -45.0, 0.0]","[45.0, -0.0, -0.0]","[45.0, 0.0, 0.0]","[2, 2]"
2025-10-20 11:01:03,Motion_Completed,"[-0.0, -45.0, 0.0]","[45.0, -0.0, -0.0]","[45.0, 0.0, 0.0]","[2, 2]"
2025-10-20 11:01:03,Motion_Completed,"[-0.0, -45.0, 0.0]","[45.0, -0.0, -0.0]","[45.0, 0.0, 0.0]","[2, 2]"
2025-10-20 11:01:03,Motion_Completed,"[-0.0, -45.0, 0.0]","[45.0, -0.0, -0.0]","[45.0, 0.0, 0.0]","[2, 2]"
2025-10-20 11:01:03,Motion_Completed,"[-0.0, -45.0, 0.0]","[45.0, -0.0, -0.0]","[45.0, 0.0, 0.0]","[2, 2]"
2025-10-20 11:01:03,Motion_Completed,"[-0.0, -45.0, 0.0]","[45.0, -0.0, -0.0]","[45.0, 0.0, 0.0]","[2, 2]"
2025-10-20 11:01:03,Motion_Completed,"[-0.0, -45.0, 0.0]","[45.0, -0.0, -0.0]","[45.0, 0.0, 0.0]","[2, 2]"
2025-10-20 11:01:03,Motion_Completed,"[-0.0, -45.0, 0.0]","[45.0, -0.0, -0.0]","[45.0, 0.0, 0.0]","[2, 2]"
2025-10-20 11:01:03,Motion_Completed,"[-0.0, -45.0, 0.0]","[45.0, -0.0, -0.0]","[45.0, 0.0, 0.0]","[2, 2]"
2025-10-20 11:01:03,Motion_Completed,"[-0.0, -45.0, 0.0]","[45.0, -0.0, -0.0]","[45.0, 0.0, 0.0]","[2, 2]"
2025-10-20 11:01:03,Motion_Completed,"[-0.0, -45.0, 0.0]","[45.0, -0.0, -0.0]","[45.0, 0.0, 0.0]","[2, 2]"
2025-10-20 11:01:03,Motion_Completed,"[-0.0, -45.0, 0.0]","[45.0, -0.0, -0.0]","[45.0, 0.0, 0.0]","[2, 2]"
2025-10-20 11:01:03,Motion_Completed,"[-0.0, -45.0, 0.0]","[45.0, -0.0, -0.0]","[45.0, 0.0, 0.0]","[2, 2]"
2025-10-20 11:01:03,Motion_Completed,"[-0.0, -45.0, 0.0]","[45.0, -0.0, -0.0]","[45.0, 0.0, 0.0]","[2, 2]"
2025-10-20 11:01:03,Motion_Completed,"[-0.0, -45.0, 0.0]","[45.0, -0.0, -0.0]","[45.0, 0.0, 0.0]","[2, 2]"
2025-10-20 11:01:03,Motion_Completed,"[-0.0, -45.0, 0.0]","[45.0, -0.0, -0.0]","[45.0, 0.0, 0.0]","[2, 2]"
2025-10-20 11:01:04,Motion_Completed,"[-0.0, -45.0, 0.0]","[45.0, -0.0, -0.0]","[45.0, 0.0, 0.0]","[2, 2]"
2025-10-20 11:01:04,Motion_Completed,"[-0.0, -45.0, 0.0]","[45.0, -0.0, -0.0]","[45.0, 0.0, 0.0]","[2, 2]"
2025-10-20 11:01:04,Motion_Completed,"[-0.0, -45.0, 0.0]","[45.0, -0.0, -0.0]","[45.0, 0.0, 0.0]","[2, 2]"
2025-10-20 11:01:04,Motion_Completed,"[-0.0, -45.0, 0.0]","[45.0, -0.0, -0.0]","[45.0, 0.0, 0.0]","[2, 2]"
2025-10-20 11:01:04,Motion_Completed,"[-0.0, -45.0, 0.0]","[45.0, -0.0, -0.0]","[45.0, 0.0, 0.0]","[2, 2]"
2025-10-20 11:01:04,Motion_Completed,"[-0.0, -45.0, 0.0]","[45.0, -0.0, -0.0]","[45.0, 0.0, 0.0]","[2, 2]"
2025-10-20 11:01:04,Motion_Completed,"[-0.0, -45.0, 0.0]","[45.0, -0.0, -0.0]","[45.0, 0.0, 0.0]","[2, 2]"
2025-10-20 11:01:04,Motion_Completed,"[-0.0, -45.0, 0.0]","[45.0, -0.0, -0.0]","[45.0, 0.0, 0.0]","[2, 2]"
2025-10-20 11:01:04,Motion_Completed,"[-0.0, -45.0, 0.0]","[45.0, -0.0, -0.0]","[45.0, 0.0, 0.0]","[2, 2]"
2025-10-20 11:01:04,Motion_Completed,"[-0.0, -45.0, 0.0]","[45.0, -0.0, -0.0]","[45.0, 0.0, 0.0]","[2, 2]"
2025-10-20 11:01:04,Motion_Completed,"[-0.0, -45.0, 0.0]","[45.0, -0.0, -0.0]","[45.0, 0.0, 0.0]","[2, 2]"
2025-10-20 11:01:04,Motion_Completed,"[-0.0, -45.0, 0.0]","[45.0, -0.0, -0.0]","[45.0, 0.0, 0.0]","[2, 2]"
2025-10-20 11:01:04,Motion_Completed,"[-0.0, -45.0, 0.0]","[45.0, -0.0, -0.0]","[45.0, 0.0, 0.0]","[2, 2]"
2025-10-20 11:01:04,Motion_Completed,"[-0.0, -45.0, 0.0]","[45.0, -0.0, -0.0]","[45.0, 0.0, 0.0]","[2, 2]"
2025-10-20 11:01:04,Motion_Completed,"[-0.0, -45.0, 0.0]","[45.0, -0.0, -0.0]","[45.0, 0.0, 0.0]","[2, 2]"
2025-10-20 11:01:04,Motion_Completed,"[-0.0, -45.0, 0.0]","[45.0, -0.0, -0.0]","[45.0, 0.0, 0.0]","[2, 2]"
2025-10-20 11:01:04,Motion_Completed,"[-0.0, -45.0, 0.0]","[45.0, -0.0, -0.0]","[45.0, 0.0, 0.0]","[2, 2]"
2025-10-20 11:01:04,Motion_Completed,"[-0.0, -45.0, 0.0]","[45.0, -0.0, -0.0]","[45.0, 0.0, 0.0]","[2, 2]"
2025-10-20 11:01:04,Motion_Completed,"[-0.0, -45.0, 0.0]","[45.0, -0.0, -0.0]","[45.0, 0.0, 0.0]","[2, 2]"
2025-10-20 11:01:04,Motion_Completed,"[-0.0, -45.0, 0.0]","[45.0, -0.0, -0.0]","[45.0, 0.0, 0.0]","[2, 2]"
2025-10-20 11:01:04,Motion_Completed,"[-0.0, -45.0, 0.0]","[45.0, -0.0, -0.0]","[45.0, 0.0, 0.0]","[2, 2]"
2025-10-20 11:01:04,Motion_Completed,"[-0.0, -45.0, 0.0]","[45.0, -0.0, -0.0]","[45.0, 0.0, 0.0]","[2, 2]"
2025-10-20 11:01:04,Motion_Completed,"[-0.0, -45.0, 0.0]","[45.0, -0.0, -0.0]","[45.0, 0.0, 0.0]","[2, 2]"
2025-10-20 11:01:04,Motion_Completed,"[-0.0, -45.0, 0.0]","[45.0, -0.0, -0.0]","[45.0, 0.0, 0.0]","[2, 2]"
2025-10-20 11:01:04,Motion_Completed,"[-0.0, -45.0, 0.0]","[45.0, -0.0, -0.0]","[45.0, 0.0, 0.0]","[2, 2]"
2025-10-20 11:01:05,Motion_Completed,"[-0.0, -45.0, 0.0]","[45.0, -0.0, -0.0]","[45.0, 0.0, 0.0]","[2, 2]"
2025-10-20 11:01:05,Motion_Completed,"[-0.0, -45.0, 0.0]","[45.0, -0.0, -0.0]","[45.0, 0.0, 0.0]","[2, 2]"
2025-10-20 11:01:05,Motion_Completed,"[-0.0, -45.0, 0.0]","[45.0, -0.0, -0.0]","[45.0, 0.0, 0.0]","[2, 2]"
2025-10-20 11:01:05,Motion_Completed,"[-0.0, -45.0, 0.0]","[45.0, -0.0, -0.0]","[45.0, 0.0, 0.0]","[2, 2]"
2025-10-20 11:01:05,Motion_Completed,"[-0.0, -45.0, 0.0]","[45.0, -0.0, -0.0]","[45.0, 0.0, 0.0]","[2, 2]"
2025-10-20 11:01:05,Motion_Completed,"[-0.0, -45.0, 0.0]","[45.0, -0.0, -0.0]","[45.0, 0.0, 0.0]","[2, 2]"
2025-10-20 11:01:05,Motion_Completed,"[-0.0, -45.0, 0.0]","[45.0, -0.0, -0.0]","[45.0, 0.0, 0.0]","[2, 2]"
2025-10-20 11:01:05,Motion_Completed,"[-0.0, -45.0, 0.0]","[45.0, -0.0, -0.0]","[45.0, 0.0, 0.0]","[2, 2]"
2025-10-20 11:01:05,Motion_Completed,"[-0.0, -45.0, 0.0]","[45.0, -0.0, -0.0]","[45.0, 0.0, 0.0]","[2, 2]"
2025-10-20 11:01:05,Motion_Completed,"[-0.0, -45.0, 0.0]","[45.0, -0.0, -0.0]","[45.0, 0.0, 0.0]","[2, 2]"
2025-10-20 11:01:05,Motion_Completed,"[-0.0, -45.0, 0.0]","[45.0, -0.0, -0.0]","[45.0, 0.0, 0.0]","[2, 2]"
2025-10-20 11:01:05,Motion_Completed,"[-0.0, -45.0, 0.0]","[45.0, -0.0, -0.0]","[45.0, 0.0, 0.0]","[2, 2]"
2025-10-20 11:01:05,Motion_Completed,"[-0.0, -45.0, 0.0]","[45.0, -0.0, -0.0]","[45.0, 0.0, 0.0]","[2, 2]"
2025-10-20 11:01:05,Motion_Completed,"[-0.0, -45.0, 0.0]","[45.0, -0.0, -0.0]","[45.0, 0.0, 0.0]","[2, 2]"
2025-10-20 11:01:05,Motion_Completed,"[-0.0, -45.0, 0.0]","[45.0, -0.0, -0.0]","[45.0, 0.0, 0.0]","[2, 2]"
2025-10-20 11:01:05,Motion_Completed,"[-0.0, -45.0, 0.0]","[45.0, -0.0, -0.0]","[45.0, 0.0, 0.0]","[2, 2]"
2025-10-20 11:01:05,Motion_Completed,"[-0.0, -45.0, 0.0]","[45.0, -0.0, -0.0]","[45.0, 0.0, 0.0]","[2, 2]"
2025-10-20 11:01:05,Motion_Completed,"[-0.0, -45.0, 0.0]","[45.0, -0.0, -0.0]","[45.0, 0.0, 0.0]","[2, 2]"
2025-10-20 11:01:05,Motion_Completed,"[-0.0, -45.0, 0.0]","[45.0, -0.0, -0.0]","[45.0, 0.0, 0.0]","[2, 2]"
2025-10-20 11:01:05,Motion_Completed,"[-0.0, -45.0, 0.0]","[45.0, -0.0, -0.0]","[45.0, 0.0, 0.0]","[2, 2]"
2025-10-20 11:01:05,Motion_Completed,"[-0.0, -45.0, 0.0]","[45.0, -0.0, -0.0]","[45.0, 0.0, 0.0]","[2, 2]"
2025-10-20 11:01:05,Motion_Completed,"[-0.0, -45.0, 0.0]","[45.0, -0.0, -0.0]","[45.0, 0.0, 0.0]","[2, 2]"
2025-10-20 11:01:05,Motion_Completed,"[-0.0, -45.0, 0.0]","[45.0, -0.0, -0.0]","[45.0, 0.0, 0.0]","[2, 2]"
2025-10-20 11:01:05,Motion_Completed,"[-0.0, -45.0, 0.0]","[45.0, -0.0, -0.0]","[45.0, 0.0, 0.0]","[2, 2]"
2025-10-20 11:01:05,Motion_Completed,"[-0.0, -45.0, 0.0]","[45.0, -0.0, -0.0]","[45.0, 0.0, 0.0]","[2, 2]"
2025-10-20 11:01:06,Motion_Completed,"[-0.0, -45.0, 0.0]","[45.0, -0.0, -0.0]","[45.0, 0.0, 0.0]","[2, 2]"
2025-10-20 11:01:06,Motion_Completed,"[-0.0, -45.0, 0.0]","[45.0, -0.0, -0.0]","[45.0, 0.0, 0.0]","[2, 2]"
2025-10-20 11:01:06,Motion_Completed,"[-0.0, -45.0, 0.0]","[45.0, -0.0, -0.0]","[45.0, 0.0, 0.0]","[2, 2]"
2025-10-20 11:01:06,Motion_Completed,"[-0.0, -45.0, 0.0]","[45.0, -0.0, -0.0]","[45.0, 0.0, 0.0]","[2, 2]"
2025-10-20 11:01:06,Motion_Completed,"[-0.0, -45.0, 0.0]","[45.0, -0.0, -0.0]","[45.0, 0.0, 0.0]","[2, 2]"
2025-10-20 11:01:06,Motion_Completed,"[-0.0, -45.0, 0.0]","[45.0, -0.0, -0.0]","[45.0, 0.0, 0.0]","[2, 2]"
2025-10-20 11:01:06,Motion_Completed,"[-0.0, -45.0, 0.0]","[45.0, -0.0, -0.0]","[45.0, 0.0, 0.0]","[2, 2]"
2025-10-20 11:01:06,Motion_Completed,"[-0.0, -45.0, 0.0]","[45.0, -0.0, -0.0]","[45.0, 0.0, 0.0]","[2, 2]"
2025-10-20 11:01:06,Motion_Completed,"[-0.0, -45.0, 0.0]","[45.0, -0.0, -0.0]","[45.0, 0.0, 0.0]","[2, 2]"
2025-10-20 11:01:06,Motion_Completed,"[-0.0, -45.0, 0.0]","[45.0, -0.0, -0.0]","[45.0, 0.0, 0.0]","[2, 2]"
2025-10-20 11:01:06,Motion_Completed,"[-0.0, -45.0, 0.0]","[45.0, -0.0, -0.0]","[45.0, 0.0, 0.0]","[2, 2]"
2025-10-20 11:01:06,Motion_Completed,"[-0.0, -45.0, 0.0]","[45.0, -0.0, -0.0]","[45.0, 0.0, 0.0]","[2, 2]"
2025-10-20 11:01:06,Motion_Completed,"[-0.0, -45.0, 0.0]","[45.0, -0.0, -0.0]","[45.0, 0.0, 0.0]","[2, 2]"
2025-10-20 11:01:06,Motion_Completed,"[-0.0, -45.0, 0.0]","[45.0, -0.0, -0.0]","[45.0, 0.0, 0.0]","[2, 2]"
2025-10-20 11:01:06,Motion_Completed,"[-0.0, -45.0, 0.0]","[45.0, -0.0, -0.0]","[45.0, 0.0, 0.0]","[2, 2]"
2025-10-20 11:01:06,Motion_Completed,"[-0.0, -45.0, 0.0]","[45.0, -0.0, -0.0]","[45.0, 0.0, 0.0]","[2, 2]"
2025-10-20 11:01:06,Motion_Completed,"[-0.0, -45.0, 0.0]","[45.0, -0.0, -0.0]","[45.0, 0.0, 0.0]","[2, 2]"
2025-10-20 11:01:06,Motion_Completed,"[-0.0, -45.0, 0.0]","[45.0, -0.0, -0.0]","[45.0, 0.0, 0.0]","[2, 2]"
2025-10-20 11:01:06,Motion_Completed,"[-0.0, -45.0, 0.0]","[45.0, -0.0, -0.0]","[45.0, 0.0, 0.0]","[2, 2]"
2025-10-20 11:01:06,Motion_Completed,"[-0.0, -45.0, 0.0]","[45.0, -0.0, -0.0]","[45.0, 0.0, 0.0]","[2, 2]"
2025-10-20 11:01:06,Motion_Completed,"[-0.0, -45.0, 0.0]","[45.0, -0.0, -0.0]","[45.0, 0.0, 0.0]","[2, 2]"
2025-10-20 11:01:06,Motion_Completed,"[-0.0, -45.0, 0.0]","[45.0, -0.0, -0.0]","[45.0, 0.0, 0.0]","[2, 2]"
2025-10-20 11:01:06,Motion_Completed,"[-0.0, -45.0, 0.0]","[45.0, -0.0, -0.0]","[45.0, 0.0, 0.0]","[2, 2]"
2025-10-20 11:01:06,Motion_Completed,"[-0.0, -45.0, 0.0]","[45.0, -0.0, -0.0]","[45.0, 0.0, 0.0]","[2, 2]"
2025-10-20 11:01:06,Motion_Completed,"[-0.0, -45.0, 0.0]","[45.0, -0.0, -0.0]","[45.0, 0.0, 0.0]","[2, 2]"
2025-10-20 11:01:07,Motion_Completed,"[-0.0, -45.0, 0.0]","[45.0, -0.0, -0.0]","[45.0, 0.0, 0.0]","[2, 2]"
2025-10-20 11:01:07,Motion_Completed,"[-0.0, -45.0, 0.0]","[45.0, -0.0, -0.0]","[45.0, 0.0, 0.0]","[2, 2]"
2025-10-20 11:01:07,Motion_Completed,"[-0.0, -45.0, 0.0]","[45.0, -0.0, -0.0]","[45.0, 0.0, 0.0]","[2, 2]"
2025-10-20 11:01:07,Motion_Completed,"[-0.0, -45.0, 0.0]","[45.0, -0.0, -0.0]","[45.0, 0.0, 0.0]","[2, 2]"
2025-10-20 11:01:07,Motion_Completed,"[-0.0, -45.0, 0.0]","[45.0, -0.0, -0.0]","[45.0, 0.0, 0.0]","[2, 2]"
2025-10-20 11:01:07,Motion_Completed,"[-0.0, -45.0, 0.0]","[45.0, -0.0, -0.0]","[45.0, 0.0, 0.0]","[2, 2]"
2025-10-20 11:01:07,Motion_Completed,"[-0.0, -45.0, 0.0]","[45.0, -0.0, -0.0]","[45.0, 0.0, 0.0]","[2, 2]"
2025-10-20 11:01:07,Motion_Completed,"[-0.0, -45.0, 0.0]","[45.0, -0.0, -0.0]","[45.0, 0.0, 0.0]","[2, 2]"
2025-10-20 11:01:07,Motion_Completed,"[-0.0, -45.0, 0.0]","[45.0, -0.0, -0.0]","[45.0, 0.0, 0.0]","[2, 2]"
2025-10-20 11:01:07,Motion_Completed,"[-0.0, -45.0, 0.0]","[45.0, -0.0, -0.0]","[45.0, 0.0, 0.0]","[2, 2]"
2025-10-20 11:01:07,Motion_Completed,"[-0.0, -45.0, 0.0]","[45.0, -0.0, -0.0]","[45.0, 0.0, 0.0]","[2, 2]"
2025-10-20 11:01:07,Motion_Completed,"[-0.0, -45.0, 0.0]","[45.0, -0.0, -0.0]","[45.0, 0.0, 0.0]","[2, 2]"
2025-10-20 11:01:07,Motion_Completed,"[-0.0, -45.0, 0.0]","[45.0, -0.0, -0.0]","[45.0, 0.0, 0.0]","[2, 2]"
2025-10-20 11:01:07,Motion_Completed,"[-0.0, -45.0, 0.0]","[45.0, -0.0, -0.0]","[45.0, 0.0, 0.0]","[2, 2]"
2025-10-20 11:01:07,Motion_Completed,"[-0.0, -45.0, 0.0]","[45.0, -0.0, -0.0]","[45.0, 0.0, 0.0]","[2, 2]"
2025-10-20 11:01:07,Motion_Completed,"[-0.0, -45.0, 0.0]","[45.0, -0.0, -0.0]","[45.0, 0.0, 0.0]","[2, 2]"
2025-10-20 11:01:07,Motion_Completed,"[-0.0, -45.0, 0.0]","[45.0, -0.0, -0.0]","[45.0, 0.0, 0.0]","[2, 2]"
2025-10-20 11:01:07,Motion_Completed,"[-0.0, -45.0, 0.0]","[45.0, -0.0, -0.0]","[45.0, 0.0, 0.0]","[2, 2]"
2025-10-20 11:01:07,Motion_Completed,"[-0.0, -45.0, 0.0]","[45.0, -0.0, -0.0]","[45.0, 0.0, 0.0]","[2, 2]"
2025-10-20 11:01:07,Motion_Completed,"[-0.0, -45.0, 0.0]","[45.0, -0.0, -0.0]","[45.0, 0.0, 0.0]","[2, 2]"
2025-10-20 11:01:07,Motion_Completed,"[-0.0, -45.0, 0.0]","[45.0, -0.0, -0.0]","[45.0, 0.0, 0.0]","[2, 2]"
2025-10-20 11:01:07,Motion_Completed,"[-0.0, -45.0, 0.0]","[45.0, -0.0, -0.0]","[45.0, 0.0, 0.0]","[2, 2]"
2025-10-20 11:01:07,Motion_Completed,"[-0.0, -45.0, 0.0]","[45.0, -0.0, -0.0]","[45.0, 0.0, 0.0]","[2, 2]"
2025-10-20 11:01:07,Motion_Completed,"[-0.0, -45.0, 0.0]","[45.0, -0.0, -0.0]","[45.0, 0.0, 0.0]","[2, 2]"
2025-10-20 11:01:07,Motion_Completed,"[-0.0, -45.0, 0.0]","[45.0, -0.0, -0.0]","[45.0, 0.0, 0.0]","[2, 2]"
2025-10-20 11:01:08,Motion_Completed,"[-0.0, -45.0, 0.0]","[45.0, -0.0, -0.0]","[45.0, 0.0, 0.0]","[2, 2]"
2025-10-20 11:01:08,Motion_Completed,"[-0.0, -45.0, 0.0]","[45.0, -0.0, -0.0]","[45.0, 0.0, 0.0]","[2, 2]"
2025-10-20 11:01:08,Motion_Completed,"[-0.0, -45.0, 0.0]","[45.0, -0.0, -0.0]","[45.0, 0.0, 0.0]","[2, 2]"
2025-10-20 11:01:08,Motion_Completed,"[-0.0, -45.0, 0.0]","[45.0, -0.0, -0.0]","[45.0, 0.0, 0.0]","[2, 2]"
2025-10-20 11:01:08,Motion_Completed,"[-0.0, -45.0, 0.0]","[45.0, -0.0, -0.0]","[45.0, 0.0, 0.0]","[2, 2]"
2025-10-20 11:01:08,Motion_Completed,"[-0.0, -45.0, 0.0]","[45.0, -0.0, -0.0]","[45.0, 0.0, 0.0]","[2, 2]"
2025-10-20 11:01:08,Motion_Completed,"[-0.0, -45.0, 0.0]","[45.0, -0.0, -0.0]","[45.0, 0.0, 0.0]","[2, 2]"
2025-10-20 11:01:08,Motion_Completed,"[-0.0, -45.0, 0.0]","[45.0, -0.0, -0.0]","[45.0, 0.0, 0.0]","[2, 2]"
2025-10-20 11:01:08,Motion_Completed,"[-0.0, -45.0, 0.0]","[45.0, -0.0, -0.0]","[45.0, 0.0, 0.0]","[2, 2]"
2025-10-20 11:01:08,Motion_Completed,"[-0.0, -45.0, 0.0]","[45.0, -0.0, -0.0]","[45.0, 0.0, 0.0]","[2, 2]"
2025-10-20 11:01:08,Motion_Completed,"[-0.0, -45.0, 0.0]","[45.0, -0.0, -0.0]","[45.0, 0.0, 0.0]","[2, 2]"
2025-10-20 11:01:08,Motion_Completed,"[-0.0, -45.0, 0.0]","[45.0, -0.0, -0.0]","[45.0, 0.0, 0.0]","[2, 2]"
2025-10-20 11:01:08,Motion_Completed,"[-0.0, -45.0, 0.0]","[45.0, -0.0, -0.0]","[45.0, 0.0, 0.0]","[2, 2]"
2025-10-20 11:01:08,Motion_Completed,"[-0.0, -45.0, 0.0]","[45.0, -0.0, -0.0]","[45.0, 0.0, 0.0]","[2, 2]"
2025-10-20 11:01:08,Motion_Completed,"[-0.0, -45.0, 0.0]","[45.0, -0.0, -0.0]","[45.0, 0.0, 0.0]","[2, 2]"
2025-10-20 11:01:08,Motion_Completed,"[-0.0, -45.0, 0.0]","[45.0, -0.0, -0.0]","[45.0, 0.0, 0.0]","[2, 2]"
2025-10-20 11:01:08,Motion_Completed,"[-0.0, -45.0, 0.0]","[45.0, -0.0, -0.0]","[45.0, 0.0, 0.0]","[2, 2]"
2025-10-20 11:01:08,Motion_Completed,"[-0.0, -45.0, 0.0]","[45.0, -0.0, -0.0]","[45.0, 0.0, 0.0]","[2, 2]"
2025-10-20 11:01:08,Motion_Completed,"[-0.0, -45.0, 0.0]","[45.0, -0.0, -0.0]","[45.0, 0.0, 0.0]","[2, 2]"
2025-10-20 11:01:08,Motion_Completed,"[-0.0, -45.0, 0.0]","[45.0, -0.0, -0.0]","[45.0, 0.0, 0.0]","[2, 2]"
2025-10-20 11:01:08,Motion_Completed,"[-0.0, -45.0, 0.0]","[45.0, -0.0, -0.0]","[45.0, 0.0, 0.0]","[2, 2]"
2025-10-20 11:01:08,Motion_Completed,"[-0.0, -45.0, 0.0]","[45.0, -0.0, -0.0]","[45.0, 0.0, 0.0]","[2, 2]"
2025-10-20 11:01:08,Motion_Completed,"[-0.0, -45.0, 0.0]","[45.0, -0.0, -0.0]","[45.0, 0.0, 0.0]","[2, 2]"
2025-10-20 11:01:08,Motion_Completed,"[-0.0, -45.0, 0.0]","[45.0, -0.0, -0.0]","[45.0, 0.0, 0.0]","[2, 2]"
2025-10-20 11:01:08,Motion_Completed,"[-0.0, -45.0, 0.0]","[45.0, -0.0, -0.0]","[45.0, 0.0, 0.0]","[2, 2]"
2025-10-20 11:01:09,Motion_Completed,"[-0.0, -45.0, 0.0]","[45.0, -0.0, -0.0]","[45.0, 0.0, 0.0]","[2, 2]"
2025-10-20 11:01:09,Motion_Completed,"[-0.0, -45.0, 0.0]","[45.0, -0.0, -0.0]","[45.0, 0.0, 0.0]","[2, 2]"
2025-10-20 11:01:09,Motion_Completed,"[-0.0, -45.0, 0.0]","[45.0, -0.0, -0.0]","[45.0, 0.0, 0.0]","[2, 2]"
2025-10-20 11:01:09,Motion_Completed,"[-0.0, -45.0, 0.0]","[45.0, -0.0, -0.0]","[45.0, 0.0, 0.0]","[2, 2]"
2025-10-20 11:01:09,Motion_Completed,"[-0.0, -45.0, 0.0]","[45.0, -0.0, -0.0]","[45.0, 0.0, 0.0]","[2, 2]"
2025-10-20 11:01:09,Motion_Completed,"[-0.0, -45.0, 0.0]","[45.0, -0.0, -0.0]","[45.0, 0.0, 0.0]","[2, 2]"
2025-10-20 11:01:09,Motion_Completed,"[-0.0, -45.0, 0.0]","[45.0, -0.0, -0.0]","[45.0, 0.0, 0.0]","[2, 2]"
2025-10-20 11:01:09,Motion_Completed,"[-0.0, -45.0, 0.0]","[45.0, -0.0, -0.0]","[45.0, 0.0, 0.0]","[2, 2]"
2025-10-20 11:01:09,Motion_Completed,"[-0.0, -45.0, 0.0]","[45.0, -0.0, -0.0]","[45.0, 0.0, 0.0]","[2, 2]"
2025-10-20 11:01:09,Motion_Completed,"[-0.0, -45.0, 0.0]","[45.0, -0.0, -0.0]","[45.0, 0.0, 0.0]","[2, 2]"
2025-10-20 11:01:09,Motion_Completed,"[-0.0, -45.0, 0.0]","[45.0, -0.0, -0.0]","[45.0, 0.0, 0.0]","[2, 2]"
2025-10-20 11:01:09,Motion_Completed,"[-0.0, -45.0, 0.0]","[45.0, -0.0, -0.0]","[45.0, 0.0, 0.0]","[2, 2]"
2025-10-20 11:01:09,Motion_Completed,"[-0.0, -45.0, 0.0]","[45.0, -0.0, -0.0]","[45.0, 0.0, 0.0]","[2, 2]"
2025-10-20 11:01:09,Motion_Completed,"[-0.0, -45.0, 0.0]","[45.0, -0.0, -0.0]","[45.0, 0.0, 0.0]","[2, 2]"
2025-10-20 11:01:09,Motion_Completed,"[-0.0, -45.0, 0.0]","[45.0, -0.0, -0.0]","[45.0, 0.0, 0.0]","[2, 2]"
2025-10-20 11:01:09,Motion_Completed,"[-0.0, -45.0, 0.0]","[45.0, -0.0, -0.0]","[45.0, 0.0, 0.0]","[2, 2]"
2025-10-20 11:01:09,Motion_Completed,"[-0.0, -45.0, 0.0]","[45.0, -0.0, -0.0]","[45.0, 0.0, 0.0]","[2, 2]"
2025-10-20 11:01:09,Motion_Completed,"[-0.0, -45.0, 0.0]","[45.0, -0.0, -0.0]","[45.0, 0.0, 0.0]","[2, 2]"
2025-10-20 11:01:09,Motion_Completed,"[-0.0, -45.0, 0.0]","[45.0, -0.0, -0.0]","[45.0, 0.0, 0.0]","[2, 2]"
2025-10-20 11:01:09,Motion_Completed,"[-0.0, -45.0, 0.0]","[45.0, -0.0, -0.0]","[45.0, 0.0, 0.0]","[2, 2]"
2025-10-20 11:01:09,Motion_Completed,"[-0.0, -45.0, 0.0]","[45.0, -0.0, -0.0]","[45.0, 0.0, 0.0]","[2, 2]"
2025-10-20 11:01:09,Motion_Completed,"[-0.0, -45.0, 0.0]","[45.0, -0.0, -0.0]","[45.0, 0.0, 0.0]","[2, 2]"
2025-10-20 11:01:09,Motion_Completed,"[-0.0, -45.0, 0.0]","[45.0, -0.0, -0.0]","[45.0, 0.0, 0.0]","[2, 2]"
2025-10-20 11:01:09,Motion_Completed,"[-0.0, -45.0, 0.0]","[45.0, -0.0, -0.0]","[45.0, 0.0, 0.0]","[2, 2]"
2025-10-20 11:01:09,Motion_Completed,"[-0.0, -45.0, 0.0]","[45.0, -0.0, -0.0]","[45.0, 0.0, 0.0]","[2, 2]"
2025-10-20 11:01:10,Motion_Completed,"[-0.0, -45.0, 0.0]","[45.0, -0.0, -0.0]","[45.0, 0.0, 0.0]","[2, 2]"
2025-10-20 11:01:10,Motion_Completed,"[-0.0, -45.0, 0.0]","[45.0, -0.0, -0.0]","[45.0, 0.0, 0.0]","[2, 2]"
2025-10-20 11:01:10,Motion_Completed,"[-0.0, -45.0, 0.0]","[45.0, -0.0, -0.0]","[45.0, 0.0, 0.0]","[2, 2]"
2025-10-20 11:01:10,Motion_Completed,"[-0.0, -45.0, 0.0]","[45.0, -0.0, -0.0]","[45.0, 0.0, 0.0]","[2, 2]"
2025-10-20 11:01:10,Motion_Completed,"[-0.0, -45.0, 0.0]","[45.0, -0.0, -0.0]","[45.0, 0.0, 0.0]","[2, 2]"
2025-10-20 11:01:10,Motion_Completed,"[-0.0, -45.0, 0.0]","[45.0, -0.0, -0.0]","[45.0, 0.0, 0.0]","[2, 2]"
2025-10-20 11:01:10,Motion_Completed,"[-0.0, -45.0, 0.0]","[45.0, -0.0, -0.0]","[45.0, 0.0, 0.0]","[2, 2]"
2025-10-20 11:01:10,Motion_Completed,"[-0.0, -45.0, 0.0]","[45.0, -0.0, -0.0]","[45.0, 0.0, 0.0]","[2, 2]"
2025-10-20 11:01:10,Motion_Completed,"[-0.0, -45.0, 0.0]","[45.0, -0.0, -0.0]","[45.0, 0.0, 0.0]","[2, 2]"
2025-10-20 11:01:10,Motion_Completed,"[-0.0, -45.0, 0.0]","[45.0, -0.0, -0.0]","[45.0, 0.0, 0.0]","[2, 2]"
2025-10-20 11:01:10,Motion_Completed,"[-0.0, -45.0, 0.0]","[45.0, -0.0, -0.0]","[45.0, 0.0, 0.0]","[2, 2]"
2025-10-20 11:01:10,Motion_Completed,"[-0.0, -45.0, 0.0]","[45.0, -0.0, -0.0]","[45.0, 0.0, 0.0]","[2, 2]"
2025-10-20 11:01:10,Motion_Completed,"[-0.0, -45.0, 0.0]","[45.0, -0.0, -0.0]","[45.0, 0.0, 0.0]","[2, 2]"
2025-10-20 11:01:10,Motion_Completed,"[-0.0, -45.0, 0.0]","[45.0, -0.0, -0.0]","[45.0, 0.0, 0.0]","[2, 2]"
2025-10-20 11:01:10,Motion_Completed,"[-0.0, -45.0, 0.0]","[45.0, -0.0, -0.0]","[45.0, 0.0, 0.0]","[2, 2]"
2025-10-20 11:01:10,Motion_Completed,"[-0.0, -45.0, 0.0]","[45.0, -0.0, -0.0]","[45.0, 0.0, 0.0]","[2, 2]"
2025-10-20 11:01:10,Motion_Completed,"[-0.0, -45.0, 0.0]","[45.0, -0.0, -0.0]","[45.0, 0.0, 0.0]","[2, 2]"
2025-10-20 11:01:10,Motion_Completed,"[-0.0, -45.0, 0.0]","[45.0, -0.0, -0.0]","[45.0, 0.0, 0.0]","[2, 2]"
2025-10-20 11:01:10,Motion_Completed,"[-0.0, -45.0, 0.0]","[45.0, -0.0, -0.0]","[45.0, 0.0, 0.0]","[2, 2]"
2025-10-20 11:01:10,Motion_Completed,"[-0.0, -45.0, 0.0]","[45.0, -0.0, -0.0]","[45.0, 0.0, 0.0]","[2, 2]"
2025-10-20 11:01:10,Motion_Completed,"[-0.0, -45.0, 0.0]","[45.0, -0.0, -0.0]","[45.0, 0.0, 0.0]","[2, 2]"
2025-10-20 11:01:10,Motion_Completed,"[-0.0, -45.0, 0.0]","[45.0, -0.0, -0.0]","[45.0, 0.0, 0.0]","[2, 2]"
2025-10-20 11:01:10,Motion_Completed,"[-0.0, -45.0, 0.0]","[45.0, -0.0, -0.0]","[45.0, 0.0, 0.0]","[2, 2]"
2025-10-20 11:01:10,Motion_Completed,"[-0.0, -45.0, 0.0]","[45.0, -0.0, -0.0]","[45.0, 0.0, 0.0]","[2, 2]"
2025-10-20 11:01:10,Motion_Completed,"[-0.0, -45.0, 0.0]","[45.0, -0.0, -0.0]","[45.0, 0.0, 0.0]","[2, 2]"
2025-10-20 11:01:11,Motion_Completed,"[-0.0, -45.0, 0.0]","[45.0, -0.0, -0.0]","[45.0, 0.0, 0.0]","[2, 2]"
2025-10-20 11:01:11,Motion_Completed,"[-0.0, -45.0, 0.0]","[45.0, -0.0, -0.0]","[45.0, 0.0, 0.0]","[2, 2]"
2025-10-20 11:01:11,Motion_Completed,"[-0.0, -45.0, 0.0]","[45.0, -0.0, -0.0]","[45.0, 0.0, 0.0]","[2, 2]"
2025-10-20 11:01:11,Motion_Completed,"[-0.0, -45.0, 0.0]","[45.0, -0.0, -0.0]","[45.0, 0.0, 0.0]","[2, 2]"
2025-10-20 11:01:11,Motion_Completed,"[-0.0, -45.0, 0.0]","[45.0, -0.0, -0.0]","[45.0, 0.0, 0.0]","[2, 2]"
2025-10-20 11:01:11,Motion_Completed,"[-0.0, -45.0, 0.0]","[45.0, -0.0, -0.0]","[45.0, 0.0, 0.0]","[2, 2]"
2025-10-20 11:01:11,Motion_Completed,"[-0.0, -45.0, 0.0]","[45.0, -0.0, -0.0]","[45.0, 0.0, 0.0]","[2, 2]"
2025-10-20 11:01:11,Motion_Completed,"[-0.0, -45.0, 0.0]","[45.0, -0.0, -0.0]","[45.0, 0.0, 0.0]","[2, 2]"
2025-10-20 11:01:11,Motion_Completed,"[-0.0, -45.0, 0.0]","[45.0, -0.0, -0.0]","[45.0, 0.0, 0.0]","[2, 2]"
2025-10-20 11:01:11,Motion_Completed,"[-0.0, -45.0, 0.0]","[45.0, -0.0, -0.0]","[45.0, 0.0, 0.0]","[2, 2]"
2025-10-20 11:01:11,Motion_Completed,"[-0.0, -45.0, 0.0]","[45.0, -0.0, -0.0]","[45.0, 0.0, 0.0]","[2, 2]"
2025-10-20 11:01:11,Motion_Completed,"[-0.0, -45.0, 0.0]","[45.0, -0.0, -0.0]","[45.0, 0.0, 0.0]","[2, 2]"
2025-10-20 11:01:11,Motion_Completed,"[-0.0, -45.0, 0.0]","[45.0, -0.0, -0.0]","[45.0, 0.0, 0.0]","[2, 2]"
2025-10-20 11:01:11,Motion_Completed,"[-0.0, -45.0, 0.0]","[45.0, -0.0, -0.0]","[45.0, 0.0, 0.0]","[2, 2]"
2025-10-20 11:01:11,Motion_Completed,"[-0.0, -45.0, 0.0]","[45.0, -0.0, -0.0]","[45.0, 0.0, 0.0]","[2, 2]"
2025-10-20 11:01:11,Motion_Completed,"[-0.0, -45.0, 0.0]","[45.0, -0.0, -0.0]","[45.0, 0.0, 0.0]","[2, 2]"
2025-10-20 11:01:11,Motion_Completed,"[-0.0, -45.0, 0.0]","[45.0, -0.0, -0.0]","[45.0, 0.0, 0.0]","[2, 2]"
2025-10-20 11:01:11,Motion_Completed,"[-0.0, -45.0, 0.0]","[45.0, -0.0, -0.0]","[45.0, 0.0, 0.0]","[2, 2]"
2025-10-20 11:01:11,Motion_Completed,"[-0.0, -45.0, 0.0]","[45.0, -0.0, -0.0]","[45.0, 0.0, 0.0]","[2, 2]"
2025-10-20 11:01:11,Motion_Completed,"[-0.0, -45.0, 0.0]","[45.0, -0.0, -0.0]","[45.0, 0.0, 0.0]","[2, 2]"
2025-10-20 11:01:11,Motion_Completed,"[-0.0, -45.0, 0.0]","[45.0, -0.0, -0.0]","[45.0, 0.0, 0.0]","[2, 2]"
2025-10-20 11:01:11,Motion_Completed,"[-0.0, -45.0, 0.0]","[45.0, -0.0, -0.0]","[45.0, 0.0, 0.0]","[2, 2]"
2025-10-20 11:01:11,Motion_Completed,"[-0.0, -45.0, 0.0]","[45.0, -0.0, -0.0]","[45.0, 0.0, 0.0]","[2, 2]"
2025-10-20 11:01:11,Motion_Completed,"[-0.0, -45.0, 0.0]","[45.0, -0.0, -0.0]","[45.0, 0.0, 0.0]","[2, 2]"
2025-10-20 11:01:11,Motion_Completed,"[-0.0, -45.0, 0.0]","[45.0, -0.0, -0.0]","[45.0, 0.0, 0.0]","[2, 2]"
2025-10-20 11:01:12,Motion_Completed,"[-0.0, -45.0, 0.0]","[45.0, -0.0, -0.0]","[45.0, 0.0, 0.0]","[2, 2]"
2025-10-20 11:01:12,Motion_Completed,"[-0.0, -45.0, 0.0]","[45.0, -0.0, -0.0]","[45.0, 0.0, 0.0]","[2, 2]"
2025-10-20 11:01:12,Motion_Completed,"[-0.0, -45.0, 0.0]","[45.0, -0.0, -0.0]","[45.0, 0.0, 0.0]","[2, 2]"
2025-10-20 11:01:12,Motion_Completed,"[-0.0, -45.0, 0.0]","[45.0, -0.0, -0.0]","[45.0, 0.0, 0.0]","[2, 2]"
2025-10-20 11:01:12,Motion_Completed,"[-0.0, -45.0, 0.0]","[45.0, -0.0, -0.0]","[45.0, 0.0, 0.0]","[2, 2]"
2025-10-20 11:01:12,Motion_Completed,"[-0.0, -45.0, 0.0]","[45.0, -0.0, -0.0]","[45.0, 0.0, 0.0]","[2, 2]"
2025-10-20 11:01:12,Motion_Completed,"[-0.0, -45.0, 0.0]","[45.0, -0.0, -0.0]","[45.0, 0.0, 0.0]","[2, 2]"
2025-10-20 11:01:12,Motion_Completed,"[-0.0, -45.0, 0.0]","[45.0, -0.0, -0.0]","[45.0, 0.0, 0.0]","[2, 2]"
2025-10-20 11:01:12,Motion_Completed,"[-0.0, -45.0, 0.0]","[45.0, -0.0, -0.0]","[45.0, 0.0, 0.0]","[2, 2]"
2025-10-20 11:01:12,Motion_Completed,"[-0.0, -45.0, 0.0]","[45.0, -0.0, -0.0]","[45.0, 0.0, 0.0]","[2, 2]"
2025-10-20 11:01:12,Motion_Completed,"[-0.0, -45.0, 0.0]","[45.0, -0.0, -0.0]","[45.0, 0.0, 0.0]","[2, 2]"
2025-10-20 11:01:12,Motion_Completed,"[-0.0, -45.0, 0.0]","[45.0, -0.0, -0.0]","[45.0, 0.0, 0.0]","[2, 2]"
2025-10-20 11:01:12,Motion_Completed,"[-0.0, -45.0, 0.0]","[45.0, -0.0, -0.0]","[45.0, 0.0, 0.0]","[2, 2]"
2025-10-20 11:01:12,Motion_Completed,"[-0.0, -45.0, 0.0]","[45.0, -0.0, -0.0]","[45.0, 0.0, 0.0]","[2, 2]"
2025-10-20 11:01:12,Motion_Completed,"[-0.0, -45.0, 0.0]","[45.0, -0.0, -0.0]","[45.0, 0.0, 0.0]","[2, 2]"
2025-10-20 11:01:12,Motion_Completed,"[-0.0, -45.0, 0.0]","[45.0, -0.0, -0.0]","[45.0, 0.0, 0.0]","[2, 2]"
2025-10-20 11:01:12,Motion_Completed,"[-0.0, -45.0, 0.0]","[45.0, -0.0, -0.0]","[45.0, 0.0, 0.0]","[2, 2]"
2025-10-20 11:01:12,Motion_Completed,"[-0.0, -45.0, 0.0]","[45.0, -0.0, -0.0]","[45.0, 0.0, 0.0]","[2, 2]"
2025-10-20 11:01:12,Motion_Completed,"[-0.0, -45.0, 0.0]","[45.0, -0.0, -0.0]","[45.0, 0.0, 0.0]","[2, 2]"
2025-10-20 11:01:12,Motion_Completed,"[-0.0, -45.0, 0.0]","[45.0, -0.0, -0.0]","[45.0, 0.0, 0.0]","[2, 2]"
2025-10-20 11:01:12,Motion_Completed,"[-0.0, -45.0, 0.0]","[45.0, -0.0, -0.0]","[45.0, 0.0, 0.0]","[2, 2]"
2025-10-20 11:01:12,Motion_Completed,"[-0.0, -45.0, 0.0]","[45.0, -0.0, -0.0]","[45.0, 0.0, 0.0]","[2, 2]"
2025-10-20 11:01:12,Motion_Completed,"[-0.0, -45.0, 0.0]","[45.0, -0.0, -0.0]","[45.0, 0.0, 0.0]","[2, 2]"
2025-10-20 11:01:12,Motion_Completed,"[-0.0, -45.0, 0.0]","[45.0, -0.0, -0.0]","[45.0, 0.0, 0.0]","[2, 2]"
2025-10-20 11:01:12,Motion_Completed,"[-0.0, -45.0, 0.0]","[45.0, -0.0, -0.0]","[45.0, 0.0, 0.0]","[2, 2]"
2025-10-20 11:01:13,Motion_Completed,"[-0.0, -45.0, 0.0]","[45.0, -0.0, -0.0]","[45.0, 0.0, 0.0]","[2, 2]"
2025-10-20 11:01:13,Motion_Completed,"[-0.0, -45.0, 0.0]","[45.0, -0.0, -0.0]","[45.0, 0.0, 0.0]","[2, 2]"
2025-10-20 11:01:13,Motion_Completed,"[-0.0, -45.0, 0.0]","[45.0, -0.0, -0.0]","[45.0, 0.0, 0.0]","[2, 2]"
2025-10-20 11:01:13,Motion_Completed,"[-0.0, -45.0, 0.0]","[45.0, -0.0, -0.0]","[45.0, 0.0, 0.0]","[2, 2]"
2025-10-20 11:01:13,Motion_Completed,"[-0.0, -45.0, 0.0]","[45.0, -0.0, -0.0]","[45.0, 0.0, 0.0]","[2, 2]"
2025-10-20 11:01:13,Motion_Completed,"[-0.0, -45.0, 0.0]","[45.0, -0.0, -0.0]","[45.0, 0.0, 0.0]","[2, 2]"
2025-10-20 11:01:13,Motion_Completed,"[-0.0, -45.0, 0.0]","[45.0, -0.0, -0.0]","[45.0, 0.0, 0.0]","[2, 2]"
2025-10-20 11:01:13,Motion_Completed,"[-0.0, -45.0, 0.0]","[45.0, -0.0, -0.0]","[45.0, 0.0, 0.0]","[2, 2]"
2025-10-20 11:01:13,Motion_Completed,"[-0.0, -45.0, 0.0]","[45.0, -0.0, -0.0]","[45.0, 0.0, 0.0]","[2, 2]"
2025-10-20 11:01:13,Motion_Completed,"[-0.0, -45.0, 0.0]","[45.0, -0.0, -0.0]","[45.0, 0.0, 0.0]","[2, 2]"
2025-10-20 11:01:13,Motion_Completed,"[-0.0, -45.0, 0.0]","[45.0, -0.0, -0.0]","[45.0, 0.0, 0.0]","[2, 2]"
2025-10-20 11:01:13,Motion_Completed,"[-0.0, -45.0, 0.0]","[45.0, -0.0, -0.0]","[45.0, 0.0, 0.0]","[2, 2]"
2025-10-20 11:01:13,Motion_Completed,"[-0.0, -45.0, 0.0]","[45.0, -0.0, -0.0]","[45.0, 0.0, 0.0]","[2, 2]"
2025-10-20 11:01:13,Motion_Completed,"[-0.0, -45.0, 0.0]","[45.0, -0.0, -0.0]","[45.0, 0.0, 0.0]","[2, 2]"
2025-10-20 11:01:13,Motion_Completed,"[-0.0, -45.0, 0.0]","[45.0, -0.0, -0.0]","[45.0, 0.0, 0.0]","[2, 2]"
2025-10-20 11:01:13,Motion_Completed,"[-0.0, -45.0, 0.0]","[45.0, -0.0, -0.0]","[45.0, 0.0, 0.0]","[2, 2]"
2025-10-20 11:01:13,Motion_Completed,"[-0.0, -45.0, 0.0]","[45.0, -0.0, -0.0]","[45.0, 0.0, 0.0]","[2, 2]"
2025-10-20 11:01:13,Motion_Completed,"[-0.0, -45.0, 0.0]","[45.0, -0.0, -0.0]","[45.0, 0.0, 0.0]","[2, 2]"
2025-10-20 11:01:13,Motion_Completed,"[-0.0, -45.0, 0.0]","[45.0, -0.0, -0.0]","[45.0, 0.0, 0.0]","[2, 2]"
2025-10-20 11:01:13,Motion_Completed,"[-0.0, -45.0, 0.0]","[45.0, -0.0, -0.0]","[45.0, 0.0, 0.0]","[2, 2]"
2025-10-20 11:01:13,Motion_Completed,"[-0.0, -45.0, 0.0]","[45.0, -0.0, -0.0]","[45.0, 0.0, 0.0]","[2, 2]"
2025-10-20 11:01:13,Motion_Completed,"[-0.0, -45.0, 0.0]","[45.0, -0.0, -0.0]","[45.0, 0.0, 0.0]","[2, 2]"
2025-10-20 11:01:13,Motion_Completed,"[-0.0, -45.0, 0.0]","[45.0, -0.0, -0.0]","[45.0, 0.0, 0.0]","[2, 2]"
2025-10-20 11:01:13,Motion_Completed,"[-0.0, -45.0, 0.0]","[45.0, -0.0, -0.0]","[45.0, 0.0, 0.0]","[2, 2]"
2025-10-20 11:01:13,Motion_Completed,"[-0.0, -45.0, 0.0]","[45.0, -0.0, -0.0]","[45.0, 0.0, 0.0]","[2, 2]"
2025-10-20 11:01:14,Motion_Completed,"[-0.0, -45.0, 0.0]","[45.0, -0.0, -0.0]","[45.0, 0.0, 0.0]","[2, 2]"
2025-10-20 11:01:14,Motion_Completed,"[-0.0, -45.0, 0.0]","[45.0, -0.0, -0.0]","[45.0, 0.0, 0.0]","[2, 2]"
2025-10-20 11:01:14,Motion_Completed,"[-0.0, -45.0, 0.0]","[45.0, -0.0, -0.0]","[45.0, 0.0, 0.0]","[2, 2]"
2025-10-20 11:01:14,Motion_Completed,"[-0.0, -45.0, 0.0]","[45.0, -0.0, -0.0]","[45.0, 0.0, 0.0]","[2, 2]"
2025-10-20 11:01:14,Motion_Completed,"[-0.0, -45.0, 0.0]","[45.0, -0.0, -0.0]","[45.0, 0.0, 0.0]","[2, 2]"
2025-10-20 11:01:14,Motion_Completed,"[-0.0, -45.0, 0.0]","[45.0, -0.0, -0.0]","[45.0, 0.0, 0.0]","[2, 2]"
2025-10-20 11:01:14,Motion_Completed,"[-0.0, -45.0, 0.0]","[45.0, -0.0, -0.0]","[45.0, 0.0, 0.0]","[2, 2]"
2025-10-20 11:01:14,Motion_Completed,"[-0.0, -45.0, 0.0]","[45.0, -0.0, -0.0]","[45.0, 0.0, 0.0]","[2, 2]"
2025-10-20 11:01:14,Motion_Completed,"[-0.0, -45.0, 0.0]","[45.0, -0.0, -0.0]","[45.0, 0.0, 0.0]","[2, 2]"
2025-10-20 11:01:14,Motion_Completed,"[-0.0, -45.0, 0.0]","[45.0, -0.0, -0.0]","[45.0, 0.0, 0.0]","[2, 2]"
2025-10-20 11:01:14,Motion_Completed,"[-0.0, -45.0, 0.0]","[45.0, -0.0, -0.0]","[45.0, 0.0, 0.0]","[2, 2]"
2025-10-20 11:01:14,Motion_Completed,"[-0.0, -45.0, 0.0]","[45.0, -0.0, -0.0]","[45.0, 0.0, 0.0]","[2, 2]"
2025-10-20 11:01:14,Motion_Completed,"[-0.0, -45.0, 0.0]","[45.0, -0.0, -0.0]","[45.0, 0.0, 0.0]","[2, 2]"
2025-10-20 11:01:14,Motion_Completed,"[-0.0, -45.0, 0.0]","[45.0, -0.0, -0.0]","[45.0, 0.0, 0.0]","[2, 2]"
2025-10-20 11:01:14,Motion_Completed,"[-0.0, -45.0, 0.0]","[45.0, -0.0, -0.0]","[45.0, 0.0, 0.0]","[2, 2]"
2025-10-20 11:01:14,Motion_Completed,"[-0.0, -45.0, 0.0]","[45.0, -0.0, -0.0]","[45.0, 0.0, 0.0]","[2, 2]"
2025-10-20 11:01:14,Motion_Completed,"[-0.0, -45.0, 0.0]","[45.0, -0.0, -0.0]","[45.0, 0.0, 0.0]","[2, 2]"
2025-10-20 11:01:14,Motion_Completed,"[-0.0, -45.0, 0.0]","[45.0, -0.0, -0.0]","[45.0, 0.0, 0.0]","[2, 2]"
2025-10-20 11:01:14,Motion_Completed,"[-0.0, -45.0, 0.0]","[45.0, -0.0, -0.0]","[45.0, 0.0, 0.0]","[2, 2]"
2025-10-20 11:01:14,Motion_Completed,"[-0.0, -45.0, 0.0]","[45.0, -0.0, -0.0]","[45.0, 0.0, 0.0]","[2, 2]"
2025-10-20 11:01:14,Motion_Completed,"[-0.0, -45.0, 0.0]","[45.0, -0.0, -0.0]","[45.0, 0.0, 0.0]","[2, 2]"
2025-10-20 11:01:14,Motion_Completed,"[-0.0, -45.0, 0.0]","[45.0, -0.0, -0.0]","[45.0, 0.0, 0.0]","[2, 2]"
2025-10-20 11:01:14,Motion_Completed,"[-0.0, -45.0, 0.0]","[45.0, -0.0, -0.0]","[45.0, 0.0, 0.0]","[2, 2]"
2025-10-20 11:01:14,Motion_Completed,"[-0.0, -45.0, 0.0]","[45.0, -0.0, -0.0]","[45.0, 0.0, 0.0]","[2, 2]"
2025-10-20 11:01:14,Motion_Completed,"[-0.0, -45.0, 0.0]","[45.0, -0.0, -0.0]","[45.0, 0.0, 0.0]","[2, 2]"
2025-10-20 11:01:15,Motion_Completed,"[-0.0, -45.0, 0.0]","[45.0, -0.0, -0.0]","[45.0, 0.0, 0.0]","[2, 2]"
2025-10-20 11:01:15,Motion_Completed,"[-0.0, -45.0, 0.0]","[45.0, -0.0, -0.0]","[45.0, 0.0, 0.0]","[2, 2]"
2025-10-20 11:01:15,Motion_Completed,"[-0.0, -45.0, 0.0]","[45.0, -0.0, -0.0]","[45.0, 0.0, 0.0]","[2, 2]"
2025-10-20 11:01:15,Motion_Completed,"[-0.0, -45.0, 0.0]","[45.0, -0.0, -0.0]","[45.0, 0.0, 0.0]","[2, 2]"
2025-10-20 11:01:15,Motion_Completed,"[-0.0, -45.0, 0.0]","[45.0, -0.0, -0.0]","[45.0, 0.0, 0.0]","[2, 2]"
2025-10-20 11:01:15,Motion_Completed,"[-0.0, -45.0, 0.0]","[45.0, -0.0, -0.0]","[45.0, 0.0, 0.0]","[2, 2]"
2025-10-20 11:01:15,Motion_Completed,"[-0.0, -45.0, 0.0]","[45.0, -0.0, -0.0]","[45.0, 0.0, 0.0]","[2, 2]"
2025-10-20 11:01:15,Motion_Completed,"[-0.0, -45.0, 0.0]","[45.0, -0.0, -0.0]","[45.0, 0.0, 0.0]","[2, 2]"
2025-10-20 11:01:15,Motion_Completed,"[-0.0, -45.0, 0.0]","[45.0, -0.0, -0.0]","[45.0, 0.0, 0.0]","[2, 2]"
2025-10-20 11:01:15,Motion_Completed,"[-0.0, -45.0, 0.0]","[45.0, -0.0, -0.0]","[45.0, 0.0, 0.0]","[2, 2]"
2025-10-20 11:01:15,Motion_Completed,"[-0.0, -45.0, 0.0]","[45.0, -0.0, -0.0]","[45.0, 0.0, 0.0]","[2, 2]"
2025-10-20 11:01:15,Motion_Completed,"[-0.0, -45.0, 0.0]","[45.0, -0.0, -0.0]","[45.0, 0.0, 0.0]","[2, 2]"
2025-10-20 11:01:15,Motion_Completed,"[-0.0, -45.0, 0.0]","[45.0, -0.0, -0.0]","[45.0, 0.0, 0.0]","[2, 2]"
2025-10-20 11:01:15,Motion_Completed,"[-0.0, -45.0, 0.0]","[45.0, -0.0, -0.0]","[45.0, 0.0, 0.0]","[2, 2]"
2025-10-20 11:01:15,Motion_Completed,"[-0.0, -45.0, 0.0]","[45.0, -0.0, -0.0]","[45.0, 0.0, 0.0]","[2, 2]"
2025-10-20 11:01:15,Motion_Completed,"[-0.0, -45.0, 0.0]","[45.0, -0.0, -0.0]","[45.0, 0.0, 0.0]","[2, 2]"
2025-10-20 11:01:15,Motion_Completed,"[-0.0, -45.0, 0.0]","[45.0, -0.0, -0.0]","[45.0, 0.0, 0.0]","[2, 2]"
2025-10-20 11:01:15,Motion_Completed,"[-0.0, -45.0, 0.0]","[45.0, -0.0, -0.0]","[45.0, 0.0, 0.0]","[2, 2]"
2025-10-20 11:01:15,Motion_Completed,"[-0.0, -45.0, 0.0]","[45.0, -0.0, -0.0]","[45.0, 0.0, 0.0]","[2, 2]"
2025-10-20 11:01:15,Motion_Completed,"[-0.0, -45.0, 0.0]","[45.0, -0.0, -0.0]","[45.0, 0.0, 0.0]","[2, 2]"
2025-10-20 11:01:15,Motion_Completed,"[-0.0, -45.0, 0.0]","[45.0, -0.0, -0.0]","[45.0, 0.0, 0.0]","[2, 2]"
2025-10-20 11:01:15,Motion_Completed,"[-0.0, -45.0, 0.0]","[45.0, -0.0, -0.0]","[45.0, 0.0, 0.0]","[2, 2]"
2025-10-20 11:01:15,Motion_Completed,"[-0.0, -45.0, 0.0]","[45.0, -0.0, -0.0]","[45.0, 0.0, 0.0]","[2, 2]"
2025-10-20 11:01:15,Motion_Completed,"[-0.0, -45.0, 0.0]","[45.0, -0.0, -0.0]","[45.0, 0.0, 0.0]","[2, 2]"
2025-10-20 11:01:15,Motion_Completed,"[-0.0, -45.0, 0.0]","[45.0, -0.0, -0.0]","[45.0, 0.0, 0.0]","[2, 2]"
2025-10-20 11:01:16,Motion_Completed,"[-0.0, -45.0, 0.0]","[45.0, -0.0, -0.0]","[45.0, 0.0, 0.0]","[2, 2]"
2025-10-20 11:01:16,Motion_Completed,"[-0.0, -45.0, 0.0]","[45.0, -0.0, -0.0]","[45.0, 0.0, 0.0]","[2, 2]"
2025-10-20 11:01:16,Motion_Completed,"[-0.0, -45.0, 0.0]","[45.0, -0.0, -0.0]","[45.0, 0.0, 0.0]","[2, 2]"
2025-10-20 11:01:16,Motion_Completed,"[-0.0, -45.0, 0.0]","[45.0, -0.0, -0.0]","[45.0, 0.0, 0.0]","[2, 2]"
2025-10-20 11:01:16,Motion_Completed,"[-0.0, -45.0, 0.0]","[45.0, -0.0, -0.0]","[45.0, 0.0, 0.0]","[2, 2]"
2025-10-20 11:01:16,Motion_Completed,"[-0.0, -45.0, 0.0]","[45.0, -0.0, -0.0]","[45.0, 0.0, 0.0]","[2, 2]"
2025-10-20 11:01:16,Motion_Completed,"[-0.0, -45.0, 0.0]","[45.0, -0.0, -0.0]","[45.0, 0.0, 0.0]","[2, 2]"
2025-10-20 11:01:16,Motion_Completed,"[-0.0, -45.0, 0.0]","[45.0, -0.0, -0.0]","[45.0, 0.0, 0.0]","[2, 2]"
2025-10-20 11:01:16,Motion_Completed,"[-0.0, -45.0, 0.0]","[45.0, -0.0, -0.0]","[45.0, 0.0, 0.0]","[2, 2]"
2025-10-20 11:01:16,Motion_Completed,"[-0.0, -45.0, 0.0]","[45.0, -0.0, -0.0]","[45.0, 0.0, 0.0]","[2, 2]"
2025-10-20 11:01:16,Motion_Completed,"[-0.0, -45.0, 0.0]","[45.0, -0.0, -0.0]","[45.0, 0.0, 0.0]","[2, 2]"
2025-10-20 11:01:16,Motion_Completed,"[-0.0, -45.0, 0.0]","[45.0, -0.0, -0.0]","[45.0, 0.0, 0.0]","[2, 2]"
2025-10-20 11:01:16,Motion_Completed,"[-0.0, -45.0, 0.0]","[45.0, -0.0, -0.0]","[45.0, 0.0, 0.0]","[2, 2]"
2025-10-20 11:01:16,Motion_Completed,"[-0.0, -45.0, 0.0]","[45.0, -0.0, -0.0]","[45.0, 0.0, 0.0]","[2, 2]"
2025-10-20 11:01:16,Motion_Completed,"[-0.0, -45.0, 0.0]","[45.0, -0.0, -0.0]","[45.0, 0.0, 0.0]","[2, 2]"
2025-10-20 11:01:16,Motion_Completed,"[-0.0, -45.0, 0.0]","[45.0, -0.0, -0.0]","[45.0, 0.0, 0.0]","[2, 2]"
2025-10-20 11:01:16,Motion_Completed,"[-0.0, -45.0, 0.0]","[45.0, -0.0, -0.0]","[45.0, 0.0, 0.0]","[2, 2]"
2025-10-20 11:01:16,Motion_Completed,"[-0.0, -45.0, 0.0]","[45.0, -0.0, -0.0]","[45.0, 0.0, 0.0]","[2, 2]"
2025-10-20 11:01:16,Motion_Completed,"[-0.0, -45.0, 0.0]","[45.0, -0.0, -0.0]","[45.0, 0.0, 0.0]","[2, 2]"
2025-10-20 11:01:16,Motion_Completed,"[-0.0, -45.0, 0.0]","[45.0, -0.0, -0.0]","[45.0, 0.0, 0.0]","[2, 2]"
2025-10-20 11:01:16,Motion_Completed,"[-0.0, -45.0, 0.0]","[45.0, -0.0, -0.0]","[45.0, 0.0, 0.0]","[2, 2]"
2025-10-20 11:01:16,Motion_Completed,"[-0.0, -45.0, 0.0]","[45.0, -0.0, -0.0]","[45.0, 0.0, 0.0]","[2, 2]"
2025-10-20 11:01:16,Motion_Completed,"[-0.0, -45.0, 0.0]","[45.0, -0.0, -0.0]","[45.0, 0.0, 0.0]","[2, 2]"
2025-10-20 11:01:16,Motion_Completed,"[-0.0, -45.0, 0.0]","[45.0, -0.0, -0.0]","[45.0, 0.0, 0.0]","[2, 2]"
2025-10-20 11:01:16,Motion_Completed,"[-0.0, -45.0, 0.0]","[45.0, -0.0, -0.0]","[45.0, 0.0, 0.0]","[2, 2]"
2025-10-20 11:01:17,Motion_Completed,"[-0.0, -45.0, 0.0]","[45.0, -0.0, -0.0]","[45.0, 0.0, 0.0]","[2, 2]"
2025-10-20 11:01:17,Motion_Completed,"[-0.0, -45.0, 0.0]","[45.0, -0.0, -0.0]","[45.0, 0.0, 0.0]","[2, 2]"
2025-10-20 11:01:17,Motion_Completed,"[-0.0, -45.0, 0.0]","[45.0, -0.0, -0.0]","[45.0, 0.0, 0.0]","[2, 2]"
2025-10-20 11:01:17,Motion_Completed,"[-0.0, -45.0, 0.0]","[45.0, -0.0, -0.0]","[45.0, 0.0, 0.0]","[2, 2]"
2025-10-20 11:01:17,Motion_Completed,"[-0.0, -45.0, 0.0]","[45.0, -0.0, -0.0]","[45.0, 0.0, 0.0]","[2, 2]"
2025-10-20 11:01:17,Motion_Completed,"[-0.0, -45.0, 0.0]","[45.0, -0.0, -0.0]","[45.0, 0.0, 0.0]","[2, 2]"
2025-10-20 11:01:17,Motion_Completed,"[-0.0, -45.0, 0.0]","[45.0, -0.0, -0.0]","[45.0, 0.0, 0.0]","[2, 2]"
2025-10-20 11:01:17,Motion_Completed,"[-0.0, -45.0, 0.0]","[45.0, -0.0, -0.0]","[45.0, 0.0, 0.0]","[2, 2]"
2025-10-20 11:01:17,Motion_Completed,"[-0.0, -45.0, 0.0]","[45.0, -0.0, -0.0]","[45.0, 0.0, 0.0]","[2, 2]"
2025-10-20 11:01:17,Motion_Completed,"[-0.0, -45.0, 0.0]","[45.0, -0.0, -0.0]","[45.0, 0.0, 0.0]","[2, 2]"
2025-10-20 11:01:17,Motion_Completed,"[-0.0, -45.0, 0.0]","[45.0, -0.0, -0.0]","[45.0, 0.0, 0.0]","[2, 2]"
2025-10-20 11:01:17,Motion_Completed,"[-0.0, -45.0, 0.0]","[45.0, -0.0, -0.0]","[45.0, 0.0, 0.0]","[2, 2]"
2025-10-20 11:01:17,Motion_Completed,"[-0.0, -45.0, 0.0]","[45.0, -0.0, -0.0]","[45.0, 0.0, 0.0]","[2, 2]"
2025-10-20 11:01:17,Motion_Completed,"[-0.0, -45.0, 0.0]","[45.0, -0.0, -0.0]","[45.0, 0.0, 0.0]","[2, 2]"
2025-10-20 11:01:17,Motion_Completed,"[-0.0, -45.0, 0.0]","[45.0, -0.0, -0.0]","[45.0, 0.0, 0.0]","[2, 2]"
2025-10-20 11:01:17,Motion_Completed,"[-0.0, -45.0, 0.0]","[45.0, -0.0, -0.0]","[45.0, 0.0, 0.0]","[2, 2]"
2025-10-20 11:01:17,Motion_Completed,"[-0.0, -45.0, 0.0]","[45.0, -0.0, -0.0]","[45.0, 0.0, 0.0]","[2, 2]"
2025-10-20 11:01:17,Motion_Completed,"[-0.0, -45.0, 0.0]","[45.0, -0.0, -0.0]","[45.0, 0.0, 0.0]","[2, 2]"
2025-10-20 11:01:17,Motion_Completed,"[-0.0, -45.0, 0.0]","[45.0, -0.0, -0.0]","[45.0, 0.0, 0.0]","[2, 2]"
2025-10-20 11:01:17,Motion_Completed,"[-0.0, -45.0, 0.0]","[45.0, -0.0, -0.0]","[45.0, 0.0, 0.0]","[2, 2]"
2025-10-20 11:01:17,Motion_Completed,"[-0.0, -45.0, 0.0]","[45.0, -0.0, -0.0]","[45.0, 0.0, 0.0]","[2, 2]"
2025-10-20 11:01:17,Motion_Completed,"[-0.0, -45.0, 0.0]","[45.0, -0.0, -0.0]","[45.0, 0.0, 0.0]","[2, 2]"
2025-10-20 11:01:17,Motion_Completed,"[-0.0, -45.0, 0.0]","[45.0, -0.0, -0.0]","[45.0, 0.0, 0.0]","[2, 2]"
2025-10-20 11:01:17,Motion_Completed,"[-0.0, -45.0, 0.0]","[45.0, -0.0, -0.0]","[45.0, 0.0, 0.0]","[2, 2]"
2025-10-20 11:01:17,Motion_Completed,"[-0.0, -45.0, 0.0]","[45.0, -0.0, -0.0]","[45.0, 0.0, 0.0]","[2, 2]"
2025-10-20 11:01:18,Motion_Completed,"[-0.0, -45.0, 0.0]","[45.0, -0.0, -0.0]","[45.0, 0.0, 0.0]","[2, 2]"
2025-10-20 11:01:18,Motion_Completed,"[-0.0, -45.0, 0.0]","[45.0, -0.0, -0.0]","[45.0, 0.0, 0.0]","[2, 2]"
2025-10-20 11:01:18,Motion_Completed,"[-0.0, -45.0, 0.0]","[45.0, -0.0, -0.0]","[45.0, 0.0, 0.0]","[2, 2]"
2025-10-20 11:01:18,Motion_Completed,"[-0.0, -45.0, 0.0]","[45.0, -0.0, -0.0]","[45.0, 0.0, 0.0]","[2, 2]"
2025-10-20 11:01:18,Motion_Completed,"[-0.0, -45.0, 0.0]","[45.0, -0.0, -0.0]","[45.0, 0.0, 0.0]","[2, 2]"
2025-10-20 11:01:18,Motion_Completed,"[-0.0, -45.0, 0.0]","[45.0, -0.0, -0.0]","[45.0, 0.0, 0.0]","[2, 2]"
2025-10-20 11:01:18,Motion_Completed,"[-0.0, -45.0, 0.0]","[45.0, -0.0, -0.0]","[45.0, 0.0, 0.0]","[2, 2]"
2025-10-20 11:01:18,Motion_Completed,"[-0.0, -45.0, 0.0]","[45.0, -0.0, -0.0]","[45.0, 0.0, 0.0]","[2, 2]"
2025-10-20 11:01:18,Motion_Completed,"[-0.0, -45.0, 0.0]","[45.0, -0.0, -0.0]","[45.0, 0.0, 0.0]","[2, 2]"
2025-10-20 11:01:18,Motion_Completed,"[-0.0, -45.0, 0.0]","[45.0, -0.0, -0.0]","[45.0, 0.0, 0.0]","[2, 2]"
2025-10-20 11:01:18,Motion_Completed,"[-0.0, -45.0, 0.0]","[45.0, -0.0, -0.0]","[45.0, 0.0, 0.0]","[2, 2]"
2025-10-20 11:01:18,Motion_Completed,"[-0.0, -45.0, 0.0]","[45.0, -0.0, -0.0]","[45.0, 0.0, 0.0]","[2, 2]"
2025-10-20 11:01:18,Motion_Completed,"[-0.0, -45.0, 0.0]","[45.0, -0.0, -0.0]","[45.0, 0.0, 0.0]","[2, 2]"
2025-10-20 11:01:18,Motion_Completed,"[-0.0, -45.0, 0.0]","[45.0, -0.0, -0.0]","[45.0, 0.0, 0.0]","[2, 2]"
2025-10-20 11:01:18,Motion_Completed,"[-0.0, -45.0, 0.0]","[45.0, -0.0, -0.0]","[45.0, 0.0, 0.0]","[2, 2]"
2025-10-20 11:01:18,Motion_Completed,"[-0.0, -45.0, 0.0]","[45.0, -0.0, -0.0]","[45.0, 0.0, 0.0]","[2, 2]"
2025-10-20 11:01:18,Motion_Completed,"[-0.0, -45.0, 0.0]","[45.0, -0.0, -0.0]","[45.0, 0.0, 0.0]","[2, 2]"
2025-10-20 11:01:18,Motion_Completed,"[-0.0, -45.0, 0.0]","[45.0, -0.0, -0.0]","[45.0, 0.0, 0.0]","[2, 2]"
2025-10-20 11:01:18,Motion_Completed,"[-0.0, -45.0, 0.0]","[45.0, -0.0, -0.0]","[45.0, 0.0, 0.0]","[2, 2]"
2025-10-20 11:01:18,Motion_Completed,"[-0.0, -45.0, 0.0]","[45.0, -0.0, -0.0]","[45.0, 0.0, 0.0]","[2, 2]"
2025-10-20 11:01:18,Motion_Completed,"[-0.0, -45.0, 0.0]","[45.0, -0.0, -0.0]","[45.0, 0.0, 0.0]","[2, 2]"
2025-10-20 11:01:18,Motion_Completed,"[-0.0, -45.0, 0.0]","[45.0, -0.0, -0.0]","[45.0, 0.0, 0.0]","[2, 2]"
2025-10-20 11:01:18,Motion_Completed,"[-0.0, -45.0, 0.0]","[45.0, -0.0, -0.0]","[45.0, 0.0, 0.0]","[2, 2]"
2025-10-20 11:01:18,Motion_Completed,"[-0.0, -45.0, 0.0]","[45.0, -0.0, -0.0]","[45.0, 0.0, 0.0]","[2, 2]"
2025-10-20 11:01:18,Motion_Completed,"[-0.0, -45.0, 0.0]","[45.0, -0.0, -0.0]","[45.0, 0.0, 0.0]","[2, 2]"
2025-10-20 11:01:19,Motion_Completed,"[-0.0, -45.0, 0.0]","[45.0, -0.0, -0.0]","[45.0, 0.0, 0.0]","[2, 2]"
2025-10-20 11:01:19,Motion_Completed,"[-0.0, -45.0, 0.0]","[45.0, -0.0, -0.0]","[45.0, 0.0, 0.0]","[2, 2]"
2025-10-20 11:01:19,Motion_Completed,"[-0.0, -45.0, 0.0]","[45.0, -0.0, -0.0]","[45.0, 0.0, 0.0]","[2, 2]"
2025-10-20 11:01:19,Motion_Completed,"[-0.0, -45.0, 0.0]","[45.0, -0.0, -0.0]","[45.0, 0.0, 0.0]","[2, 2]"
2025-10-20 11:01:19,Motion_Completed,"[-0.0, -45.0, 0.0]","[45.0, -0.0, -0.0]","[45.0, 0.0, 0.0]","[2, 2]"
2025-10-20 11:01:19,Motion_Completed,"[-0.0, -45.0, 0.0]","[45.0, -0.0, -0.0]","[45.0, 0.0, 0.0]","[2, 2]"
2025-10-20 11:01:19,Motion_Completed,"[-0.0, -45.0, 0.0]","[45.0, -0.0, -0.0]","[45.0, 0.0, 0.0]","[2, 2]"
2025-10-20 11:01:19,Motion_Completed,"[-0.0, -45.0, 0.0]","[45.0, -0.0, -0.0]","[45.0, 0.0, 0.0]","[2, 2]"
2025-10-20 11:01:19,Motion_Completed,"[-0.0, -45.0, 0.0]","[45.0, -0.0, -0.0]","[45.0, 0.0, 0.0]","[2, 2]"
2025-10-20 11:01:19,Motion_Completed,"[-0.0, -45.0, 0.0]","[45.0, -0.0, -0.0]","[45.0, 0.0, 0.0]","[2, 2]"
2025-10-20 11:01:19,Motion_Completed,"[-0.0, -45.0, 0.0]","[45.0, -0.0, -0.0]","[45.0, 0.0, 0.0]","[2, 2]"
2025-10-20 11:01:19,Motion_Completed,"[-0.0, -45.0, 0.0]","[45.0, -0.0, -0.0]","[45.0, 0.0, 0.0]","[2, 2]"
2025-10-20 11:01:19,Motion_Completed,"[-0.0, -45.0, 0.0]","[45.0, -0.0, -0.0]","[45.0, 0.0, 0.0]","[2, 2]"
2025-10-20 11:01:19,Motion_Completed,"[-0.0, -45.0, 0.0]","[45.0, -0.0, -0.0]","[45.0, 0.0, 0.0]","[2, 2]"
2025-10-20 11:01:19,Motion_Completed,"[-0.0, -45.0, 0.0]","[45.0, -0.0, -0.0]","[45.0, 0.0, 0.0]","[2, 2]"
2025-10-20 11:01:19,Motion_Completed,"[-0.0, -45.0, 0.0]","[45.0, -0.0, -0.0]","[45.0, 0.0, 0.0]","[2, 2]"
2025-10-20 11:01:19,Motion_Completed,"[-0.0, -45.0, 0.0]","[45.0, -0.0, -0.0]","[45.0, 0.0, 0.0]","[2, 2]"
2025-10-20 11:01:19,Motion_Completed,"[-0.0, -45.0, 0.0]","[45.0, -0.0, -0.0]","[45.0, 0.0, 0.0]","[2, 2]"
2025-10-20 11:01:19,Motion_Completed,"[-0.0, -45.0, 0.0]","[45.0, -0.0, -0.0]","[45.0, 0.0, 0.0]","[2, 2]"
2025-10-20 11:01:19,Motion_Completed,"[-0.0, -45.0, 0.0]","[45.0, -0.0, -0.0]","[45.0, 0.0, 0.0]","[2, 2]"
2025-10-20 11:01:19,Motion_Completed,"[-0.0, -45.0, 0.0]","[45.0, -0.0, -0.0]","[45.0, 0.0, 0.0]","[2, 2]"
2025-10-20 11:01:19,Motion_Completed,"[-0.0, -45.0, 0.0]","[45.0, -0.0, -0.0]","[45.0, 0.0, 0.0]","[2, 2]"
2025-10-20 11:01:19,Motion_Completed,"[-0.0, -45.0, 0.0]","[45.0, -0.0, -0.0]","[45.0, 0.0, 0.0]","[2, 2]"
2025-10-20 11:01:19,Motion_Completed,"[-0.0, -45.0, 0.0]","[45.0, -0.0, -0.0]","[45.0, 0.0, 0.0]","[2, 2]"
2025-10-20 11:01:19,Motion_Completed,"[-0.0, -45.0, 0.0]","[45.0, -0.0, -0.0]","[45.0, 0.0, 0.0]","[2, 2]"
2025-10-20 11:01:20,Motion_Completed,"[-0.0, -45.0, 0.0]","[45.0, -0.0, -0.0]","[45.0, 0.0, 0.0]","[2, 2]"
2025-10-20 11:01:20,Motion_Completed,"[-0.0, -45.0, 0.0]","[45.0, -0.0, -0.0]","[45.0, 0.0, 0.0]","[2, 2]"
2025-10-20 11:01:20,Motion_Completed,"[-0.0, -45.0, 0.0]","[45.0, -0.0, -0.0]","[45.0, 0.0, 0.0]","[2, 2]"
2025-10-20 11:01:20,Motion_Completed,"[-0.0, -45.0, 0.0]","[45.0, -0.0, -0.0]","[45.0, 0.0, 0.0]","[2, 2]"
2025-10-20 11:01:20,Motion_Completed,"[-0.0, -45.0, 0.0]","[45.0, -0.0, -0.0]","[45.0, 0.0, 0.0]","[2, 2]"
2025-10-20 11:01:20,Motion_Completed,"[-0.0, -45.0, 0.0]","[45.0, -0.0, -0.0]","[45.0, 0.0, 0.0]","[2, 2]"
2025-10-20 11:01:20,Motion_Completed,"[-0.0, -45.0, 0.0]","[45.0, -0.0, -0.0]","[45.0, 0.0, 0.0]","[2, 2]"
2025-10-20 11:01:20,Motion_Completed,"[-0.0, -45.0, 0.0]","[45.0, -0.0, -0.0]","[45.0, 0.0, 0.0]","[2, 2]"
2025-10-20 11:01:20,Motion_Completed,"[-0.0, -45.0, 0.0]","[45.0, -0.0, -0.0]","[45.0, 0.0, 0.0]","[2, 2]"
2025-10-20 11:01:20,Motion_Completed,"[-0.0, -45.0, 0.0]","[45.0, -0.0, -0.0]","[45.0, 0.0, 0.0]","[2, 2]"
2025-10-20 11:01:20,Motion_Completed,"[-0.0, -45.0, 0.0]","[45.0, -0.0, -0.0]","[45.0, 0.0, 0.0]","[2, 2]"
2025-10-20 11:01:20,Motion_Completed,"[-0.0, -45.0, 0.0]","[45.0, -0.0, -0.0]","[45.0, 0.0, 0.0]","[2, 2]"
2025-10-20 11:01:20,Motion_Completed,"[-0.0, -45.0, 0.0]","[45.0, -0.0, -0.0]","[45.0, 0.0, 0.0]","[2, 2]"
2025-10-20 11:01:20,Motion_Completed,"[-0.0, -45.0, 0.0]","[45.0, -0.0, -0.0]","[45.0, 0.0, 0.0]","[2, 2]"
2025-10-20 11:01:20,Motion_Completed,"[-0.0, -45.0, 0.0]","[45.0, -0.0, -0.0]","[45.0, 0.0, 0.0]","[2, 2]"
2025-10-20 11:01:20,Motion_Completed,"[-0.0, -45.0, 0.0]","[45.0, -0.0, -0.0]","[45.0, 0.0, 0.0]","[2, 2]"
2025-10-20 11:01:20,Motion_Completed,"[-0.0, -45.0, 0.0]","[45.0, -0.0, -0.0]","[45.0, 0.0, 0.0]","[2, 2]"
2025-10-20 11:01:20,Motion_Completed,"[-0.0, -45.0, 0.0]","[45.0, -0.0, -0.0]","[45.0, 0.0, 0.0]","[2, 2]"
2025-10-20 11:01:20,Motion_Completed,"[-0.0, -45.0, 0.0]","[45.0, -0.0, -0.0]","[45.0, 0.0, 0.0]","[2, 2]"
2025-10-20 11:01:20,Motion_Completed,"[-0.0, -45.0, 0.0]","[45.0, -0.0, -0.0]","[45.0, 0.0, 0.0]","[2, 2]"
2025-10-20 11:01:20,Motion_Completed,"[-0.0, -45.0, 0.0]","[45.0, -0.0, -0.0]","[45.0, 0.0, 0.0]","[2, 2]"
2025-10-20 11:01:20,Motion_Completed,"[-0.0, -45.0, 0.0]","[45.0, -0.0, -0.0]","[45.0, 0.0, 0.0]","[2, 2]"
2025-10-20 11:01:20,Motion_Completed,"[-0.0, -45.0, 0.0]","[45.0, -0.0, -0.0]","[45.0, 0.0, 0.0]","[2, 2]"
2025-10-20 11:01:20,Motion_Completed,"[-0.0, -45.0, 0.0]","[45.0, -0.0, -0.0]","[45.0, 0.0, 0.0]","[2, 2]"
2025-10-20 11:01:20,Motion_Completed,"[-0.0, -45.0, 0.0]","[45.0, -0.0, -0.0]","[45.0, 0.0, 0.0]","[2, 2]"
2025-10-20 11:01:21,Motion_Completed,"[-0.0, -45.0, 0.0]","[45.0, -0.0, -0.0]","[45.0, 0.0, 0.0]","[2, 2]"
2025-10-20 11:01:21,Motion_Completed,"[-0.0, -45.0, 0.0]","[45.0, -0.0, -0.0]","[45.0, 0.0, 0.0]","[2, 2]"
2025-10-20 11:01:21,Motion_Completed,"[-0.0, -45.0, 0.0]","[45.0, -0.0, -0.0]","[45.0, 0.0, 0.0]","[2, 2]"
2025-10-20 11:01:21,Motion_Completed,"[-0.0, -45.0, 0.0]","[45.0, -0.0, -0.0]","[45.0, 0.0, 0.0]","[2, 2]"
2025-10-20 11:01:21,Motion_Completed,"[-0.0, -45.0, 0.0]","[45.0, -0.0, -0.0]","[45.0, 0.0, 0.0]","[2, 2]"
2025-10-20 11:01:21,Motion_Completed,"[-0.0, -45.0, 0.0]","[45.0, -0.0, -0.0]","[45.0, 0.0, 0.0]","[2, 2]"
2025-10-20 11:01:21,Motion_Completed,"[-0.0, -45.0, 0.0]","[45.0, -0.0, -0.0]","[45.0, 0.0, 0.0]","[2, 2]"
2025-10-20 11:01:21,Motion_Completed,"[-0.0, -45.0, 0.0]","[45.0, -0.0, -0.0]","[45.0, 0.0, 0.0]","[2, 2]"
2025-10-20 11:01:21,Motion_Completed,"[-0.0, -45.0, 0.0]","[45.0, -0.0, -0.0]","[45.0, 0.0, 0.0]","[2, 2]"
2025-10-20 11:01:21,Motion_Completed,"[-0.0, -45.0, 0.0]","[45.0, -0.0, -0.0]","[45.0, 0.0, 0.0]","[2, 2]"
2025-10-20 11:01:21,Motion_Completed,"[-0.0, -45.0, 0.0]","[45.0, -0.0, -0.0]","[45.0, 0.0, 0.0]","[2, 2]"
2025-10-20 11:01:21,Motion_Completed,"[-0.0, -45.0, 0.0]","[45.0, -0.0, -0.0]","[45.0, 0.0, 0.0]","[2, 2]"
2025-10-20 11:01:21,Motion_Completed,"[-0.0, -45.0, 0.0]","[45.0, -0.0, -0.0]","[45.0, 0.0, 0.0]","[2, 2]"
2025-10-20 11:01:21,Motion_Completed,"[-0.0, -45.0, 0.0]","[45.0, -0.0, -0.0]","[45.0, 0.0, 0.0]","[2, 2]"
2025-10-20 11:01:21,Motion_Completed,"[-0.0, -45.0, 0.0]","[45.0, -0.0, -0.0]","[45.0, 0.0, 0.0]","[2, 2]"
2025-10-20 11:01:21,Motion_Completed,"[-0.0, -45.0, 0.0]","[45.0, -0.0, -0.0]","[45.0, 0.0, 0.0]","[2, 2]"
2025-10-20 11:01:21,Motion_Completed,"[-0.0, -45.0, 0.0]","[45.0, -0.0, -0.0]","[45.0, 0.0, 0.0]","[2, 2]"
2025-10-20 11:01:21,Motion_Completed,"[-0.0, -45.0, 0.0]","[45.0, -0.0, -0.0]","[45.0, 0.0, 0.0]","[2, 2]"
2025-10-20 11:01:21,Motion_Completed,"[-0.0, -45.0, 0.0]","[45.0, -0.0, -0.0]","[45.0, 0.0, 0.0]","[2, 2]"
2025-10-20 11:01:21,Motion_Completed,"[-0.0, -45.0, 0.0]","[45.0, -0.0, -0.0]","[45.0, 0.0, 0.0]","[2, 2]"
2025-10-20 11:01:21,Motion_Completed,"[-0.0, -45.0, 0.0]","[45.0, -0.0, -0.0]","[45.0, 0.0, 0.0]","[2, 2]"
2025-10-20 11:01:21,Motion_Completed,"[-0.0, -45.0, 0.0]","[45.0, -0.0, -0.0]","[45.0, 0.0, 0.0]","[2, 2]"
2025-10-20 11:01:21,Motion_Completed,"[-0.0, -45.0, 0.0]","[45.0, -0.0, -0.0]","[45.0, 0.0, 0.0]","[2, 2]"
2025-10-20 11:01:21,Motion_Completed,"[-0.0, -45.0, 0.0]","[45.0, -0.0, -0.0]","[45.0, 0.0, 0.0]","[2, 2]"
2025-10-20 11:01:21,Motion_Completed,"[-0.0, -45.0, 0.0]","[45.0, -0.0, -0.0]","[45.0, 0.0, 0.0]","[2, 2]"
2025-10-20 11:01:22,Motion_Completed,"[-0.0, -45.0, 0.0]","[45.0, -0.0, -0.0]","[45.0, 0.0, 0.0]","[2, 2]"
2025-10-20 11:01:22,Motion_Completed,"[-0.0, -45.0, 0.0]","[45.0, -0.0, -0.0]","[45.0, 0.0, 0.0]","[2, 2]"
2025-10-20 11:01:22,Motion_Completed,"[-0.0, -45.0, 0.0]","[45.0, -0.0, -0.0]","[45.0, 0.0, 0.0]","[2, 2]"
2025-10-20 11:01:22,Motion_Completed,"[-0.0, -45.0, 0.0]","[45.0, -0.0, -0.0]","[45.0, 0.0, 0.0]","[2, 2]"
2025-10-20 11:01:22,Motion_Completed,"[-0.0, -45.0, 0.0]","[45.0, -0.0, -0.0]","[45.0, 0.0, 0.0]","[2, 2]"
2025-10-20 11:01:22,Motion_Completed,"[-0.0, -45.0, 0.0]","[45.0, -0.0, -0.0]","[45.0, 0.0, 0.0]","[2, 2]"
2025-10-20 11:01:22,Motion_Completed,"[-0.0, -45.0, 0.0]","[45.0, -0.0, -0.0]","[45.0, 0.0, 0.0]","[2, 2]"
2025-10-20 11:01:22,Motion_Completed,"[-0.0, -45.0, 0.0]","[45.0, -0.0, -0.0]","[45.0, 0.0, 0.0]","[2, 2]"
2025-10-20 11:01:22,Motion_Completed,"[-0.0, -45.0, 0.0]","[45.0, -0.0, -0.0]","[45.0, 0.0, 0.0]","[2, 2]"
2025-10-20 11:01:22,Motion_Completed,"[-0.0, -45.0, 0.0]","[45.0, -0.0, -0.0]","[45.0, 0.0, 0.0]","[2, 2]"
2025-10-20 11:01:22,Motion_Completed,"[-0.0, -45.0, 0.0]","[45.0, -0.0, -0.0]","[45.0, 0.0, 0.0]","[2, 2]"
2025-10-20 11:01:22,Motion_Completed,"[-0.0, -45.0, 0.0]","[45.0, -0.0, -0.0]","[45.0, 0.0, 0.0]","[2, 2]"
2025-10-20 11:01:22,Motion_Completed,"[-0.0, -45.0, 0.0]","[45.0, -0.0, -0.0]","[45.0, 0.0, 0.0]","[2, 2]"
2025-10-20 11:01:22,Motion_Completed,"[-0.0, -45.0, 0.0]","[45.0, -0.0, -0.0]","[45.0, 0.0, 0.0]","[2, 2]"
2025-10-20 11:01:22,Motion_Completed,"[-0.0, -45.0, 0.0]","[45.0, -0.0, -0.0]","[45.0, 0.0, 0.0]","[2, 2]"
2025-10-20 11:01:22,Motion_Completed,"[-0.0, -45.0, 0.0]","[45.0, -0.0, -0.0]","[45.0, 0.0, 0.0]","[2, 2]"
2025-10-20 11:01:22,Motion_Completed,"[-0.0, -45.0, 0.0]","[45.0, -0.0, -0.0]","[45.0, 0.0, 0.0]","[2, 2]"
2025-10-20 11:01:22,Motion_Completed,"[-0.0, -45.0, 0.0]","[45.0, -0.0, -0.0]","[45.0, 0.0, 0.0]","[2, 2]"
2025-10-20 11:01:22,Motion_Completed,"[-0.0, -45.0, 0.0]","[45.0, -0.0, -0.0]","[45.0, 0.0, 0.0]","[2, 2]"
2025-10-20 11:01:22,Motion_Completed,"[-0.0, -45.0, 0.0]","[45.0, -0.0, -0.0]","[45.0, 0.0, 0.0]","[2, 2]"
2025-10-20 11:01:22,Motion_Completed,"[-0.0, -45.0, 0.0]","[45.0, -0.0, -0.0]","[45.0, 0.0, 0.0]","[2, 2]"
2025-10-20 11:01:22,Motion_Completed,"[-0.0, -45.0, 0.0]","[45.0, -0.0, -0.0]","[45.0, 0.0, 0.0]","[2, 2]"
2025-10-20 11:01:22,Motion_Completed,"[-0.0, -45.0, 0.0]","[45.0, -0.0, -0.0]","[45.0, 0.0, 0.0]","[2, 2]"
2025-10-20 11:01:22,Motion_Completed,"[-0.0, -45.0, 0.0]","[45.0, -0.0, -0.0]","[45.0, 0.0, 0.0]","[2, 2]"
2025-10-20 11:01:22,Motion_Completed,"[-0.0, -45.0, 0.0]","[45.0, -0.0, -0.0]","[45.0, 0.0, 0.0]","[2, 2]"
2025-10-20 11:01:23,Motion_Completed,"[-0.0, -45.0, 0.0]","[45.0, -0.0, -0.0]","[45.0, 0.0, 0.0]","[2, 2]"
2025-10-20 11:01:23,Motion_Completed,"[-0.0, -45.0, 0.0]","[45.0, -0.0, -0.0]","[45.0, 0.0, 0.0]","[2, 2]"
2025-10-20 11:01:23,Motion_Completed,"[-0.0, -45.0, 0.0]","[45.0, -0.0, -0.0]","[45.0, 0.0, 0.0]","[2, 2]"
2025-10-20 11:01:23,Motion_Completed,"[-0.0, -45.0, 0.0]","[45.0, -0.0, -0.0]","[45.0, 0.0, 0.0]","[2, 2]"
2025-10-20 11:01:23,Motion_Completed,"[-0.0, -45.0, 0.0]","[45.0, -0.0, -0.0]","[45.0, 0.0, 0.0]","[2, 2]"
2025-10-20 11:01:23,Motion_Completed,"[-0.0, -45.0, 0.0]","[45.0, -0.0, -0.0]","[45.0, 0.0, 0.0]","[2, 2]"
2025-10-20 11:01:23,Motion_Completed,"[-0.0, -45.0, 0.0]","[45.0, -0.0, -0.0]","[45.0, 0.0, 0.0]","[2, 2]"
2025-10-20 11:01:23,Motion_Completed,"[-0.0, -45.0, 0.0]","[45.0, -0.0, -0.0]","[45.0, 0.0, 0.0]","[2, 2]"
2025-10-20 11:01:23,Motion_Completed,"[-0.0, -45.0, 0.0]","[45.0, -0.0, -0.0]","[45.0, 0.0, 0.0]","[2, 2]"
2025-10-20 11:01:23,Motion_Completed,"[-0.0, -45.0, 0.0]","[45.0, -0.0, -0.0]","[45.0, 0.0, 0.0]","[2, 2]"
2025-10-20 11:01:23,Motion_Completed,"[-0.0, -45.0, 0.0]","[45.0, -0.0, -0.0]","[45.0, 0.0, 0.0]","[2, 2]"
2025-10-20 11:01:23,Motion_Completed,"[-0.0, -45.0, 0.0]","[45.0, -0.0, -0.0]","[45.0, 0.0, 0.0]","[2, 2]"
2025-10-20 11:01:23,Motion_Completed,"[-0.0, -45.0, 0.0]","[45.0, -0.0, -0.0]","[45.0, 0.0, 0.0]","[2, 2]"
2025-10-20 11:01:23,Motion_Completed,"[-0.0, -45.0, 0.0]","[45.0, -0.0, -0.0]","[45.0, 0.0, 0.0]","[2, 2]"
2025-10-20 11:01:23,Motion_Completed,"[-0.0, -45.0, 0.0]","[45.0, -0.0, -0.0]","[45.0, 0.0, 0.0]","[2, 2]"
2025-10-20 11:01:23,Motion_Completed,"[-0.0, -45.0, 0.0]","[45.0, -0.0, -0.0]","[45.0, 0.0, 0.0]","[2, 2]"
2025-10-20 11:01:23,Motion_Completed,"[-0.0, -45.0, 0.0]","[45.0, -0.0, -0.0]","[45.0, 0.0, 0.0]","[2, 2]"
2025-10-20 11:01:23,Motion_Completed,"[-0.0, -45.0, 0.0]","[45.0, -0.0, -0.0]","[45.0, 0.0, 0.0]","[2, 2]"
2025-10-20 11:01:23,Motion_Completed,"[-0.0, -45.0, 0.0]","[45.0, -0.0, -0.0]","[45.0, 0.0, 0.0]","[2, 2]"
2025-10-20 11:01:23,Motion_Completed,"[-0.0, -45.0, 0.0]","[45.0, -0.0, -0.0]","[45.0, 0.0, 0.0]","[2, 2]"
2025-10-20 11:01:23,Motion_Completed,"[-0.0, -45.0, 0.0]","[45.0, -0.0, -0.0]","[45.0, 0.0, 0.0]","[2, 2]"
2025-10-20 11:01:23,Motion_Completed,"[-0.0, -45.0, 0.0]","[45.0, -0.0, -0.0]","[45.0, 0.0, 0.0]","[2, 2]"
2025-10-20 11:01:23,Motion_Completed,"[-0.0, -45.0, 0.0]","[45.0, -0.0, -0.0]","[45.0, 0.0, 0.0]","[2, 2]"
2025-10-20 11:01:23,Motion_Completed,"[-0.0, -45.0, 0.0]","[45.0, -0.0, -0.0]","[45.0, 0.0, 0.0]","[2, 2]"
2025-10-20 11:01:23,Motion_Completed,"[-0.0, -45.0, 0.0]","[45.0, -0.0, -0.0]","[45.0, 0.0, 0.0]","[2, 2]"
2025-10-20 11:01:24,Motion_Completed,"[-0.0, -45.0, 0.0]","[45.0, -0.0, -0.0]","[45.0, 0.0, 0.0]","[2, 2]"
2025-10-20 11:01:24,Motion_Completed,"[-0.0, -45.0, 0.0]","[45.0, -0.0, -0.0]","[45.0, 0.0, 0.0]","[2, 2]"
2025-10-20 11:01:24,Motion_Completed,"[-0.0, -45.0, 0.0]","[45.0, -0.0, -0.0]","[45.0, 0.0, 0.0]","[2, 2]"
2025-10-20 11:01:24,Motion_Completed,"[-0.0, -45.0, 0.0]","[45.0, -0.0, -0.0]","[45.0, 0.0, 0.0]","[2, 2]"
2025-10-20 11:01:24,Motion_Completed,"[-0.0, -45.0, 0.0]","[45.0, -0.0, -0.0]","[45.0, 0.0, 0.0]","[2, 2]"
2025-10-20 11:01:24,Motion_Completed,"[-0.0, -45.0, 0.0]","[45.0, -0.0, -0.0]","[45.0, 0.0, 0.0]","[2, 2]"
2025-10-20 11:01:24,Motion_Completed,"[-0.0, -45.0, 0.0]","[45.0, -0.0, -0.0]","[45.0, 0.0, 0.0]","[2, 2]"
2025-10-20 11:01:24,Motion_Completed,"[-0.0, -45.0, 0.0]","[45.0, -0.0, -0.0]","[45.0, 0.0, 0.0]","[2, 2]"
2025-10-20 11:01:24,Motion_Completed,"[-0.0, -45.0, 0.0]","[45.0, -0.0, -0.0]","[45.0, 0.0, 0.0]","[2, 2]"
2025-10-20 11:01:24,Motion_Completed,"[-0.0, -45.0, 0.0]","[45.0, -0.0, -0.0]","[45.0, 0.0, 0.0]","[2, 2]"
2025-10-20 11:01:24,Motion_Completed,"[-0.0, -45.0, 0.0]","[45.0, -0.0, -0.0]","[45.0, 0.0, 0.0]","[2, 2]"
2025-10-20 11:01:24,Motion_Completed,"[-0.0, -45.0, 0.0]","[45.0, -0.0, -0.0]","[45.0, 0.0, 0.0]","[2, 2]"
2025-10-20 11:01:24,Motion_Completed,"[-0.0, -45.0, 0.0]","[45.0, -0.0, -0.0]","[45.0, 0.0, 0.0]","[2, 2]"
2025-10-20 11:01:24,Motion_Completed,"[-0.0, -45.0, 0.0]","[45.0, -0.0, -0.0]","[45.0, 0.0, 0.0]","[2, 2]"
2025-10-20 11:01:24,Motion_Completed,"[-0.0, -45.0, 0.0]","[45.0, -0.0, -0.0]","[45.0, 0.0, 0.0]","[2, 2]"
2025-10-20 11:01:24,Motion_Completed,"[-0.0, -45.0, 0.0]","[45.0, -0.0, -0.0]","[45.0, 0.0, 0.0]","[2, 2]"
2025-10-20 11:01:24,Motion_Completed,"[-0.0, -45.0, 0.0]","[45.0, -0.0, -0.0]","[45.0, 0.0, 0.0]","[2, 2]"
2025-10-20 11:01:24,Motion_Completed,"[-0.0, -45.0, 0.0]","[45.0, -0.0, -0.0]","[45.0, 0.0, 0.0]","[2, 2]"
2025-10-20 11:01:24,Motion_Completed,"[-0.0, -45.0, 0.0]","[45.0, -0.0, -0.0]","[45.0, 0.0, 0.0]","[2, 2]"
2025-10-20 11:01:24,Motion_Completed,"[-0.0, -45.0, 0.0]","[45.0, -0.0, -0.0]","[45.0, 0.0, 0.0]","[2, 2]"
2025-10-20 11:01:24,Motion_Completed,"[-0.0, -45.0, 0.0]","[45.0, -0.0, -0.0]","[45.0, 0.0, 0.0]","[2, 2]"
2025-10-20 11:01:24,Motion_Completed,"[-0.0, -45.0, 0.0]","[45.0, -0.0, -0.0]","[45.0, 0.0, 0.0]","[2, 2]"
2025-10-20 11:01:24,Motion_Completed,"[-0.0, -45.0, 0.0]","[45.0, -0.0, -0.0]","[45.0, 0.0, 0.0]","[2, 2]"
2025-10-20 11:01:24,Motion_Completed,"[-0.0, -45.0, 0.0]","[45.0, -0.0, -0.0]","[45.0, 0.0, 0.0]","[2, 2]"
2025-10-20 11:01:24,Motion_Completed,"[-0.0, -45.0, 0.0]","[45.0, -0.0, -0.0]","[45.0, 0.0, 0.0]","[2, 2]"
2025-10-20 11:01:25,Motion_Completed,"[-0.0, -45.0, 0.0]","[45.0, -0.0, -0.0]","[45.0, 0.0, 0.0]","[2, 2]"
2025-10-20 11:01:25,Motion_Completed,"[-0.0, -45.0, 0.0]","[45.0, -0.0, -0.0]","[45.0, 0.0, 0.0]","[2, 2]"
2025-10-20 11:01:25,Motion_Completed,"[-0.0, -45.0, 0.0]","[45.0, -0.0, -0.0]","[45.0, 0.0, 0.0]","[2, 2]"
2025-10-20 11:01:25,Motion_Completed,"[-0.0, -45.0, 0.0]","[45.0, -0.0, -0.0]","[45.0, 0.0, 0.0]","[2, 2]"
2025-10-20 11:01:25,Motion_Completed,"[-0.0, -45.0, 0.0]","[45.0, -0.0, -0.0]","[45.0, 0.0, 0.0]","[2, 2]"
2025-10-20 11:01:25,Motion_Completed,"[-0.0, -45.0, 0.0]","[45.0, -0.0, -0.0]","[45.0, 0.0, 0.0]","[2, 2]"
2025-10-20 11:01:25,Motion_Completed,"[-0.0, -45.0, 0.0]","[45.0, -0.0, -0.0]","[45.0, 0.0, 0.0]","[2, 2]"
2025-10-20 11:01:25,Motion_Completed,"[-0.0, -45.0, 0.0]","[45.0, -0.0, -0.0]","[45.0, 0.0, 0.0]","[2, 2]"
2025-10-20 11:01:25,Motion_Completed,"[-0.0, -45.0, 0.0]","[45.0, -0.0, -0.0]","[45.0, 0.0, 0.0]","[2, 2]"
2025-10-20 11:01:25,Motion_Completed,"[-0.0, -45.0, 0.0]","[45.0, -0.0, -0.0]","[45.0, 0.0, 0.0]","[2, 2]"
2025-10-20 11:01:25,Motion_Completed,"[-0.0, -45.0, 0.0]","[45.0, -0.0, -0.0]","[45.0, 0.0, 0.0]","[2, 2]"
2025-10-20 11:01:25,Motion_Completed,"[-0.0, -45.0, 0.0]","[45.0, -0.0, -0.0]","[45.0, 0.0, 0.0]","[2, 2]"
2025-10-20 11:01:25,Motion_Completed,"[-0.0, -45.0, 0.0]","[45.0, -0.0, -0.0]","[45.0, 0.0, 0.0]","[2, 2]"
2025-10-20 11:01:25,Motion_Completed,"[-0.0, -45.0, 0.0]","[45.0, -0.0, -0.0]","[45.0, 0.0, 0.0]","[2, 2]"
2025-10-20 11:01:25,Motion_Completed,"[-0.0, -45.0, 0.0]","[45.0, -0.0, -0.0]","[45.0, 0.0, 0.0]","[2, 2]"
2025-10-20 11:01:25,Motion_Completed,"[-0.0, -45.0, 0.0]","[45.0, -0.0, -0.0]","[45.0, 0.0, 0.0]","[2, 2]"
2025-10-20 11:01:25,Motion_Completed,"[-0.0, -45.0, 0.0]","[45.0, -0.0, -0.0]","[45.0, 0.0, 0.0]","[2, 2]"
2025-10-20 11:01:25,Motion_Completed,"[-0.0, -45.0, 0.0]","[45.0, -0.0, -0.0]","[45.0, 0.0, 0.0]","[2, 2]"
2025-10-20 11:01:25,Motion_Completed,"[-0.0, -45.0, 0.0]","[45.0, -0.0, -0.0]","[45.0, 0.0, 0.0]","[2, 2]"
2025-10-20 11:01:25,Motion_Completed,"[-0.0, -45.0, 0.0]","[45.0, -0.0, -0.0]","[45.0, 0.0, 0.0]","[2, 2]"
2025-10-20 11:01:25,Motion_Completed,"[-0.0, -45.0, 0.0]","[45.0, -0.0, -0.0]","[45.0, 0.0, 0.0]","[2, 2]"
2025-10-20 11:01:25,Motion_Completed,"[-0.0, -45.0, 0.0]","[45.0, -0.0, -0.0]","[45.0, 0.0, 0.0]","[2, 2]"
2025-10-20 11:01:25,Motion_Completed,"[-0.0, -45.0, 0.0]","[45.0, -0.0, -0.0]","[45.0, 0.0, 0.0]","[2, 2]"
2025-10-20 11:01:25,Motion_Completed,"[-0.0, -45.0, 0.0]","[45.0, -0.0, -0.0]","[45.0, 0.0, 0.0]","[2, 2]"
2025-10-20 11:01:25,Motion_Completed,"[-0.0, -45.0, 0.0]","[45.0, -0.0, -0.0]","[45.0, 0.0, 0.0]","[2, 2]"
2025-10-20 11:01:26,Motion_Completed,"[-0.0, -45.0, 0.0]","[45.0, -0.0, -0.0]","[45.0, 0.0, 0.0]","[2, 2]"
2025-10-20 11:01:26,Motion_Completed,"[-0.0, -45.0, 0.0]","[45.0, -0.0, -0.0]","[45.0, 0.0, 0.0]","[2, 2]"
2025-10-20 11:01:26,Motion_Completed,"[-0.0, -45.0, 0.0]","[45.0, -0.0, -0.0]","[45.0, 0.0, 0.0]","[2, 2]"
2025-10-20 11:01:26,Motion_Completed,"[-0.0, -45.0, 0.0]","[45.0, -0.0, -0.0]","[45.0, 0.0, 0.0]","[2, 2]"
2025-10-20 11:01:26,Motion_Completed,"[-0.0, -45.0, 0.0]","[45.0, -0.0, -0.0]","[45.0, 0.0, 0.0]","[2, 2]"
2025-10-20 11:01:26,Motion_Completed,"[-0.0, -45.0, 0.0]","[45.0, -0.0, -0.0]","[45.0, 0.0, 0.0]","[2, 2]"
2025-10-20 11:01:26,Motion_Completed,"[-0.0, -45.0, 0.0]","[45.0, -0.0, -0.0]","[45.0, 0.0, 0.0]","[2, 2]"
2025-10-20 11:01:26,Motion_Completed,"[-0.0, -45.0, 0.0]","[45.0, -0.0, -0.0]","[45.0, 0.0, 0.0]","[2, 2]"
2025-10-20 11:01:26,Motion_Completed,"[-0.0, -45.0, 0.0]","[45.0, -0.0, -0.0]","[45.0, 0.0, 0.0]","[2, 2]"
2025-10-20 11:01:26,Motion_Completed,"[-0.0, -45.0, 0.0]","[45.0, -0.0, -0.0]","[45.0, 0.0, 0.0]","[2, 2]"
2025-10-20 11:01:26,Motion_Completed,"[-0.0, -45.0, 0.0]","[45.0, -0.0, -0.0]","[45.0, 0.0, 0.0]","[2, 2]"
2025-10-20 11:01:26,Motion_Completed,"[-0.0, -45.0, 0.0]","[45.0, -0.0, -0.0]","[45.0, 0.0, 0.0]","[2, 2]"
2025-10-20 11:01:26,Motion_Completed,"[-0.0, -45.0, 0.0]","[45.0, -0.0, -0.0]","[45.0, 0.0, 0.0]","[2, 2]"
2025-10-20 11:01:26,Motion_Completed,"[-0.0, -45.0, 0.0]","[45.0, -0.0, -0.0]","[45.0, 0.0, 0.0]","[2, 2]"
2025-10-20 11:01:26,Motion_Completed,"[-0.0, -45.0, 0.0]","[45.0, -0.0, -0.0]","[45.0, 0.0, 0.0]","[2, 2]"
2025-10-20 11:01:26,Motion_Completed,"[-0.0, -45.0, 0.0]","[45.0, -0.0, -0.0]","[45.0, 0.0, 0.0]","[2, 2]"
2025-10-20 11:01:26,Motion_Completed,"[-0.0, -45.0, 0.0]","[45.0, -0.0, -0.0]","[45.0, 0.0, 0.0]","[2, 2]"
2025-10-20 11:01:26,Motion_Completed,"[-0.0, -45.0, 0.0]","[45.0, -0.0, -0.0]","[45.0, 0.0, 0.0]","[2, 2]"
2025-10-20 11:01:26,Motion_Completed,"[-0.0, -45.0, 0.0]","[45.0, -0.0, -0.0]","[45.0, 0.0, 0.0]","[2, 2]"
2025-10-20 11:01:26,Motion_Completed,"[-0.0, -45.0, 0.0]","[45.0, -0.0, -0.0]","[45.0, 0.0, 0.0]","[2, 2]"
2025-10-20 11:01:26,Motion_Completed,"[-0.0, -45.0, 0.0]","[45.0, -0.0, -0.0]","[45.0, 0.0, 0.0]","[2, 2]"
2025-10-20 11:01:26,Motion_Completed,"[-0.0, -45.0, 0.0]","[45.0, -0.0, -0.0]","[45.0, 0.0, 0.0]","[2, 2]"
2025-10-20 11:01:26,Motion_Completed,"[-0.0, -45.0, 0.0]","[45.0, -0.0, -0.0]","[45.0, 0.0, 0.0]","[2, 2]"
2025-10-20 11:01:26,Motion_Completed,"[-0.0, -45.0, 0.0]","[45.0, -0.0, -0.0]","[45.0, 0.0, 0.0]","[2, 2]"
2025-10-20 11:01:26,Motion_Completed,"[-0.0, -45.0, 0.0]","[45.0, -0.0, -0.0]","[45.0, 0.0, 0.0]","[2, 2]"
2025-10-20 11:01:27,Motion_Completed,"[-0.0, -45.0, 0.0]","[45.0, -0.0, -0.0]","[45.0, 0.0, 0.0]","[2, 2]"
2025-10-20 11:01:27,Motion_Completed,"[-0.0, -45.0, 0.0]","[45.0, -0.0, -0.0]","[45.0, 0.0, 0.0]","[2, 2]"
2025-10-20 11:01:27,Motion_Completed,"[-0.0, -45.0, 0.0]","[45.0, -0.0, -0.0]","[45.0, 0.0, 0.0]","[2, 2]"
2025-10-20 11:01:27,Motion_Completed,"[-0.0, -45.0, 0.0]","[45.0, -0.0, -0.0]","[45.0, 0.0, 0.0]","[2, 2]"
2025-10-20 11:01:27,Motion_Completed,"[-0.0, -45.0, 0.0]","[45.0, -0.0, -0.0]","[45.0, 0.0, 0.0]","[2, 2]"
2025-10-20 11:01:27,Motion_Completed,"[-0.0, -45.0, 0.0]","[45.0, -0.0, -0.0]","[45.0, 0.0, 0.0]","[2, 2]"
2025-10-20 11:01:27,Motion_Completed,"[-0.0, -45.0, 0.0]","[45.0, -0.0, -0.0]","[45.0, 0.0, 0.0]","[2, 2]"
2025-10-20 11:01:27,Motion_Completed,"[-0.0, -45.0, 0.0]","[45.0, -0.0, -0.0]","[45.0, 0.0, 0.0]","[2, 2]"
2025-10-20 11:01:27,Motion_Completed,"[-0.0, -45.0, 0.0]","[45.0, -0.0, -0.0]","[45.0, 0.0, 0.0]","[2, 2]"
2025-10-20 11:01:27,Motion_Completed,"[-0.0, -45.0, 0.0]","[45.0, -0.0, -0.0]","[45.0, 0.0, 0.0]","[2, 2]"
2025-10-20 11:01:27,Motion_Completed,"[-0.0, -45.0, 0.0]","[45.0, -0.0, -0.0]","[45.0, 0.0, 0.0]","[2, 2]"
2025-10-20 11:01:27,Motion_Completed,"[-0.0, -45.0, 0.0]","[45.0, -0.0, -0.0]","[45.0, 0.0, 0.0]","[2, 2]"
2025-10-20 11:01:27,Motion_Completed,"[-0.0, -45.0, 0.0]","[45.0, -0.0, -0.0]","[45.0, 0.0, 0.0]","[2, 2]"
2025-10-20 11:01:27,Motion_Completed,"[-0.0, -45.0, 0.0]","[45.0, -0.0, -0.0]","[45.0, 0.0, 0.0]","[2, 2]"
2025-10-20 11:01:27,Motion_Completed,"[-0.0, -45.0, 0.0]","[45.0, -0.0, -0.0]","[45.0, 0.0, 0.0]","[2, 2]"
2025-10-20 11:01:27,Motion_Completed,"[-0.0, -45.0, 0.0]","[45.0, -0.0, -0.0]","[45.0, 0.0, 0.0]","[2, 2]"
2025-10-20 11:01:27,Motion_Completed,"[-0.0, -45.0, 0.0]","[45.0, -0.0, -0.0]","[45.0, 0.0, 0.0]","[2, 2]"
2025-10-20 11:01:27,Motion_Completed,"[-0.0, -45.0, 0.0]","[45.0, -0.0, -0.0]","[45.0, 0.0, 0.0]","[2, 2]"
2025-10-20 11:01:27,Motion_Completed,"[-0.0, -45.0, 0.0]","[45.0, -0.0, -0.0]","[45.0, 0.0, 0.0]","[2, 2]"
2025-10-20 11:01:27,Motion_Completed,"[-0.0, -45.0, 0.0]","[45.0, -0.0, -0.0]","[45.0, 0.0, 0.0]","[2, 2]"
2025-10-20 11:01:27,Motion_Completed,"[-0.0, -45.0, 0.0]","[45.0, -0.0, -0.0]","[45.0, 0.0, 0.0]","[2, 2]"
2025-10-20 11:01:27,Motion_Completed,"[-0.0, -45.0, 0.0]","[45.0, -0.0, -0.0]","[45.0, 0.0, 0.0]","[2, 2]"
2025-10-20 11:01:27,Motion_Completed,"[-0.0, -45.0, 0.0]","[45.0, -0.0, -0.0]","[45.0, 0.0, 0.0]","[2, 2]"
2025-10-20 11:01:27,Motion_Completed,"[-0.0, -45.0, 0.0]","[45.0, -0.0, -0.0]","[45.0, 0.0, 0.0]","[2, 2]"
2025-10-20 11:01:27,Motion_Completed,"[-0.0, -45.0, 0.0]","[45.0, -0.0, -0.0]","[45.0, 0.0, 0.0]","[2, 2]"
2025-10-20 11:01:28,Motion_Completed,"[-0.0, -45.0, 0.0]","[45.0, -0.0, -0.0]","[45.0, 0.0, 0.0]","[2, 2]"
2025-10-20 11:01:28,Motion_Completed,"[-0.0, -45.0, 0.0]","[45.0, -0.0, -0.0]","[45.0, 0.0, 0.0]","[2, 2]"
2025-10-20 11:01:28,Motion_Completed,"[-0.0, -45.0, 0.0]","[45.0, -0.0, -0.0]","[45.0, 0.0, 0.0]","[2, 2]"
2025-10-20 11:01:28,Motion_Completed,"[-0.0, -45.0, 0.0]","[45.0, -0.0, -0.0]","[45.0, 0.0, 0.0]","[2, 2]"
2025-10-20 11:01:28,Motion_Completed,"[-0.0, -45.0, 0.0]","[45.0, -0.0, -0.0]","[45.0, 0.0, 0.0]","[2, 2]"
2025-10-20 11:01:28,Motion_Completed,"[-0.0, -45.0, 0.0]","[45.0, -0.0, -0.0]","[45.0, 0.0, 0.0]","[2, 2]"
2025-10-20 11:01:28,Motion_Completed,"[-0.0, -45.0, 0.0]","[45.0, -0.0, -0.0]","[45.0, 0.0, 0.0]","[2, 2]"
2025-10-20 11:01:28,Motion_Completed,"[-0.0, -45.0, 0.0]","[45.0, -0.0, -0.0]","[45.0, 0.0, 0.0]","[2, 2]"
2025-10-20 11:01:28,Motion_Completed,"[-0.0, -45.0, 0.0]","[45.0, -0.0, -0.0]","[45.0, 0.0, 0.0]","[2, 2]"
2025-10-20 11:01:28,Motion_Completed,"[-0.0, -45.0, 0.0]","[45.0, -0.0, -0.0]","[45.0, 0.0, 0.0]","[2, 2]"
2025-10-20 11:01:28,Motion_Completed,"[-0.0, -45.0, 0.0]","[45.0, -0.0, -0.0]","[45.0, 0.0, 0.0]","[2, 2]"
2025-10-20 11:01:28,Motion_Completed,"[-0.0, -45.0, 0.0]","[45.0, -0.0, -0.0]","[45.0, 0.0, 0.0]","[2, 2]"
2025-10-20 11:01:28,Motion_Completed,"[-0.0, -45.0, 0.0]","[45.0, -0.0, -0.0]","[45.0, 0.0, 0.0]","[2, 2]"
2025-10-20 11:01:28,Motion_Completed,"[-0.0, -45.0, 0.0]","[45.0, -0.0, -0.0]","[45.0, 0.0, 0.0]","[2, 2]"
2025-10-20 11:01:28,Motion_Completed,"[-0.0, -45.0, 0.0]","[45.0, -0.0, -0.0]","[45.0, 0.0, 0.0]","[2, 2]"
2025-10-20 11:01:28,Motion_Completed,"[-0.0, -45.0, 0.0]","[45.0, -0.0, -0.0]","[45.0, 0.0, 0.0]","[2, 2]"
2025-10-20 11:01:28,Motion_Completed,"[-0.0, -45.0, 0.0]","[45.0, -0.0, -0.0]","[45.0, 0.0, 0.0]","[2, 2]"
2025-10-20 11:01:28,Motion_Completed,"[-0.0, -45.0, 0.0]","[45.0, -0.0, -0.0]","[45.0, 0.0, 0.0]","[2, 2]"
2025-10-20 11:01:28,Motion_Completed,"[-0.0, -45.0, 0.0]","[45.0, -0.0, -0.0]","[45.0, 0.0, 0.0]","[2, 2]"
2025-10-20 11:01:28,Motion_Completed,"[-0.0, -45.0, 0.0]","[45.0, -0.0, -0.0]","[45.0, 0.0, 0.0]","[2, 2]"
2025-10-20 11:01:28,Motion_Completed,"[-0.0, -45.0, 0.0]","[45.0, -0.0, -0.0]","[45.0, 0.0, 0.0]","[2, 2]"
2025-10-20 11:01:28,Motion_Completed,"[-0.0, -45.0, 0.0]","[45.0, -0.0, -0.0]","[45.0, 0.0, 0.0]","[2, 2]"
2025-10-20 11:01:28,Motion_Completed,"[-0.0, -45.0, 0.0]","[45.0, -0.0, -0.0]","[45.0, 0.0, 0.0]","[2, 2]"
2025-10-20 11:01:28,Motion_Completed,"[-0.0, -45.0, 0.0]","[45.0, -0.0, -0.0]","[45.0, 0.0, 0.0]","[2, 2]"
2025-10-20 11:01:28,Motion_Completed,"[-0.0, -45.0, 0.0]","[45.0, -0.0, -0.0]","[45.0, 0.0, 0.0]","[2, 2]"
2025-10-20 11:01:29,Motion_Completed,"[-0.0, -45.0, 0.0]","[45.0, -0.0, -0.0]","[45.0, 0.0, 0.0]","[2, 2]"
2025-10-20 11:01:29,Motion_Completed,"[-0.0, -45.0, 0.0]","[45.0, -0.0, -0.0]","[45.0, 0.0, 0.0]","[2, 2]"
2025-10-20 11:01:29,Motion_Completed,"[-0.0, -45.0, 0.0]","[45.0, -0.0, -0.0]","[45.0, 0.0, 0.0]","[2, 2]"
2025-10-20 11:01:29,Motion_Completed,"[-0.0, -45.0, 0.0]","[45.0, -0.0, -0.0]","[45.0, 0.0, 0.0]","[2, 2]"
2025-10-20 11:01:29,Motion_Completed,"[-0.0, -45.0, 0.0]","[45.0, -0.0, -0.0]","[45.0, 0.0, 0.0]","[2, 2]"
2025-10-20 11:01:29,Motion_Completed,"[-0.0, -45.0, 0.0]","[45.0, -0.0, -0.0]","[45.0, 0.0, 0.0]","[2, 2]"
2025-10-20 11:01:29,Motion_Completed,"[-0.0, -45.0, 0.0]","[45.0, -0.0, -0.0]","[45.0, 0.0, 0.0]","[2, 2]"
2025-10-20 11:01:29,Motion_Completed,"[-0.0, -45.0, 0.0]","[45.0, -0.0, -0.0]","[45.0, 0.0, 0.0]","[2, 2]"
2025-10-20 11:01:29,Motion_Completed,"[-0.0, -45.0, 0.0]","[45.0, -0.0, -0.0]","[45.0, 0.0, 0.0]","[2, 2]"
2025-10-20 11:01:29,Motion_Completed,"[-0.0, -45.0, 0.0]","[45.0, -0.0, -0.0]","[45.0, 0.0, 0.0]","[2, 2]"
2025-10-20 11:01:29,Motion_Completed,"[-0.0, -45.0, 0.0]","[45.0, -0.0, -0.0]","[45.0, 0.0, 0.0]","[2, 2]"
2025-10-20 11:01:29,Motion_Completed,"[-0.0, -45.0, 0.0]","[45.0, -0.0, -0.0]","[45.0, 0.0, 0.0]","[2, 2]"
2025-10-20 11:01:29,Motion_Completed,"[-0.0, -45.0, 0.0]","[45.0, -0.0, -0.0]","[45.0, 0.0, 0.0]","[2, 2]"
2025-10-20 11:01:29,Motion_Completed,"[-0.0, -45.0, 0.0]","[45.0, -0.0, -0.0]","[45.0, 0.0, 0.0]","[2, 2]"
2025-10-20 11:01:29,Motion_Completed,"[-0.0, -45.0, 0.0]","[45.0, -0.0, -0.0]","[45.0, 0.0, 0.0]","[2, 2]"
2025-10-20 11:01:29,Motion_Completed,"[-0.0, -45.0, 0.0]","[45.0, -0.0, -0.0]","[45.0, 0.0, 0.0]","[2, 2]"
2025-10-20 11:01:29,Motion_Completed,"[-0.0, -45.0, 0.0]","[45.0, -0.0, -0.0]","[45.0, 0.0, 0.0]","[2, 2]"
2025-10-20 11:01:29,Motion_Completed,"[-0.0, -45.0, 0.0]","[45.0, -0.0, -0.0]","[45.0, 0.0, 0.0]","[2, 2]"
2025-10-20 11:01:29,Motion_Completed,"[-0.0, -45.0, 0.0]","[45.0, -0.0, -0.0]","[45.0, 0.0, 0.0]","[2, 2]"
2025-10-20 11:01:29,Motion_Completed,"[-0.0, -45.0, 0.0]","[45.0, -0.0, -0.0]","[45.0, 0.0, 0.0]","[2, 2]"
2025-10-20 11:01:29,Motion_Completed,"[-0.0, -45.0, 0.0]","[45.0, -0.0, -0.0]","[45.0, 0.0, 0.0]","[2, 2]"
2025-10-20 11:01:29,Motion_Completed,"[-0.0, -45.0, 0.0]","[45.0, -0.0, -0.0]","[45.0, 0.0, 0.0]","[2, 2]"
2025-10-20 11:01:29,Motion_Completed,"[-0.0, -45.0, 0.0]","[45.0, -0.0, -0.0]","[45.0, 0.0, 0.0]","[2, 2]"
2025-10-20 11:01:29,Motion_Completed,"[-0.0, -45.0, 0.0]","[45.0, -0.0, -0.0]","[45.0, 0.0, 0.0]","[2, 2]"
2025-10-20 11:01:29,Motion_Completed,"[-0.0, -45.0, 0.0]","[45.0, -0.0, -0.0]","[45.0, 0.0, 0.0]","[2, 2]"
2025-10-20 11:01:30,Motion_Completed,"[-0.0, -45.0, 0.0]","[45.0, -0.0, -0.0]","[45.0, 0.0, 0.0]","[2, 2]"
2025-10-20 11:01:30,Motion_Completed,"[-0.0, -45.0, 0.0]","[45.0, -0.0, -0.0]","[45.0, 0.0, 0.0]","[2, 2]"
2025-10-20 11:01:30,Motion_Completed,"[-0.0, -45.0, 0.0]","[45.0, -0.0, -0.0]","[45.0, 0.0, 0.0]","[2, 2]"
2025-10-20 11:01:30,Motion_Completed,"[-0.0, -45.0, 0.0]","[45.0, -0.0, -0.0]","[45.0, 0.0, 0.0]","[2, 2]"
2025-10-20 11:01:30,Motion_Completed,"[-0.0, -45.0, 0.0]","[45.0, -0.0, -0.0]","[45.0, 0.0, 0.0]","[2, 2]"
2025-10-20 11:01:30,Motion_Completed,"[-0.0, -45.0, 0.0]","[45.0, -0.0, -0.0]","[45.0, 0.0, 0.0]","[2, 2]"
2025-10-20 11:01:30,Motion_Completed,"[-0.0, -45.0, 0.0]","[45.0, -0.0, -0.0]","[45.0, 0.0, 0.0]","[2, 2]"
2025-10-20 11:01:30,Motion_Completed,"[-0.0, -45.0, 0.0]","[45.0, -0.0, -0.0]","[45.0, 0.0, 0.0]","[2, 2]"
2025-10-20 11:01:30,Motion_Completed,"[-0.0, -45.0, 0.0]","[45.0, -0.0, -0.0]","[45.0, 0.0, 0.0]","[2, 2]"
2025-10-20 11:01:30,Motion_Completed,"[-0.0, -45.0, 0.0]","[45.0, -0.0, -0.0]","[45.0, 0.0, 0.0]","[2, 2]"
2025-10-20 11:01:30,Motion_Completed,"[-0.0, -45.0, 0.0]","[45.0, -0.0, -0.0]","[45.0, 0.0, 0.0]","[2, 2]"
2025-10-20 11:01:30,Motion_Completed,"[-0.0, -45.0, 0.0]","[45.0, -0.0, -0.0]","[45.0, 0.0, 0.0]","[2, 2]"
2025-10-20 11:01:30,Motion_Completed,"[-0.0, -45.0, 0.0]","[45.0, -0.0, -0.0]","[45.0, 0.0, 0.0]","[2, 2]"
2025-10-20 11:01:30,Motion_Completed,"[-0.0, -45.0, 0.0]","[45.0, -0.0, -0.0]","[45.0, 0.0, 0.0]","[2, 2]"
2025-10-20 11:01:30,Motion_Completed,"[-0.0, -45.0, 0.0]","[45.0, -0.0, -0.0]","[45.0, 0.0, 0.0]","[2, 2]"
2025-10-20 11:01:30,Motion_Completed,"[-0.0, -45.0, 0.0]","[45.0, -0.0, -0.0]","[45.0, 0.0, 0.0]","[2, 2]"
2025-10-20 11:01:30,Motion_Completed,"[-0.0, -45.0, 0.0]","[45.0, -0.0, -0.0]","[45.0, 0.0, 0.0]","[2, 2]"
2025-10-20 11:01:30,Motion_Completed,"[-0.0, -45.0, 0.0]","[45.0, -0.0, -0.0]","[45.0, 0.0, 0.0]","[2, 2]"
2025-10-20 11:01:30,Motion_Completed,"[-0.0, -45.0, 0.0]","[45.0, -0.0, -0.0]","[45.0, 0.0, 0.0]","[2, 2]"
2025-10-20 11:01:30,Motion_Completed,"[-0.0, -45.0, 0.0]","[45.0, -0.0, -0.0]","[45.0, 0.0, 0.0]","[2, 2]"
2025-10-20 11:01:30,Motion_Completed,"[-0.0, -45.0, 0.0]","[45.0, -0.0, -0.0]","[45.0, 0.0, 0.0]","[2, 2]"
2025-10-20 11:01:30,Motion_Completed,"[-0.0, -45.0, 0.0]","[45.0, -0.0, -0.0]","[45.0, 0.0, 0.0]","[2, 2]"
2025-10-20 11:01:30,Motion_Completed,"[-0.0, -45.0, 0.0]","[45.0, -0.0, -0.0]","[45.0, 0.0, 0.0]","[2, 2]"
2025-10-20 11:01:30,Motion_Completed,"[-0.0, -45.0, 0.0]","[45.0, -0.0, -0.0]","[45.0, 0.0, 0.0]","[2, 2]"
2025-10-20 11:01:30,Motion_Completed,"[-0.0, -45.0, 0.0]","[45.0, -0.0, -0.0]","[45.0, 0.0, 0.0]","[2, 2]"
2025-10-20 11:01:31,Motion_Completed,"[-0.0, -45.0, 0.0]","[45.0, -0.0, -0.0]","[45.0, 0.0, 0.0]","[2, 2]"
2025-10-20 11:01:31,Motion_Completed,"[-0.0, -45.0, 0.0]","[45.0, -0.0, -0.0]","[45.0, 0.0, 0.0]","[2, 2]"
2025-10-20 11:01:31,Motion_Completed,"[-0.0, -45.0, 0.0]","[45.0, -0.0, -0.0]","[45.0, 0.0, 0.0]","[2, 2]"
2025-10-20 11:01:31,Motion_Completed,"[-0.0, -45.0, 0.0]","[45.0, -0.0, -0.0]","[45.0, 0.0, 0.0]","[2, 2]"
2025-10-20 11:01:31,Motion_Completed,"[-0.0, -45.0, 0.0]","[45.0, -0.0, -0.0]","[45.0, 0.0, 0.0]","[2, 2]"
2025-10-20 11:01:31,Motion_Completed,"[-0.0, -45.0, 0.0]","[45.0, -0.0, -0.0]","[45.0, 0.0, 0.0]","[2, 2]"
2025-10-20 11:01:31,Motion_Completed,"[-0.0, -45.0, 0.0]","[45.0, -0.0, -0.0]","[45.0, 0.0, 0.0]","[2, 2]"
2025-10-20 11:01:31,Motion_Completed,"[-0.0, -45.0, 0.0]","[45.0, -0.0, -0.0]","[45.0, 0.0, 0.0]","[2, 2]"
2025-10-20 11:01:31,Motion_Completed,"[-0.0, -45.0, 0.0]","[45.0, -0.0, -0.0]","[45.0, 0.0, 0.0]","[2, 2]"
2025-10-20 11:01:31,Motion_Completed,"[-0.0, -45.0, 0.0]","[45.0, -0.0, -0.0]","[45.0, 0.0, 0.0]","[2, 2]"
2025-10-20 11:01:31,Motion_Completed,"[-0.0, -45.0, 0.0]","[45.0, -0.0, -0.0]","[45.0, 0.0, 0.0]","[2, 2]"
2025-10-20 11:01:31,Motion_Completed,"[-0.0, -45.0, 0.0]","[45.0, -0.0, -0.0]","[45.0, 0.0, 0.0]","[2, 2]"
2025-10-20 11:01:31,Motion_Completed,"[-0.0, -45.0, 0.0]","[45.0, -0.0, -0.0]","[45.0, 0.0, 0.0]","[2, 2]"
2025-10-20 11:01:31,Motion_Completed,"[-0.0, -45.0, 0.0]","[45.0, -0.0, -0.0]","[45.0, 0.0, 0.0]","[2, 2]"
2025-10-20 11:01:31,Motion_Completed,"[-0.0, -45.0, 0.0]","[45.0, -0.0, -0.0]","[45.0, 0.0, 0.0]","[2, 2]"
2025-10-20 11:01:31,Motion_Completed,"[-0.0, -45.0, 0.0]","[45.0, -0.0, -0.0]","[45.0, 0.0, 0.0]","[2, 2]"
2025-10-20 11:01:31,Motion_Completed,"[-0.0, -45.0, 0.0]","[45.0, -0.0, -0.0]","[45.0, 0.0, 0.0]","[2, 2]"
2025-10-20 11:01:31,Motion_Completed,"[-0.0, -45.0, 0.0]","[45.0, -0.0, -0.0]","[45.0, 0.0, 0.0]","[2, 2]"
2025-10-20 11:01:31,Motion_Completed,"[-0.0, -45.0, 0.0]","[45.0, -0.0, -0.0]","[45.0, 0.0, 0.0]","[2, 2]"
2025-10-20 11:01:31,Motion_Completed,"[-0.0, -45.0, 0.0]","[45.0, -0.0, -0.0]","[45.0, 0.0, 0.0]","[2, 2]"
2025-10-20 11:01:31,Motion_Completed,"[-0.0, -45.0, 0.0]","[45.0, -0.0, -0.0]","[45.0, 0.0, 0.0]","[2, 2]"
2025-10-20 11:01:31,Motion_Completed,"[-0.0, -45.0, 0.0]","[45.0, -0.0, -0.0]","[45.0, 0.0, 0.0]","[2, 2]"
2025-10-20 11:01:31,Motion_Completed,"[-0.0, -45.0, 0.0]","[45.0, -0.0, -0.0]","[45.0, 0.0, 0.0]","[2, 2]"
2025-10-20 11:01:31,Motion_Completed,"[-0.0, -45.0, 0.0]","[45.0, -0.0, -0.0]","[45.0, 0.0, 0.0]","[2, 2]"
2025-10-20 11:01:31,Motion_Completed,"[-0.0, -45.0, 0.0]","[45.0, -0.0, -0.0]","[45.0, 0.0, 0.0]","[2, 2]"
2025-10-20 11:01:32,Motion_Completed,"[-0.0, -45.0, 0.0]","[45.0, -0.0, -0.0]","[45.0, 0.0, 0.0]","[2, 2]"
2025-10-20 11:01:32,Motion_Completed,"[-0.0, -45.0, 0.0]","[45.0, -0.0, -0.0]","[45.0, 0.0, 0.0]","[2, 2]"
2025-10-20 11:01:32,Motion_Completed,"[-0.0, -45.0, 0.0]","[45.0, -0.0, -0.0]","[45.0, 0.0, 0.0]","[2, 2]"
2025-10-20 11:01:32,Motion_Completed,"[-0.0, -45.0, 0.0]","[45.0, -0.0, -0.0]","[45.0, 0.0, 0.0]","[2, 2]"
2025-10-20 11:01:32,Motion_Completed,"[-0.0, -45.0, 0.0]","[45.0, -0.0, -0.0]","[45.0, 0.0, 0.0]","[2, 2]"
2025-10-20 11:01:32,Motion_Completed,"[-0.0, -45.0, 0.0]","[45.0, -0.0, -0.0]","[45.0, 0.0, 0.0]","[2, 2]"
2025-10-20 11:01:32,Motion_Completed,"[-0.0, -45.0, 0.0]","[45.0, -0.0, -0.0]","[45.0, 0.0, 0.0]","[2, 2]"
2025-10-20 11:01:32,Motion_Completed,"[-0.0, -45.0, 0.0]","[45.0, -0.0, -0.0]","[45.0, 0.0, 0.0]","[2, 2]"
2025-10-20 11:01:32,Motion_Completed,"[-0.0, -45.0, 0.0]","[45.0, -0.0, -0.0]","[45.0, 0.0, 0.0]","[2, 2]"
